image,has_span,n_gt_rows,n_gt_cols,n_gt_spans,row_mean_iou,row_recall,row_precision,row_f1,col_mean_iou,col_recall,col_precision,col_f1,span_mean_iou,span_recall,span_precision,span_f1,cell_mean_iou,cell_recall,cell_precision,cell_f1,span_cell_mean_iou,span_cell_recall,span_cell_f1,nonspan_cell_mean_iou,nonspan_cell_recall,nonspan_cell_f1,n_gt_cells,n_pred_cells
PMC1087493_table_2,False,7,4,0,0.9419941135815212,1.0,1.0,1.0,0.9759356677532196,1.0,1.0,1.0,0.0,1.0,1.0,1.0,0.9352391638926097,1.0,1.0,1.0,0.0,0.0,0.0,0.9352391638926097,1.0,1.0,28,28
PMC1199598_table_2,False,7,4,0,0.9109145743506295,1.0,1.0,1.0,0.9628012180328369,1.0,1.0,1.0,0.0,1.0,1.0,1.0,0.8879378374133792,1.0,1.0,1.0,0.0,0.0,0.0,0.8879378374133792,1.0,1.0,28,28
PMC1459153_table_2,False,9,13,0,0.8020692070325216,1.0,0.9,0.9473684210526316,0.859209459561568,1.0,1.0,1.0,0.0,1.0,1.0,1.0,0.7028030050106537,0.9230769230769231,0.8307692307692308,0.8744939271255062,0.0,0.0,0.0,0.7028030050106537,0.9230769230769231,0.8744939271255062,117,130
PMC1526722_table_3,False,11,4,0,0.9605619961565192,1.0,1.0,1.0,0.9726427346467972,1.0,1.0,1.0,0.0,1.0,1.0,1.0,0.9548449556935917,1.0,1.0,1.0,0.0,0.0,0.0,0.9548449556935917,1.0,1.0,44,44
PMC1574349_table_2,True,10,5,4,0.9284880518913269,1.0,1.0,1.0,0.9654244661331177,1.0,1.0,1.0,0.9622288197278976,1.0,1.0,1.0,0.9006653557653013,1.0,1.0,1.0,0.9622288197278976,1.0,1.0,0.8948021687212444,1.0,1.0,46,46
PMC1716159_table_2,True,8,8,4,0.9716751351952553,1.0,1.0,1.0,0.9336853176355362,1.0,1.0,1.0,0.6653004288673401,0.75,1.0,0.8571428571428571,0.9184145456866214,1.0,1.0,1.0,0.8022715002298355,1.0,1.0,0.9271800585512845,1.0,1.0,57,57
PMC1894800_table_1,False,14,2,0,0.8639540416853768,1.0,0.9333333333333333,0.9655172413793104,0.9828485250473022,1.0,1.0,1.0,0.0,1.0,1.0,1.0,0.8654057915721621,1.0,0.9333333333333333,0.9655172413793104,0.0,0.0,0.0,0.8654057915721621,1.0,0.9655172413793104,28,30
PMC1978541_table_1,False,9,7,0,0.7873857087559171,0.8888888888888888,1.0,0.9411764705882353,0.9692229202815464,1.0,1.0,1.0,0.0,1.0,1.0,1.0,0.7694800562328763,0.8888888888888888,1.0,0.9411764705882353,0.0,0.0,0.0,0.7694800562328763,0.8888888888888888,0.9411764705882353,63,56
PMC1991593_table_1,True,17,7,4,0.9291016880203696,1.0,1.0,1.0,0.9560716322490147,1.0,1.0,1.0,0.6440650075674057,0.75,1.0,0.8571428571428571,0.9055279054279838,0.9910714285714286,0.9823008849557522,0.9866666666666667,0.7673888429999352,0.75,0.75,0.910644166999393,1.0,1.0,112,113
PMC2198944_table_0,False,11,4,0,0.9619101285934448,1.0,1.0,1.0,0.977299153804779,1.0,1.0,1.0,0.0,1.0,1.0,1.0,0.9549816359173168,1.0,1.0,1.0,0.0,0.0,0.0,0.9549816359173168,1.0,1.0,44,44
PMC2217513_table_2,False,5,7,0,0.9470908522605896,1.0,1.0,1.0,0.9613929986953735,1.0,1.0,1.0,0.0,1.0,1.0,1.0,0.9319013289042881,1.0,1.0,1.0,0.0,0.0,0.0,0.9319013289042881,1.0,1.0,35,35
PMC2222642_table_2,True,49,8,2,0.6537362294537681,0.6938775510204082,0.6181818181818182,0.6538461538461539,0.9596259221434593,1.0,1.0,1.0,0.4999181628227234,0.5,0.3333333333333333,0.4,0.6474105517585557,0.6857142857142857,0.6,0.64,0.4400100111961365,0.5,0.5,0.6484935833019625,0.6866840731070496,0.6414634146341464,385,440
PMC2364615_table_2,False,12,7,0,0.9279641856749853,1.0,1.0,1.0,0.9495402659688678,1.0,1.0,1.0,0.0,1.0,1.0,1.0,0.8968681941429774,1.0,1.0,1.0,0.0,0.0,0.0,0.8968681941429774,1.0,1.0,84,84
PMC2375039_table_3,True,7,11,4,0.8710512348583767,1.0,1.0,1.0,0.9106458154591647,1.0,1.0,1.0,0.8844262212514877,1.0,1.0,1.0,0.8180324222360339,1.0,1.0,1.0,0.8844262212514877,1.0,1.0,0.8140085556290366,1.0,1.0,70,70
PMC2429899_table_2,True,3,8,4,0.5291419823964437,0.6666666666666666,1.0,0.8,0.9574744924902916,1.0,1.0,1.0,0.8078487068414688,1.0,0.8,0.888888888888889,0.37696513533592224,0.5555555555555556,0.9090909090909091,0.6896551724137931,0.8078487068414688,1.0,1.3333333333333333,0.25385554347719463,0.42857142857142855,0.5454545454545454,18,11
PMC2442060_table_1,True,13,10,2,0.922181134040539,1.0,1.0,1.0,0.8701816320419311,1.0,1.0,1.0,0.9289920628070831,1.0,1.0,1.0,0.8276884358776503,1.0,1.0,1.0,0.9289920628070831,1.0,1.0,0.8259858539124497,1.0,1.0,121,121
PMC2529315_table_0,False,23,5,0,0.7741161066552867,0.9565217391304348,1.0,0.9777777777777777,0.9711283564567565,1.0,1.0,1.0,0.0,1.0,1.0,1.0,0.7582787119823954,0.9565217391304348,1.0,0.9777777777777777,0.0,0.0,0.0,0.7582787119823954,0.9565217391304348,0.9777777777777777,115,110
PMC2628669_table_0,False,16,5,0,0.8569080270826817,1.0,1.0,1.0,0.9762165546417236,1.0,1.0,1.0,0.0,1.0,1.0,1.0,0.8451496541500092,1.0,1.0,1.0,0.0,0.0,0.0,0.8451496541500092,1.0,1.0,80,80
PMC2630331_table_0,False,14,2,0,0.9509020575455257,1.0,1.0,1.0,0.967958003282547,1.0,1.0,1.0,0.0,1.0,1.0,1.0,0.9302520219768796,1.0,1.0,1.0,0.0,0.0,0.0,0.9302520219768796,1.0,1.0,28,28
PMC2636750_table_1,False,9,9,0,0.7025062905417548,0.7777777777777778,0.875,0.823529411764706,0.9380397068129646,1.0,1.0,1.0,0.0,1.0,1.0,1.0,0.6731064378479381,0.7777777777777778,0.875,0.823529411764706,0.0,0.0,0.0,0.6731064378479381,0.7777777777777778,0.823529411764706,81,72
PMC2645367_table_1,True,5,8,2,0.8627564072608948,1.0,0.8333333333333334,0.9090909090909091,0.8882858902215958,1.0,1.0,1.0,0.8016346096992493,1.0,1.0,1.0,0.8315009474754333,1.0,0.825,0.9041095890410958,0.8016346096992493,1.0,1.0,0.8334278079771227,1.0,0.911764705882353,33,40
PMC2657832_table_0,True,13,13,8,0.9533608830892123,1.0,1.0,1.0,0.9337562826963571,1.0,1.0,1.0,0.9117701500654221,1.0,0.8,0.888888888888889,0.9096658917268118,1.0,0.9868421052631579,0.9933774834437086,0.9117701500654221,1.0,1.0,0.9095473419612562,1.0,0.9964912280701755,150,152
PMC2689181_table_1,False,20,3,0,0.9366929024457932,1.0,1.0,1.0,0.9599321087201437,1.0,1.0,1.0,0.0,1.0,1.0,1.0,0.9101401348908742,1.0,1.0,1.0,0.0,0.0,0.0,0.9101401348908742,1.0,1.0,60,60
PMC2699101_table_2,False,2,11,0,0.7348565459251404,1.0,1.0,1.0,0.6357344714078036,0.8181818181818182,0.75,0.7826086956521738,0.0,1.0,1.0,1.0,0.6136070435697382,0.6818181818181818,0.625,0.6521739130434783,0.0,0.0,0.0,0.6136070435697382,0.6818181818181818,0.6521739130434783,22,24
PMC2700066_table_1,False,9,9,0,0.9213189350234138,1.0,1.0,1.0,0.9353274835480584,1.0,1.0,1.0,0.0,1.0,1.0,1.0,0.8716041372146135,1.0,1.0,1.0,0.0,0.0,0.0,0.8716041372146135,1.0,1.0,81,81
PMC2714593_table_0,False,5,5,0,0.940844202041626,1.0,1.0,1.0,0.9592108011245728,1.0,1.0,1.0,0.0,1.0,1.0,1.0,0.9250273466110229,1.0,1.0,1.0,0.0,0.0,0.0,0.9250273466110229,1.0,1.0,25,25
PMC2725318_table_1,False,3,5,0,0.9488067428270975,1.0,1.0,1.0,0.9396770238876343,1.0,1.0,1.0,0.0,1.0,1.0,1.0,0.9313765168190002,1.0,1.0,1.0,0.0,0.0,0.0,0.9313765168190002,1.0,1.0,15,15
PMC2734548_table_3,False,6,4,0,0.9496965607007345,1.0,1.0,1.0,0.9534638226032257,1.0,1.0,1.0,0.0,1.0,1.0,1.0,0.9300127004583677,1.0,1.0,1.0,0.0,0.0,0.0,0.9300127004583677,1.0,1.0,24,24
PMC2738651_table_0,True,8,3,2,0.9701325297355652,1.0,1.0,1.0,0.9753682216008505,1.0,1.0,1.0,0.9712871611118317,1.0,1.0,1.0,0.955225944519043,1.0,1.0,1.0,0.9712871611118317,1.0,1.0,0.9536198228597641,1.0,1.0,22,22
PMC2780732_table_5,True,9,7,3,0.9193238615989685,1.0,1.0,1.0,0.9570225051471165,1.0,1.0,1.0,0.8732160727183024,1.0,1.0,1.0,0.9014202623531736,1.0,1.0,1.0,0.8732160727183024,1.0,1.0,0.9029586726968939,1.0,1.0,58,58
PMC2791217_table_0,True,15,7,7,0.9530386050542196,1.0,1.0,1.0,0.97733793088368,1.0,1.0,1.0,0.9204822097505841,1.0,0.6363636363636364,0.7777777777777778,0.9120644543852124,0.9795918367346939,0.9795918367346939,0.9795918367346939,0.9204822097505841,1.0,1.0,0.9114169347417224,0.978021978021978,0.978021978021978,98,98
PMC2829006_table_3,True,13,3,2,0.9428829092245835,1.0,1.0,1.0,0.9677008787790934,1.0,1.0,1.0,0.9389804601669312,1.0,1.0,1.0,0.9255431568300402,1.0,1.0,1.0,0.9389804601669312,1.0,1.0,0.924775310925075,1.0,1.0,37,37
PMC2845117_table_1,False,7,6,0,0.9446507351739066,1.0,1.0,1.0,0.9692409137884775,1.0,1.0,1.0,0.0,1.0,1.0,1.0,0.9276903441974095,1.0,1.0,1.0,0.0,0.0,0.0,0.9276903441974095,1.0,1.0,42,42
PMC2850371_table_1,False,7,5,0,0.9406276174954006,1.0,1.0,1.0,0.9539369106292724,1.0,1.0,1.0,0.0,1.0,1.0,1.0,0.9213354059628078,1.0,1.0,1.0,0.0,0.0,0.0,0.9213354059628078,1.0,1.0,35,35
PMC2855517_table_0,True,22,5,10,0.7905516218055378,0.8636363636363636,0.8636363636363636,0.8636363636363636,0.9768352508544922,1.0,1.0,1.0,0.8928720235824585,1.0,0.8333333333333334,0.9090909090909091,0.7943020975589752,0.88,0.8543689320388349,0.8669950738916256,0.8928720235824585,1.0,1.0,0.7833498835563659,0.8666666666666667,0.8571428571428571,100,103
PMC2855984_table_1,False,4,4,0,0.9425747245550156,1.0,1.0,1.0,0.9128400832414627,1.0,1.0,1.0,0.0,1.0,1.0,1.0,0.8916554674506187,1.0,1.0,1.0,0.0,0.0,0.0,0.8916554674506187,1.0,1.0,16,16
PMC2864244_table_0,False,27,11,0,0.7392543940632431,0.7777777777777778,0.7777777777777778,0.7777777777777778,0.9609865871342745,1.0,1.0,1.0,0.0,1.0,1.0,1.0,0.7148648463315033,0.7777777777777778,0.7777777777777778,0.7777777777777778,0.0,0.0,0.0,0.7148648463315033,0.7777777777777778,0.7777777777777778,297,297
PMC2881019_table_0,True,29,3,1,0.9460262347911966,1.0,1.0,1.0,0.9779986540476481,1.0,1.0,1.0,0.9566488265991211,1.0,1.0,1.0,0.9288388456023017,1.0,1.0,1.0,0.9566488265991211,1.0,1.0,0.9285116693552803,1.0,1.0,86,86
PMC2883601_table_0,True,9,20,4,0.9397311674224006,1.0,1.0,1.0,0.8144074305891991,0.95,0.8636363636363636,0.9047619047619048,0.7879596203565598,1.0,0.5714285714285714,0.7272727272727273,0.7796158959919756,0.9488636363636364,0.8477157360406091,0.8954423592493297,0.7879596203565598,1.0,1.0,0.7794218558904736,0.9476744186046512,0.8956043956043956,176,197
PMC2886076_table_1,False,8,6,0,0.9594971686601639,1.0,1.0,1.0,0.9680113395055135,1.0,1.0,1.0,0.0,1.0,1.0,1.0,0.9485342341164748,1.0,1.0,1.0,0.0,0.0,0.0,0.9485342341164748,1.0,1.0,48,48
PMC2906470_table_0,True,7,4,3,0.9118368710790362,1.0,1.0,1.0,0.9766262173652649,1.0,1.0,1.0,0.9505711992581686,1.0,0.75,0.8571428571428571,0.8636001396179199,0.96,1.0,0.9795918367346939,0.9505711992581686,1.0,1.2,0.8517404496669769,0.9545454545454546,0.9767441860465117,25,24
PMC2906500_table_2,False,6,3,0,0.9414446552594503,1.0,1.0,1.0,0.9744601647059122,1.0,1.0,1.0,0.0,1.0,1.0,1.0,0.9408925937281715,1.0,1.0,1.0,0.0,0.0,0.0,0.9408925937281715,1.0,1.0,18,18
PMC2918579_table_0,False,21,8,0,0.9245435056232271,1.0,1.0,1.0,0.9224244579672813,1.0,1.0,1.0,0.0,1.0,1.0,1.0,0.8654585374253136,1.0,1.0,1.0,0.0,0.0,0.0,0.8654585374253136,1.0,1.0,168,168
PMC2931390_table_0,False,9,2,0,0.9451809922854105,1.0,1.0,1.0,0.9619535207748413,1.0,1.0,1.0,0.0,1.0,1.0,1.0,0.9287705818812052,1.0,1.0,1.0,0.0,0.0,0.0,0.9287705818812052,1.0,1.0,18,18
PMC2935123_table_2,True,18,4,3,0.828522072898017,1.0,0.8571428571428571,0.923076923076923,0.9550157636404037,1.0,1.0,1.0,0.8727572361628214,1.0,1.0,1.0,0.813304312851118,0.9855072463768116,0.8395061728395061,0.9066666666666666,0.8727572361628214,1.0,1.0,0.8106019072460405,0.9848484848484849,0.9090909090909091,69,81
PMC2944996_table_0,False,8,4,0,0.9271619841456413,1.0,1.0,1.0,0.9778192341327667,1.0,1.0,1.0,0.0,1.0,1.0,1.0,0.9181187450885773,1.0,1.0,1.0,0.0,0.0,0.0,0.9181187450885773,1.0,1.0,32,32
PMC2944996_table_1,False,17,4,0,0.934869292904349,1.0,1.0,1.0,0.9530075788497925,1.0,1.0,1.0,0.0,1.0,1.0,1.0,0.9115405144060359,1.0,1.0,1.0,0.0,0.0,0.0,0.9115405144060359,1.0,1.0,68,68
PMC2946296_table_4,False,11,3,0,0.9281289631670172,1.0,1.0,1.0,0.976751705010732,1.0,1.0,1.0,0.0,1.0,1.0,1.0,0.920017892664129,1.0,1.0,1.0,0.0,0.0,0.0,0.920017892664129,1.0,1.0,33,33
PMC2955049_table_0,False,19,3,0,0.973044282511661,1.0,1.0,1.0,0.9766346216201782,1.0,1.0,1.0,0.0,1.0,1.0,1.0,0.9621254623981944,1.0,1.0,1.0,0.0,0.0,0.0,0.9621254623981944,1.0,1.0,57,57
PMC2959555_table_0,False,18,7,0,0.9397668639818827,1.0,1.0,1.0,0.9858020288603646,1.0,1.0,1.0,0.0,1.0,1.0,1.0,0.9319179474361359,1.0,1.0,1.0,0.0,0.0,0.0,0.9319179474361359,1.0,1.0,126,126
PMC2959593_table_2,False,7,2,0,0.8913805229323251,1.0,1.0,1.0,0.9868692755699158,1.0,1.0,1.0,0.0,1.0,1.0,1.0,0.9004230584417071,1.0,1.0,1.0,0.0,0.0,0.0,0.9004230584417071,1.0,1.0,14,14
PMC2959933_table_3,False,9,5,0,0.7426596416367425,1.0,1.0,1.0,0.8925700426101685,1.0,1.0,1.0,0.0,1.0,1.0,1.0,0.6989444606833988,0.8888888888888888,0.8888888888888888,0.8888888888888888,0.0,0.0,0.0,0.6989444606833988,0.8888888888888888,0.8888888888888888,45,45
PMC2960638_table_0,False,10,2,0,0.8905999004840851,1.0,1.0,1.0,0.9750286340713501,1.0,1.0,1.0,0.0,1.0,1.0,1.0,0.889077490568161,1.0,1.0,1.0,0.0,0.0,0.0,0.889077490568161,1.0,1.0,20,20
PMC2961831_table_0,False,8,2,0,0.8793333135545254,0.875,0.7777777777777778,0.823529411764706,0.7731816470623016,1.0,1.0,1.0,0.0,1.0,1.0,1.0,0.878373496234417,0.875,0.7777777777777778,0.823529411764706,0.0,0.0,0.0,0.878373496234417,0.875,0.823529411764706,16,18
PMC2965754_table_1,False,26,6,0,0.9534005431028513,1.0,1.0,1.0,0.956947515408198,1.0,1.0,1.0,0.0,1.0,1.0,1.0,0.9224186253089172,1.0,1.0,1.0,0.0,0.0,0.0,0.9224186253089172,1.0,1.0,156,156
PMC2967867_table_0,False,14,7,0,0.9366402838911329,1.0,1.0,1.0,0.9786450181688581,1.0,1.0,1.0,0.0,1.0,1.0,1.0,0.9252468590833702,1.0,1.0,1.0,0.0,0.0,0.0,0.9252468590833702,1.0,1.0,98,98
PMC2968103_table_0,False,9,2,0,0.947038816081153,1.0,1.0,1.0,0.9903350174427032,1.0,1.0,1.0,0.0,1.0,1.0,1.0,0.9432496958308749,1.0,1.0,1.0,0.0,0.0,0.0,0.9432496958308749,1.0,1.0,18,18
PMC2968173_table_3,False,5,5,0,0.9387203097343445,1.0,1.0,1.0,0.9453350663185119,1.0,1.0,1.0,0.0,1.0,1.0,1.0,0.9019456577301025,1.0,1.0,1.0,0.0,0.0,0.0,0.9019456577301025,1.0,1.0,25,25
PMC2969578_table_1,False,7,2,0,0.9178984420640128,1.0,1.0,1.0,0.976781040430069,1.0,1.0,1.0,0.0,1.0,1.0,1.0,0.9159714409283229,1.0,1.0,1.0,0.0,0.0,0.0,0.9159714409283229,1.0,1.0,14,14
PMC2971143_table_0,False,10,2,0,0.9192495763301849,1.0,1.0,1.0,0.9808937013149261,1.0,1.0,1.0,0.0,1.0,1.0,1.0,0.9211484730243683,1.0,1.0,1.0,0.0,0.0,0.0,0.9211484730243683,1.0,1.0,20,20
PMC2971357_table_1,False,22,5,0,0.9190663370219144,1.0,1.0,1.0,0.9391769647598267,1.0,1.0,1.0,0.0,1.0,1.0,1.0,0.9094449406320398,1.0,1.0,1.0,0.0,0.0,0.0,0.9094449406320398,1.0,1.0,110,110
PMC2977766_table_1,False,26,5,0,0.9511123551772191,1.0,1.0,1.0,0.9586818933486938,1.0,1.0,1.0,0.0,1.0,1.0,1.0,0.9404312771100264,1.0,1.0,1.0,0.0,0.0,0.0,0.9404312771100264,1.0,1.0,130,130
PMC2979962_table_3,False,21,7,0,0.9404298748288836,1.0,1.0,1.0,0.9771860497338432,1.0,1.0,1.0,0.0,1.0,1.0,1.0,0.9241633694999072,1.0,1.0,1.0,0.0,0.0,0.0,0.9241633694999072,1.0,1.0,147,147
PMC2983641_table_3,False,18,5,0,0.9326572683122423,1.0,1.0,1.0,0.9666889786720276,1.0,1.0,1.0,0.0,1.0,1.0,1.0,0.9244529445966084,1.0,1.0,1.0,0.0,0.0,0.0,0.9244529445966084,1.0,1.0,90,90
PMC2988804_table_0,True,21,7,11,0.9480783825828916,1.0,1.0,1.0,0.9527990562575204,1.0,1.0,1.0,0.8725021915002302,0.9090909090909091,0.8333333333333334,0.8695652173913043,0.9086709094770027,0.9848484848484849,0.9848484848484849,0.9848484848484849,0.8744524365121668,0.9090909090909091,0.9090909090909091,0.9117816797465332,0.9917355371900827,0.9917355371900827,132,132
PMC2991316_table_0,False,13,3,0,0.9413133951333853,1.0,1.0,1.0,0.9826117555300394,1.0,1.0,1.0,0.0,1.0,1.0,1.0,0.9315063708867782,1.0,1.0,1.0,0.0,0.0,0.0,0.9315063708867782,1.0,1.0,39,39
PMC3000372_table_0,True,12,6,7,0.9670506517092387,1.0,1.0,1.0,0.9377190967400869,1.0,1.0,1.0,0.8682180728231158,0.8571428571428571,0.75,0.7999999999999999,0.8748832960923513,0.9333333333333333,0.9655172413793104,0.9491525423728815,0.8682180728231158,0.8571428571428571,0.923076923076923,0.8757636085996088,0.9433962264150944,0.9615384615384616,60,58
PMC3006781_table_0,False,8,2,0,0.6986632794141769,0.875,1.0,0.9333333333333333,0.9714803397655487,1.0,1.0,1.0,0.0,1.0,1.0,1.0,0.703979380428791,0.875,1.0,0.9333333333333333,0.0,0.0,0.0,0.703979380428791,0.875,0.9333333333333333,16,14
PMC3008143_table_1,False,6,2,0,0.9633364379405975,1.0,1.0,1.0,0.9812045097351074,1.0,1.0,1.0,0.0,1.0,1.0,1.0,0.9606328507264456,1.0,1.0,1.0,0.0,0.0,0.0,0.9606328507264456,1.0,1.0,12,12
PMC3009675_table_0,False,18,2,0,0.9476041661368476,1.0,1.0,1.0,0.9646012485027313,1.0,1.0,1.0,0.0,1.0,1.0,1.0,0.928049181898435,1.0,1.0,1.0,0.0,0.0,0.0,0.928049181898435,1.0,1.0,36,36
PMC3017779_table_1,True,10,4,3,0.8831433117389679,1.0,1.0,1.0,0.9720266908407211,1.0,1.0,1.0,0.9473033746083578,1.0,1.0,1.0,0.8788585259633905,1.0,1.0,1.0,0.9473033746083578,1.0,1.0,0.8722348309332325,1.0,1.0,34,34
PMC3019106_table_3,True,46,12,16,0.8374908631262572,0.9347826086956522,0.7962962962962963,0.8599999999999999,0.9304913530747095,1.0,0.9230769230769231,0.9600000000000001,0.6614244692027569,0.8125,1.0,0.896551724137931,0.7829018990948515,0.9075471698113208,0.7052785923753666,0.7937293729372936,0.746639546006918,0.8125,0.7222222222222223,0.7840306882960323,0.9105058365758755,0.7965957446808511,530,682
PMC3020960_table_0,True,28,8,7,0.934205949306488,1.0,1.0,1.0,0.9106275364756584,1.0,1.0,1.0,0.8897827693394252,1.0,1.0,1.0,0.8587131313464609,1.0,1.0,1.0,0.8897827693394252,1.0,1.0,0.8576774767466954,1.0,1.0,217,217
PMC3021519_table_0,False,16,10,0,0.9564552269876003,1.0,1.0,1.0,0.9464220941066742,1.0,1.0,1.0,0.0,1.0,1.0,1.0,0.9152829077094793,1.0,1.0,1.0,0.0,0.0,0.0,0.9152829077094793,1.0,1.0,160,160
PMC3033815_table_1,True,8,5,3,0.8827328309416771,1.0,1.0,1.0,0.964443051815033,1.0,1.0,1.0,0.3057722846666972,0.3333333333333333,1.0,0.5,0.8864232869818807,0.9375,0.7692307692307693,0.8450704225352113,0.46475983659426373,0.3333333333333333,0.3333333333333333,0.9300436439185307,1.0,0.90625,32,39
PMC3034664_table_2,True,16,11,2,0.925359483808279,1.0,1.0,1.0,0.9452474821697582,1.0,1.0,1.0,0.9230360090732574,1.0,1.0,1.0,0.8874775585604877,1.0,1.0,1.0,0.9230360090732574,1.0,1.0,0.8870385653442807,1.0,1.0,164,164
PMC3034665_table_0,False,17,4,0,0.9438455280135659,1.0,1.0,1.0,0.9836607277393341,1.0,1.0,1.0,0.0,1.0,1.0,1.0,0.9383471713346594,1.0,1.0,1.0,0.0,0.0,0.0,0.9383471713346594,1.0,1.0,68,68
PMC3035247_table_0,True,14,3,2,0.9226554419313159,1.0,0.9333333333333333,0.9655172413793104,0.9215183258056641,1.0,1.0,1.0,0.8927765488624573,1.0,0.6666666666666666,0.8,0.9108151445786158,1.0,0.972972972972973,0.9863013698630138,0.8927765488624573,1.0,1.0,0.9118762384442722,1.0,1.0,36,37
PMC3042417_table_2,True,7,5,3,0.9066584961754935,1.0,1.0,1.0,0.9596798181533813,1.0,1.0,1.0,0.935849924882253,1.0,1.0,1.0,0.8867504168301821,1.0,1.0,1.0,0.935849924882253,1.0,1.0,0.8816711573765196,1.0,1.0,32,32
PMC3042927_table_5,False,8,5,0,0.9398995637893677,1.0,1.0,1.0,0.9471022725105286,1.0,1.0,1.0,0.0,1.0,1.0,1.0,0.9264715924859047,1.0,1.0,1.0,0.0,0.0,0.0,0.9264715924859047,1.0,1.0,40,40
PMC3044294_table_1,True,7,6,6,0.9335354396275112,1.0,1.0,1.0,0.9566844602425894,1.0,1.0,1.0,0.9055936435858408,1.0,1.0,1.0,0.9274031933810976,1.0,1.0,1.0,0.9055936435858408,1.0,1.0,0.931765103340149,1.0,1.0,36,36
PMC3045407_table_3,False,26,5,0,0.9336344210001138,1.0,1.0,1.0,0.9676188826560974,1.0,1.0,1.0,0.0,1.0,1.0,1.0,0.9119617283344269,1.0,1.0,1.0,0.0,0.0,0.0,0.9119617283344269,1.0,1.0,130,130
PMC3050698_table_0,False,12,4,0,0.9595455378293991,1.0,1.0,1.0,0.9733319878578186,1.0,1.0,1.0,0.0,1.0,1.0,1.0,0.944969929754734,1.0,1.0,1.0,0.0,0.0,0.0,0.944969929754734,1.0,1.0,48,48
PMC3050775_table_1,True,14,5,3,0.9313588099820274,1.0,1.0,1.0,0.9767682909965515,1.0,1.0,1.0,0.9174837867418925,1.0,1.0,1.0,0.9238480276136256,1.0,1.0,1.0,0.9174837867418925,1.0,1.0,0.9241463514044881,1.0,1.0,67,67
PMC3051733_table_1,False,8,2,0,0.936408556997776,1.0,1.0,1.0,0.982767641544342,1.0,1.0,1.0,0.0,1.0,1.0,1.0,0.9345063418149948,1.0,1.0,1.0,0.0,0.0,0.0,0.9345063418149948,1.0,1.0,16,16
PMC3052110_table_2,False,9,2,0,0.9492516451411777,1.0,1.0,1.0,0.9858887493610382,1.0,1.0,1.0,0.0,1.0,1.0,1.0,0.9478124777475992,1.0,1.0,1.0,0.0,0.0,0.0,0.9478124777475992,1.0,1.0,18,18
PMC3062595_table_4,True,12,13,5,0.9129113753636678,1.0,1.0,1.0,0.875414985876817,1.0,1.0,1.0,0.8026105642318726,1.0,0.45454545454545453,0.625,0.8031564484648153,0.9863945578231292,0.9731543624161074,0.9797297297297297,0.8026105642318726,1.0,1.0,0.8031756697406232,0.9859154929577465,0.9824561403508772,147,149
PMC3069946_table_1,False,14,2,0,0.8700465304510934,1.0,0.9333333333333333,0.9655172413793104,0.9621277749538422,1.0,1.0,1.0,0.0,1.0,0.0,0.0,0.692000975566251,0.7857142857142857,0.88,0.830188679245283,0.0,0.0,0.0,0.692000975566251,0.7857142857142857,0.830188679245283,28,25
PMC3089091_table_1,False,7,2,0,0.9572293502943856,1.0,1.0,1.0,0.9800201952457428,1.0,1.0,1.0,0.0,1.0,1.0,1.0,0.9538185511316571,1.0,1.0,1.0,0.0,0.0,0.0,0.9538185511316571,1.0,1.0,14,14
PMC3089255_table_0,False,7,2,0,0.9590772475515094,1.0,1.0,1.0,0.9768916368484497,1.0,1.0,1.0,0.0,1.0,1.0,1.0,0.9560519797461373,1.0,1.0,1.0,0.0,0.0,0.0,0.9560519797461373,1.0,1.0,14,14
PMC3099828_table_2,False,20,7,0,0.9557549297809601,1.0,1.0,1.0,0.9715234381811959,1.0,1.0,1.0,0.0,1.0,1.0,1.0,0.9349857951913562,1.0,1.0,1.0,0.0,0.0,0.0,0.9349857951913562,1.0,1.0,140,140
PMC3117774_table_0,True,15,5,7,0.9213341911633809,1.0,1.0,1.0,0.9656546115875244,1.0,1.0,1.0,0.9191808530262539,1.0,0.5384615384615384,0.7000000000000001,0.7982785359901541,0.8676470588235294,0.921875,0.893939393939394,0.9191808530262539,1.0,1.0769230769230769,0.7844044996089623,0.8524590163934426,0.8813559322033898,68,64
PMC3121637_table_2,False,23,5,0,0.7896651547888051,1.0,1.0,1.0,0.8765877604484558,1.0,0.8333333333333334,0.9090909090909091,0.0,1.0,0.0,0.0,0.7815325586692147,0.991304347826087,0.8321167883211679,0.9047619047619048,0.0,0.0,0.0,0.7815325586692147,0.991304347826087,0.9047619047619048,115,137
PMC3123623_table_2,True,8,7,5,0.960577204823494,1.0,1.0,1.0,0.9172897849764142,1.0,1.0,1.0,0.8785802721977234,1.0,1.0,1.0,0.911304117417803,1.0,1.0,1.0,0.8785802721977234,1.0,1.0,0.9148610571156377,1.0,1.0,51,51
PMC3128000_table_0,False,4,6,0,0.9269533306360245,1.0,1.0,1.0,0.9194964667161306,1.0,1.0,1.0,0.0,1.0,1.0,1.0,0.8835013881325722,1.0,1.0,1.0,0.0,0.0,0.0,0.8835013881325722,1.0,1.0,24,24
PMC3130712_table_0,True,28,6,6,0.7832593811409814,1.0,0.8235294117647058,0.9032258064516129,0.9740981459617615,1.0,1.0,1.0,0.761553963025411,0.8333333333333334,1.0,0.9090909090909091,0.7725288425984026,0.9931972789115646,0.8111111111111111,0.8929663608562691,0.8167702356974283,0.8333333333333334,0.7692307692307692,0.7706462301261036,1.0,0.9009584664536741,147,180
PMC3133566_table_1,False,29,2,0,0.8855676671554302,1.0,1.0,1.0,0.9708251953125,1.0,1.0,1.0,0.0,1.0,1.0,1.0,0.8819055505867662,1.0,1.0,1.0,0.0,0.0,0.0,0.8819055505867662,1.0,1.0,58,58
PMC3168504_table_0,False,9,2,0,0.958952870633867,1.0,1.0,1.0,0.9751447439193726,1.0,1.0,1.0,0.0,1.0,1.0,1.0,0.9549914598464966,1.0,1.0,1.0,0.0,0.0,0.0,0.9549914598464966,1.0,1.0,18,18
PMC3175473_table_0,False,7,7,0,0.9092723386628287,1.0,1.0,1.0,0.9383172137396676,1.0,1.0,1.0,0.0,1.0,1.0,1.0,0.8742793737625589,1.0,1.0,1.0,0.0,0.0,0.0,0.8742793737625589,1.0,1.0,49,49
PMC3186735_table_4,False,6,4,0,0.9197627206643423,1.0,1.0,1.0,0.9530551880598068,1.0,1.0,1.0,0.0,1.0,1.0,1.0,0.891164573530356,1.0,1.0,1.0,0.0,0.0,0.0,0.891164573530356,1.0,1.0,24,24
PMC3189140_table_2,True,6,5,1,0.9530461430549622,1.0,1.0,1.0,0.9084901094436646,1.0,1.0,1.0,0.9385547637939453,1.0,1.0,1.0,0.8975608503376996,1.0,1.0,1.0,0.9385547637939453,1.0,1.0,0.8959841613586133,1.0,1.0,27,27
PMC3199236_table_0,False,9,3,0,0.9072952667872111,1.0,1.0,1.0,0.930322547753652,1.0,1.0,1.0,0.0,1.0,0.0,0.0,0.7416190019360295,0.8888888888888888,1.0,0.9411764705882353,0.0,0.0,0.0,0.7416190019360295,0.8888888888888888,0.9411764705882353,27,24
PMC3200078_table_1,False,19,4,0,0.891049796029141,1.0,1.0,1.0,0.9771482646465302,1.0,1.0,1.0,0.0,1.0,0.0,0.0,0.8175968363096839,0.9342105263157895,0.9861111111111112,0.9594594594594595,0.0,0.0,0.0,0.8175968363096839,0.9342105263157895,0.9594594594594595,76,72
PMC3201386_table_3,False,6,5,0,0.9155426025390625,1.0,1.0,1.0,0.9438188552856446,1.0,1.0,1.0,0.0,1.0,1.0,1.0,0.8837534228960673,1.0,1.0,1.0,0.0,0.0,0.0,0.8837534228960673,1.0,1.0,30,30
PMC3206044_table_0,False,6,3,0,0.9455410639444987,1.0,1.0,1.0,0.946871300538381,1.0,1.0,1.0,0.0,1.0,1.0,1.0,0.9208804170290629,1.0,1.0,1.0,0.0,0.0,0.0,0.9208804170290629,1.0,1.0,18,18
PMC3208639_table_0,True,19,9,6,0.9335598349571228,1.0,1.0,1.0,0.9666471547550626,1.0,1.0,1.0,0.8760432203610738,1.0,0.6,0.7499999999999999,0.8369677209492886,0.9212121212121213,0.987012987012987,0.9529780564263323,0.8760432203610738,1.0,1.0909090909090908,0.835493173801674,0.9182389937106918,0.9511400651465798,165,154
PMC3209419_table_2,True,19,9,5,0.7056832501762792,1.0,0.9047619047619048,0.9500000000000001,0.9300117757585313,1.0,1.0,1.0,0.7498119950294495,1.0,0.7142857142857143,0.8333333333333333,0.6736376448111101,0.9939393939393939,0.9425287356321839,0.9675516224188789,0.7498119950294495,1.0,1.0,0.6712571963667869,0.99375,0.9695121951219512,165,174
PMC3213080_table_0,True,19,6,5,0.9375684637772409,1.0,1.0,1.0,0.9589984317620596,1.0,1.0,1.0,0.885259485244751,1.0,1.0,1.0,0.9105668483524147,1.0,1.0,1.0,0.885259485244751,1.0,1.0,0.9117835485018216,1.0,1.0,109,109
PMC3214126_table_4,True,21,4,3,0.9277279320217314,1.0,0.9130434782608695,0.9545454545454545,0.9524306952953339,1.0,1.0,1.0,0.9163366754849752,1.0,1.0,1.0,0.8917443237186949,1.0,0.9759036144578314,0.9878048780487805,0.9163366754849752,1.0,1.0,0.8907984640353765,1.0,0.9936305732484078,81,83
PMC3215718_table_1,True,8,4,3,0.9584813266992569,1.0,1.0,1.0,0.9811868071556091,1.0,1.0,1.0,0.981954018274943,1.0,1.0,1.0,0.9557496453153675,1.0,1.0,1.0,0.981954018274943,1.0,1.0,0.952726063820032,1.0,1.0,29,29
PMC3220020_table_0,False,34,4,0,0.8650103176341337,1.0,0.8947368421052632,0.9444444444444444,0.9708513170480728,1.0,1.0,1.0,0.0,1.0,1.0,1.0,0.8504708527642137,1.0,0.8947368421052632,0.9444444444444444,0.0,0.0,0.0,0.8504708527642137,1.0,0.9444444444444444,136,152
PMC3236184_table_0,True,11,4,2,0.9496653405102816,1.0,1.0,1.0,0.9483166486024857,1.0,1.0,1.0,0.9689514338970184,1.0,1.0,1.0,0.9085524330536524,1.0,1.0,1.0,0.9689514338970184,1.0,1.0,0.9049995506511015,1.0,1.0,36,36
PMC3236760_table_3,False,11,5,0,0.9326064098965038,1.0,1.0,1.0,0.9071485280990601,1.0,1.0,1.0,0.0,1.0,1.0,1.0,0.8649945118210532,1.0,1.0,1.0,0.0,0.0,0.0,0.8649945118210532,1.0,1.0,55,55
PMC3239048_table_3,False,12,7,0,0.9257805595795313,1.0,1.0,1.0,0.9768343397549221,1.0,1.0,1.0,0.0,1.0,1.0,1.0,0.9109045962492625,1.0,1.0,1.0,0.0,0.0,0.0,0.9109045962492625,1.0,1.0,84,84
PMC3241715_table_0,False,5,2,0,0.9774218082427979,1.0,1.0,1.0,0.9850472509860992,1.0,1.0,1.0,0.0,1.0,1.0,1.0,0.9744832158088684,1.0,1.0,1.0,0.0,0.0,0.0,0.9744832158088684,1.0,1.0,10,10
PMC3247416_table_2,False,7,5,0,0.8526723299707685,1.0,0.875,0.9333333333333333,0.8835657835006714,1.0,1.0,1.0,0.0,1.0,1.0,1.0,0.8403832912445068,1.0,0.875,0.9333333333333333,0.0,0.0,0.0,0.8403832912445068,1.0,0.9333333333333333,35,40
PMC3248559_table_0,True,6,9,2,0.9617879092693329,1.0,1.0,1.0,0.9344383875528971,1.0,1.0,1.0,0.9272002875804901,1.0,1.0,1.0,0.9144908047240713,1.0,1.0,1.0,0.9272002875804901,1.0,1.0,0.9139131009578705,1.0,1.0,46,46
PMC3254506_table_2,False,9,2,0,0.9243921571307712,1.0,1.0,1.0,0.986698567867279,1.0,1.0,1.0,0.0,1.0,1.0,1.0,0.9249992205037011,1.0,1.0,1.0,0.0,0.0,0.0,0.9249992205037011,1.0,1.0,18,18
PMC3262863_table_4,True,18,9,7,0.8692207568221622,1.0,1.0,1.0,0.8905108041233487,1.0,1.0,1.0,0.844608587878091,0.8571428571428571,0.75,0.7999999999999999,0.7753040789551026,0.9932432432432432,0.9865771812080537,0.9898989898989898,0.859917972769056,1.0,1.0,0.7711033891912893,0.9929078014184397,0.9929078014184397,148,149
PMC3274267_table_0,False,5,2,0,0.967316210269928,1.0,1.0,1.0,0.9761009514331818,1.0,1.0,1.0,0.0,1.0,1.0,1.0,0.9651643991470337,1.0,1.0,1.0,0.0,0.0,0.0,0.9651643991470337,1.0,1.0,10,10
PMC3275014_table_1,False,6,2,0,0.9785337348779043,1.0,1.0,1.0,0.9900271892547607,1.0,1.0,1.0,0.0,1.0,1.0,1.0,0.9776986291011175,1.0,1.0,1.0,0.0,0.0,0.0,0.9776986291011175,1.0,1.0,12,12
PMC3281830_table_2,True,12,22,1,0.9228758116563162,1.0,1.0,1.0,0.7900534597310153,0.9545454545454546,0.84,0.8936170212765958,0.33558389544487,0.0,0.0,0.0,0.7040166897352204,0.8935361216730038,0.8159722222222222,0.852994555353902,0.4505451023578644,0.0,0.0,0.7049841385420043,0.8969465648854962,0.8576642335766423,263,288
PMC3292942_table_0,True,23,5,4,0.8499317687490712,1.0,1.0,1.0,0.9670759081840515,1.0,1.0,1.0,0.6532655172049999,0.75,0.75,0.75,0.8289769773089558,0.9908256880733946,0.9818181818181818,0.9863013698630138,0.6897721290588379,0.75,0.75,0.8342800191470555,1.0,1.0,109,110
PMC3307764_table_2,True,11,4,2,0.9458245255730369,1.0,1.0,1.0,0.9711618274450302,1.0,1.0,1.0,0.9419925212860107,1.0,1.0,1.0,0.9359479575622373,1.0,1.0,1.0,0.9419925212860107,1.0,1.0,0.9356379799353771,1.0,1.0,41,41
PMC3308190_table_6,True,9,6,2,0.9143063028653463,1.0,1.0,1.0,0.9502350091934204,1.0,1.0,1.0,0.881502777338028,1.0,1.0,1.0,0.8929764008035466,1.0,1.0,1.0,0.881502777338028,1.0,1.0,0.8934646400999515,1.0,1.0,49,49
PMC3312350_table_1,False,10,2,0,0.9625914752483368,1.0,1.0,1.0,0.9696941375732422,1.0,1.0,1.0,0.0,1.0,1.0,1.0,0.9566297411918641,1.0,1.0,1.0,0.0,0.0,0.0,0.9566297411918641,1.0,1.0,20,20
PMC3313939_table_4,True,10,4,5,0.9633216321468353,1.0,1.0,1.0,0.973027765750885,1.0,1.0,1.0,0.9388712406158447,1.0,0.8333333333333334,0.9090909090909091,0.8771453653321122,0.9090909090909091,0.967741935483871,0.9374999999999999,0.9388712406158447,1.0,1.1111111111111112,0.8661228876028743,0.8928571428571429,0.9259259259259259,33,31
PMC3314639_table_0,True,7,5,2,0.9648507237434387,1.0,1.0,1.0,0.9695525765419006,1.0,1.0,1.0,0.9592222571372986,1.0,1.0,1.0,0.9453816529243223,1.0,1.0,1.0,0.9592222571372986,1.0,1.0,0.9444271284958412,1.0,1.0,31,31
PMC3329540_table_0,False,3,9,0,0.8887264927228292,1.0,1.0,1.0,0.9352349042892456,1.0,1.0,1.0,0.0,1.0,1.0,1.0,0.8771865897708468,1.0,1.0,1.0,0.0,0.0,0.0,0.8771865897708468,1.0,1.0,27,27
PMC3338812_table_2,True,10,8,4,0.9361547291278839,1.0,1.0,1.0,0.9506737887859344,1.0,1.0,1.0,0.8645683377981186,1.0,1.0,1.0,0.9074520154579265,1.0,1.0,1.0,0.8645683377981186,1.0,1.0,0.9099025113242013,1.0,1.0,74,74
PMC3339393_table_16,False,4,3,0,0.9487126469612122,1.0,1.0,1.0,0.9495353897412618,1.0,1.0,1.0,0.0,1.0,1.0,1.0,0.9432584593693415,1.0,1.0,1.0,0.0,0.0,0.0,0.9432584593693415,1.0,1.0,12,12
PMC3343907_table_0,False,3,5,0,0.955057422320048,1.0,1.0,1.0,0.9709921956062317,1.0,1.0,1.0,0.0,1.0,1.0,1.0,0.9439143141110738,1.0,1.0,1.0,0.0,0.0,0.0,0.9439143141110738,1.0,1.0,15,15
PMC3349596_table_1,True,6,7,2,0.9511195421218872,1.0,1.0,1.0,0.9260972738265991,1.0,1.0,1.0,0.8360766768455505,1.0,0.6666666666666666,0.8,0.8924183092619243,1.0,1.0,1.0,0.8360766768455505,1.0,1.0,0.8955483999517229,1.0,1.0,38,38
PMC3352301_table_0,True,30,5,4,0.9157906949520112,1.0,0.967741935483871,0.9836065573770492,0.9722159147262573,1.0,1.0,1.0,0.9189188778400421,1.0,1.0,1.0,0.9017572888772781,1.0,0.9668874172185431,0.9831649831649832,0.9189188778400421,1.0,1.0,0.9012738638360736,1.0,0.9861111111111112,146,151
PMC3353467_table_0,False,5,4,0,0.9768360733985901,1.0,1.0,1.0,0.9677661806344986,1.0,1.0,1.0,0.0,1.0,1.0,1.0,0.9595795482397079,1.0,1.0,1.0,0.0,0.0,0.0,0.9595795482397079,1.0,1.0,20,20
PMC3359281_table_2,False,7,14,0,0.9446045500891549,1.0,1.0,1.0,0.8731924593448639,1.0,1.0,1.0,0.0,1.0,1.0,1.0,0.8500185961626014,1.0,1.0,1.0,0.0,0.0,0.0,0.8500185961626014,1.0,1.0,98,98
PMC3362167_table_1,False,6,4,0,0.9407287438710531,1.0,1.0,1.0,0.9751154482364655,1.0,1.0,1.0,0.0,1.0,1.0,1.0,0.9382371033231417,1.0,1.0,1.0,0.0,0.0,0.0,0.9382371033231417,1.0,1.0,24,24
PMC3365066_table_1,True,11,4,7,0.9310353127392855,1.0,1.0,1.0,0.956328347325325,1.0,1.0,1.0,0.9119094610214233,1.0,1.0,1.0,0.9092372881399619,1.0,1.0,1.0,0.9119094610214233,1.0,1.0,0.9086137811342875,1.0,1.0,37,37
PMC3377620_table_1,False,17,3,0,0.9528200731557959,1.0,1.0,1.0,0.9657750328381857,1.0,1.0,1.0,0.0,1.0,1.0,1.0,0.9352887413081001,1.0,1.0,1.0,0.0,0.0,0.0,0.9352887413081001,1.0,1.0,51,51
PMC3380946_table_3,False,14,7,0,0.475374025957925,0.5714285714285714,0.6153846153846154,0.5925925925925927,0.8833475623811994,1.0,1.0,1.0,0.0,1.0,1.0,1.0,0.4397597264270393,0.3469387755102041,0.37362637362637363,0.3597883597883598,0.0,0.0,0.0,0.4397597264270393,0.3469387755102041,0.3597883597883598,98,91
PMC3384930_table_3,False,5,6,0,0.8522783875465393,1.0,1.0,1.0,0.9283016622066498,1.0,1.0,1.0,0.0,1.0,1.0,1.0,0.8288691838582357,1.0,1.0,1.0,0.0,0.0,0.0,0.8288691838582357,1.0,1.0,30,30
PMC3393213_table_0,False,9,5,0,0.9610099063979255,1.0,1.0,1.0,0.9705199241638184,1.0,1.0,1.0,0.0,1.0,1.0,1.0,0.9457288901011149,1.0,1.0,1.0,0.0,0.0,0.0,0.9457288901011149,1.0,1.0,45,45
PMC3402933_table_4,False,43,4,0,0.6853383398333261,0.8372093023255814,0.7058823529411765,0.7659574468085107,0.9677362442016602,1.0,1.0,1.0,0.0,1.0,1.0,1.0,0.6716234171113302,0.75,0.6323529411764706,0.6861702127659575,0.0,0.0,0.0,0.6716234171113302,0.75,0.6861702127659575,172,204
PMC3410926_table_1,False,9,4,0,0.9567363725768195,1.0,1.0,1.0,0.9797186404466629,1.0,1.0,1.0,0.0,1.0,1.0,1.0,0.9539743545982573,1.0,1.0,1.0,0.0,0.0,0.0,0.9539743545982573,1.0,1.0,36,36
PMC3415056_table_1,True,34,4,22,0.73468297281686,0.7352941176470589,0.6410256410256411,0.6849315068493151,0.945504754781723,1.0,1.0,1.0,0.5057561289180409,0.5909090909090909,0.8666666666666667,0.7027027027027029,0.6944906968664337,0.7032967032967034,0.5039370078740157,0.5871559633027522,0.6477473737163977,0.5909090909090909,0.5,0.7093943651171698,0.7391304347826086,0.6181818181818182,91,127
PMC3420916_table_0,True,22,9,8,0.8905246718363329,1.0,1.0,1.0,0.9419393274519179,1.0,1.0,1.0,0.8935724496841431,1.0,1.0,1.0,0.8529218949906813,1.0,1.0,1.0,0.8935724496841431,1.0,1.0,0.8510635839189802,1.0,1.0,183,183
PMC3432071_table_0,True,38,6,16,0.8293896693932382,1.0,0.8636363636363636,0.9268292682926829,0.9697773158550262,1.0,1.0,1.0,0.8566605485975742,1.0,0.8421052631578947,0.9142857142857143,0.8196572787198589,1.0,0.8577586206896551,0.9234338747099767,0.8566605485975742,1.0,0.9411764705882353,0.8164220201513155,1.0,0.9242424242424242,199,232
PMC3436823_table_0,False,16,3,0,0.9452455751597881,1.0,1.0,1.0,0.9705950220425924,1.0,1.0,1.0,0.0,1.0,1.0,1.0,0.9363017293314139,1.0,1.0,1.0,0.0,0.0,0.0,0.9363017293314139,1.0,1.0,48,48
PMC3438170_table_0,True,18,3,1,0.9256001744005415,1.0,1.0,1.0,0.9829164942105612,1.0,1.0,1.0,0.9375066161155701,1.0,0.5,0.6666666666666666,0.7664095212547284,0.8301886792452831,0.9777777777777777,0.8979591836734695,0.9375066161155701,1.0,1.0,0.7631191925074046,0.8269230769230769,0.8958333333333334,53,45
PMC3440341_table_0,True,34,3,3,0.9005684449392206,1.0,0.8947368421052632,0.9444444444444444,0.9865828553835551,1.0,1.0,1.0,0.9153932332992554,1.0,0.75,0.8571428571428571,0.8960801483404757,1.0,0.8839285714285714,0.9383886255924171,0.9153932332992554,1.0,1.0,0.8954766144355139,1.0,0.9411764705882353,99,112
PMC3447295_table_4,False,8,2,0,0.9559632688760757,1.0,1.0,1.0,0.9495646357536316,1.0,1.0,1.0,0.0,1.0,1.0,1.0,0.9258594810962677,1.0,1.0,1.0,0.0,0.0,0.0,0.9258594810962677,1.0,1.0,16,16
PMC3447686_table_0,False,7,5,0,0.8831870300429208,1.0,1.0,1.0,0.9369307518005371,1.0,0.8333333333333334,0.9090909090909091,0.0,1.0,1.0,1.0,0.9320780651909965,1.0,0.8333333333333334,0.9090909090909091,0.0,0.0,0.0,0.9320780651909965,1.0,0.9090909090909091,35,42
PMC3448603_table_1,True,10,10,1,0.9489167511463166,1.0,1.0,1.0,0.908498227596283,1.0,1.0,1.0,0.8766997456550598,1.0,1.0,1.0,0.8801940631384801,1.0,1.0,1.0,0.8766997456550598,1.0,1.0,0.8802297194393314,1.0,1.0,99,99
PMC3458288_table_0,True,7,5,3,0.9468996013913836,1.0,1.0,1.0,0.9453707456588745,1.0,1.0,1.0,0.5907975435256958,0.6666666666666666,1.0,0.8,0.9027552483603358,0.96875,0.9393939393939394,0.9538461538461539,0.7557733754316965,0.6666666666666666,0.6666666666666666,0.9179602696977812,1.0,1.0,32,33
PMC3460742_table_7,True,9,7,3,0.9052813318040636,1.0,1.0,1.0,0.9502150586673191,1.0,1.0,1.0,0.8788650631904602,1.0,1.0,1.0,0.8833360373973846,1.0,1.0,1.0,0.8788650631904602,1.0,1.0,0.8835799087177624,1.0,1.0,58,58
PMC3461471_table_2,True,5,5,2,0.9547777295112609,1.0,1.0,1.0,0.9332416653633118,1.0,1.0,1.0,0.4325970709323883,0.5,0.5,0.5,0.9017727198925886,0.9545454545454546,0.9130434782608695,0.9333333333333332,0.6620979756116867,0.5,0.5,0.9257401943206787,1.0,1.0,22,23
PMC3467280_table_0,False,14,4,0,0.9584602032388959,1.0,1.0,1.0,0.9755914807319641,1.0,1.0,1.0,0.0,1.0,1.0,1.0,0.9511821546724865,1.0,1.0,1.0,0.0,0.0,0.0,0.9511821546724865,1.0,1.0,56,56
PMC3468408_table_2,True,5,7,4,0.9501842021942138,1.0,1.0,1.0,0.9502869674137661,1.0,1.0,1.0,0.9012752622365952,1.0,1.0,1.0,0.9303683523208864,1.0,1.0,1.0,0.9012752622365952,1.0,1.0,0.9346784397407815,1.0,1.0,31,31
PMC3470558_table_1,True,15,4,1,0.928013535340627,1.0,1.0,1.0,0.8770655542612076,1.0,1.0,1.0,0.7278913855552673,1.0,1.0,1.0,0.825877621012219,1.0,1.0,1.0,0.7278913855552673,1.0,1.0,0.827567038864925,1.0,1.0,59,59
PMC3471998_table_2,True,7,5,2,0.9466541494641986,1.0,1.0,1.0,0.9735276341438294,1.0,1.0,1.0,0.9266010224819183,1.0,1.0,1.0,0.9399293245691241,1.0,1.0,1.0,0.9266010224819183,1.0,1.0,0.9407892150263633,1.0,1.0,33,33
PMC3478812_table_3,True,5,2,1,0.6620221257209777,0.8,1.0,0.888888888888889,0.9851881265640259,1.0,1.0,1.0,0.0,0.0,1.0,0.0,0.6376444556646876,0.7777777777777778,0.875,0.823529411764706,0.6253830194473267,1.0,1.0,0.6391771351918578,0.75,0.7999999999999999,9,8
PMC3480454_table_1,False,3,4,0,0.9586092829704285,1.0,1.0,1.0,0.9698466658592224,1.0,1.0,1.0,0.0,1.0,1.0,1.0,0.9595846583445867,1.0,1.0,1.0,0.0,0.0,0.0,0.9595846583445867,1.0,1.0,12,12
PMC3480840_table_3,False,17,3,0,0.950758183703703,1.0,1.0,1.0,0.9335547486941019,1.0,1.0,1.0,0.0,1.0,1.0,1.0,0.8983598561847911,1.0,1.0,1.0,0.0,0.0,0.0,0.8983598561847911,1.0,1.0,51,51
PMC3482696_table_2,False,14,7,0,0.9061887264251709,1.0,1.0,1.0,0.9338971546718052,1.0,1.0,1.0,0.0,1.0,1.0,1.0,0.8582443643589409,1.0,1.0,1.0,0.0,0.0,0.0,0.8582443643589409,1.0,1.0,98,98
PMC3483198_table_0,False,11,8,0,0.9460367614572699,1.0,1.0,1.0,0.9411323964595795,1.0,1.0,1.0,0.0,1.0,1.0,1.0,0.9025523337450895,1.0,1.0,1.0,0.0,0.0,0.0,0.9025523337450895,1.0,1.0,88,88
PMC3506454_table_0,False,7,2,0,0.8502398388726371,1.0,0.7,0.8235294117647058,0.7821085453033447,1.0,1.0,1.0,0.0,1.0,0.0,0.0,0.8556401687008994,1.0,0.7777777777777778,0.8750000000000001,0.0,0.0,0.0,0.8556401687008994,1.0,0.8750000000000001,14,18
PMC3511217_table_0,False,18,2,0,0.9340348045031229,1.0,1.0,1.0,0.9848539233207703,1.0,1.0,1.0,0.0,1.0,1.0,1.0,0.9288535101546181,1.0,1.0,1.0,0.0,0.0,0.0,0.9288535101546181,1.0,1.0,36,36
PMC3521742_table_0,False,19,2,0,0.9340249300003052,1.0,1.0,1.0,0.9601490795612335,1.0,1.0,1.0,0.0,1.0,1.0,1.0,0.9080522248619481,1.0,1.0,1.0,0.0,0.0,0.0,0.9080522248619481,1.0,1.0,38,38
PMC3523569_table_0,True,12,4,2,0.9121048500140508,1.0,0.9230769230769231,0.9600000000000001,0.8995196670293808,1.0,1.0,1.0,0.0,0.0,1.0,0.0,0.8344341999954648,0.9777777777777777,0.8461538461538461,0.9072164948453608,0.6643001586198807,0.5,0.5,0.8423474112222361,1.0,0.9347826086956522,45,52
PMC3526460_table_3,False,27,4,0,0.962295655851011,1.0,1.0,1.0,0.9828043282032013,1.0,1.0,1.0,0.0,1.0,1.0,1.0,0.9526617504932262,1.0,1.0,1.0,0.0,0.0,0.0,0.9526617504932262,1.0,1.0,108,108
PMC3528451_table_3,True,9,4,3,0.9095157119962904,1.0,1.0,1.0,0.9750035852193832,1.0,1.0,1.0,0.9426007270812988,1.0,1.0,1.0,0.906011270754265,1.0,1.0,1.0,0.9426007270812988,1.0,1.0,0.9023523251215617,1.0,1.0,33,33
PMC3532215_table_0,False,11,3,0,0.9729034033688632,1.0,1.0,1.0,0.9823249379793803,1.0,1.0,1.0,0.0,1.0,1.0,1.0,0.9680477200132428,1.0,1.0,1.0,0.0,0.0,0.0,0.9680477200132428,1.0,1.0,33,33
PMC3533800_table_1,False,8,4,0,0.8532521650195122,1.0,1.0,1.0,0.9482767879962921,1.0,1.0,1.0,0.0,1.0,1.0,1.0,0.8348902016878128,1.0,1.0,1.0,0.0,0.0,0.0,0.8348902016878128,1.0,1.0,32,32
PMC3544577_table_1,True,7,6,4,0.921027421951294,1.0,1.0,1.0,0.9606762131055196,1.0,1.0,1.0,0.9184999465942383,1.0,1.0,1.0,0.9088085215342673,1.0,1.0,1.0,0.9184999465942383,1.0,1.0,0.907668353880153,1.0,1.0,38,38
PMC3548827_table_2,True,22,11,12,0.9480421461842277,1.0,1.0,1.0,0.94084125215357,1.0,1.0,1.0,0.9088728229204813,1.0,0.9230769230769231,0.9600000000000001,0.8988765326413242,1.0,0.995475113122172,0.9977324263038548,0.9088728229204813,1.0,1.0,0.8982998235867574,1.0,1.0,220,221
PMC3558483_table_1,False,26,4,0,0.8972070515155792,1.0,1.0,1.0,0.9241489320993423,1.0,0.8,0.888888888888889,0.0,1.0,0.0,0.0,0.8708600178360939,1.0,0.859504132231405,0.9244444444444445,0.0,0.0,0.0,0.8708600178360939,1.0,0.9244444444444445,104,121
PMC3561065_table_1,True,10,5,3,0.8389280736446381,1.0,1.0,1.0,0.95262051820755,1.0,1.0,1.0,0.8910518089930216,1.0,1.0,1.0,0.8218530362302606,1.0,1.0,1.0,0.8910518089930216,1.0,1.0,0.8167897113939611,1.0,1.0,44,44
PMC3565888_table_2,False,10,5,0,0.9725399792194367,1.0,1.0,1.0,0.9808361887931824,1.0,1.0,1.0,0.0,1.0,1.0,1.0,0.9634704196453094,1.0,1.0,1.0,0.0,0.0,0.0,0.9634704196453094,1.0,1.0,50,50
PMC3575293_table_2,True,10,9,1,0.9415097713470459,1.0,1.0,1.0,0.9511712325943841,1.0,1.0,1.0,0.9610178470611572,1.0,0.125,0.2222222222222222,0.8041136639841487,0.9213483146067416,1.0,0.9590643274853802,0.9610178470611572,1.0,1.0,0.8023306619037281,0.9204545454545454,0.9585798816568047,89,82
PMC3583834_table_2,True,12,5,9,0.92249729235967,1.0,1.0,1.0,0.9709441184997558,1.0,1.0,1.0,0.9389505187670389,1.0,1.0,1.0,0.9225251351793607,1.0,1.0,1.0,0.9389505187670389,1.0,1.0,0.9187346620437427,1.0,1.0,48,48
PMC3584827_table_3,False,7,5,0,0.940479210444859,1.0,1.0,1.0,0.9564271569252014,1.0,1.0,1.0,0.0,1.0,1.0,1.0,0.9208704199109758,1.0,1.0,1.0,0.0,0.0,0.0,0.9208704199109758,1.0,1.0,35,35
PMC3585325_table_0,True,14,6,6,0.8824146645409721,1.0,1.0,1.0,0.968342532714208,1.0,1.0,1.0,0.909869541724523,1.0,0.6666666666666666,0.8,0.8465291139197676,0.9863013698630136,0.972972972972973,0.979591836734694,0.909869541724523,1.0,1.0,0.8408568368029239,0.9850746268656716,0.9850746268656716,73,74
PMC3590500_table_0,False,10,2,0,0.8626659035682678,1.0,1.0,1.0,0.9951242506504059,1.0,1.0,1.0,0.0,1.0,1.0,1.0,0.8624834060668946,1.0,1.0,1.0,0.0,0.0,0.0,0.8624834060668946,1.0,1.0,20,20
PMC3596303_table_0,True,13,6,1,0.9578841832967905,1.0,1.0,1.0,0.9760599831740061,1.0,1.0,1.0,0.9170490503311157,1.0,1.0,1.0,0.943712859184711,1.0,1.0,1.0,0.9170490503311157,1.0,1.0,0.9440636987748899,1.0,1.0,77,77
PMC3599895_table_0,False,7,2,0,0.9398500919342041,1.0,1.0,1.0,0.9773847162723541,1.0,1.0,1.0,0.0,1.0,1.0,1.0,0.9405011364391872,1.0,1.0,1.0,0.0,0.0,0.0,0.9405011364391872,1.0,1.0,14,14
PMC3602958_table_5,False,14,2,0,0.8956482112407684,1.0,1.0,1.0,0.9794098436832428,1.0,1.0,1.0,0.0,1.0,1.0,1.0,0.8891732884304864,1.0,1.0,1.0,0.0,0.0,0.0,0.8891732884304864,1.0,1.0,28,28
PMC3608654_table_4,True,17,5,3,0.9368286483428058,1.0,1.0,1.0,0.9578526258468628,1.0,1.0,1.0,0.8978392680486044,1.0,1.0,1.0,0.9096552293475081,1.0,1.0,1.0,0.8978392680486044,1.0,1.0,0.9101039367386058,1.0,1.0,82,82
PMC3614478_table_6,True,7,3,3,0.8675003520080021,0.8571428571428571,0.75,0.7999999999999999,0.967883030573527,1.0,1.0,1.0,0.7728569507598877,1.0,1.0,1.0,0.8553959760400984,0.9444444444444444,1.0,0.9714285714285714,0.7728569507598877,1.0,1.2,0.8719037810961405,0.9333333333333333,0.9655172413793104,18,17
PMC3614987_table_0,False,31,2,0,0.922204186839442,1.0,1.0,1.0,0.9754576086997986,1.0,1.0,1.0,0.0,1.0,1.0,1.0,0.919000594846664,1.0,1.0,1.0,0.0,0.0,0.0,0.919000594846664,1.0,1.0,62,62
PMC3616988_table_1,True,11,10,13,0.9171362898566506,1.0,1.0,1.0,0.895726889371872,1.0,1.0,1.0,0.8640231398435739,1.0,0.8125,0.896551724137931,0.8433410370101532,1.0,0.9696969696969697,0.9846153846153847,0.8640231398435739,1.0,1.0,0.8401016715061234,1.0,0.988095238095238,96,99
PMC3637411_table_1,False,8,6,0,0.9333170503377914,1.0,1.0,1.0,0.9499622086683909,1.0,1.0,1.0,0.0,1.0,1.0,1.0,0.9030667692422867,1.0,1.0,1.0,0.0,0.0,0.0,0.9030667692422867,1.0,1.0,48,48
PMC3638621_table_1,False,25,2,0,0.7337877869606018,0.84,0.84,0.8399999999999999,0.9886345863342285,1.0,1.0,1.0,0.0,1.0,1.0,1.0,0.7338190042972564,0.84,0.84,0.8399999999999999,0.0,0.0,0.0,0.7338190042972564,0.84,0.8399999999999999,50,50
PMC3638621_table_2,False,25,4,0,0.8597642540931701,1.0,1.0,1.0,0.9689161479473114,1.0,1.0,1.0,0.0,1.0,1.0,1.0,0.840502997636795,1.0,1.0,1.0,0.0,0.0,0.0,0.840502997636795,1.0,1.0,100,100
PMC3640901_table_1,False,7,4,0,0.942437367779868,1.0,1.0,1.0,0.9831714630126953,1.0,1.0,1.0,0.0,1.0,1.0,1.0,0.9406748243740627,1.0,1.0,1.0,0.0,0.0,0.0,0.9406748243740627,1.0,1.0,28,28
PMC3641966_table_2,True,42,7,4,0.8423253837085906,1.0,0.8235294117647058,0.9032258064516129,0.9563707453863961,1.0,1.0,1.0,0.8946862518787384,1.0,1.0,1.0,0.8138707402451285,0.9793103448275862,0.8045325779036827,0.8833592534992224,0.8946862518787384,1.0,1.0,0.8127404533691339,0.9790209790209791,0.8832807570977917,290,353
PMC3644285_table_2,True,32,5,5,0.8894918747246265,1.0,1.0,1.0,0.970824921131134,1.0,1.0,1.0,0.9329112291336059,1.0,1.0,1.0,0.8745688146160495,1.0,1.0,1.0,0.9329112291336059,1.0,1.0,0.8726240674654643,1.0,1.0,155,155
PMC3651087_table_1,False,5,9,0,0.9435035347938537,1.0,1.0,1.0,0.9408401979340447,1.0,1.0,1.0,0.0,1.0,1.0,1.0,0.9189415680037605,1.0,1.0,1.0,0.0,0.0,0.0,0.9189415680037605,1.0,1.0,45,45
PMC3651293_table_0,False,25,5,0,0.9269266176223755,1.0,1.0,1.0,0.9597817420959472,1.0,1.0,1.0,0.0,1.0,1.0,1.0,0.9002041015625,1.0,1.0,1.0,0.0,0.0,0.0,0.9002041015625,1.0,1.0,125,125
PMC3655107_table_2,True,10,8,3,0.9006776213645935,1.0,1.0,1.0,0.9356428980827332,1.0,1.0,1.0,0.9424923459688822,1.0,0.75,0.8571428571428571,0.8837601463584339,1.0,0.9855072463768116,0.9927007299270074,0.9424923459688822,1.0,1.0,0.8810494294533363,1.0,1.0,68,69
PMC3661577_table_1,True,15,5,3,0.9320200244585674,1.0,1.0,1.0,0.9607202768325805,1.0,1.0,1.0,0.9174468715985616,1.0,1.0,1.0,0.9124512498577436,1.0,1.0,1.0,0.9174468715985616,1.0,1.0,0.9122340489124906,1.0,1.0,72,72
PMC3665256_table_0,False,3,2,0,0.9401388168334961,1.0,1.0,1.0,0.9365018308162689,1.0,1.0,1.0,0.0,1.0,1.0,1.0,0.9154702226320902,1.0,1.0,1.0,0.0,0.0,0.0,0.9154702226320902,1.0,1.0,6,6
PMC3674896_table_1,True,22,5,3,0.9627805162559856,1.0,1.0,1.0,0.9726262807846069,1.0,1.0,1.0,0.9072948694229126,1.0,1.0,1.0,0.9478472802998885,1.0,1.0,1.0,0.9072948694229126,1.0,1.0,0.9490284184807712,1.0,1.0,106,106
PMC3684599_table_0,True,17,7,4,0.9468160762506372,1.0,1.0,1.0,0.9569762008530753,1.0,1.0,1.0,0.9387234151363373,1.0,1.0,1.0,0.922596666087275,1.0,1.0,1.0,0.9387234151363373,1.0,1.0,0.9220155219773989,1.0,1.0,115,115
PMC3686617_table_0,True,8,6,5,0.9635964930057526,1.0,1.0,1.0,0.9715854227542877,1.0,1.0,1.0,0.9405400872230529,1.0,0.8333333333333334,0.9090909090909091,0.9217980150566545,0.9534883720930233,0.9761904761904762,0.9647058823529412,0.9405400872230529,1.0,1.1111111111111112,0.9193319529294968,0.9473684210526315,0.9599999999999999,43,42
PMC3695848_table_0,False,5,3,0,0.9276063919067383,1.0,1.0,1.0,0.9400539000829061,1.0,1.0,1.0,0.0,1.0,1.0,1.0,0.8947126587231954,1.0,1.0,1.0,0.0,0.0,0.0,0.8947126587231954,1.0,1.0,15,15
PMC3695856_table_1,True,36,4,12,0.8725781324836943,1.0,0.8571428571428571,0.923076923076923,0.9479010999202728,1.0,1.0,1.0,0.6525873293479284,0.8333333333333334,1.0,0.9090909090909091,0.8250614478588104,0.976,0.8356164383561644,0.9003690036900369,0.7322441215316454,0.8333333333333334,0.7692307692307692,0.8349181550793943,0.9911504424778761,0.9180327868852459,125,146
PMC3699378_table_0,False,9,6,0,0.9612847367922465,1.0,1.0,1.0,0.982343057791392,1.0,1.0,1.0,0.0,1.0,1.0,1.0,0.9588618278503418,1.0,1.0,1.0,0.0,0.0,0.0,0.9588618278503418,1.0,1.0,54,54
PMC3699378_table_1,False,6,6,0,0.9208224813143412,1.0,1.0,1.0,0.9572096864382426,1.0,1.0,1.0,0.0,1.0,1.0,1.0,0.90212715168794,1.0,1.0,1.0,0.0,0.0,0.0,0.90212715168794,1.0,1.0,36,36
PMC3699476_table_0,True,7,4,2,0.9206113219261169,1.0,1.0,1.0,0.9596562832593918,1.0,1.0,1.0,0.9330276548862457,1.0,1.0,1.0,0.9040027832984925,1.0,1.0,1.0,0.9330276548862457,1.0,1.0,0.9014788814212965,1.0,1.0,25,25
PMC3704517_table_0,False,31,4,0,0.6555043478165904,0.7419354838709677,0.5227272727272727,0.6133333333333333,0.8966013640165329,1.0,1.0,1.0,0.0,1.0,0.0,0.0,0.5876381130468461,0.6370967741935484,0.4647058823529412,0.5374149659863946,0.0,0.0,0.0,0.5876381130468461,0.6370967741935484,0.5374149659863946,124,170
PMC4344310_table_9,True,7,9,3,0.9659966400691441,1.0,1.0,1.0,0.942368765672048,1.0,1.0,1.0,0.9492744406064352,1.0,1.0,1.0,0.9244398751429149,1.0,1.0,1.0,0.9492744406064352,1.0,1.0,0.9230341450223383,1.0,1.0,56,56
PMC4347569_table_0,True,17,4,3,0.9583471908288843,1.0,1.0,1.0,0.9828129410743713,1.0,1.0,1.0,0.9047939976056417,1.0,0.6,0.7499999999999999,0.9055786453760587,0.9384615384615385,0.9682539682539683,0.953125,0.9047939976056417,1.0,1.2,0.9056166122036595,0.9354838709677419,0.9508196721311476,65,63
PMC4349827_table_2,True,21,13,6,0.7968292974290394,0.9523809523809523,0.9523809523809523,0.9523809523809523,0.7809967719591581,0.9230769230769231,0.8571428571428571,0.888888888888889,0.8008248408635458,1.0,0.8571428571428571,0.923076923076923,0.6378471148148012,0.7228464419475655,0.6701388888888888,0.6954954954954955,0.8008248408635458,1.0,1.0,0.634100500422876,0.7164750957854407,0.6900369003690038,267,288
PMC4351901_table_0,False,6,3,0,0.5576234459877014,0.6666666666666666,0.8,0.7272727272727272,0.9668712417284647,1.0,1.0,1.0,0.0,1.0,1.0,1.0,0.5566419512033463,0.6666666666666666,0.8,0.7272727272727272,0.0,0.0,0.0,0.5566419512033463,0.6666666666666666,0.7272727272727272,18,15
PMC4356560_table_4,False,3,7,0,0.9221672614415487,1.0,1.0,1.0,0.9360146607671466,1.0,1.0,1.0,0.0,1.0,1.0,1.0,0.8958238959312439,1.0,1.0,1.0,0.0,0.0,0.0,0.8958238959312439,1.0,1.0,21,21
PMC4357215_table_1,True,13,3,3,0.9141652308977567,1.0,1.0,1.0,0.9750267267227173,1.0,1.0,1.0,0.7886561155319214,1.0,1.0,1.0,0.8192326445733348,0.9032258064516129,1.0,0.9491525423728813,0.7886561155319214,1.0,1.2,0.8225087012563433,0.8928571428571429,0.9433962264150945,31,28
PMC4358912_table_0,True,5,7,3,0.9291542410850525,1.0,1.0,1.0,0.943164587020874,1.0,1.0,1.0,0.9119215210278829,1.0,1.0,1.0,0.9093034844845533,1.0,1.0,1.0,0.9119215210278829,1.0,1.0,0.909032653118002,1.0,1.0,32,32
PMC4359770_table_2,False,13,9,0,0.9632357496481675,1.0,1.0,1.0,0.9684348371293809,1.0,1.0,1.0,0.0,1.0,1.0,1.0,0.9409301871927376,1.0,1.0,1.0,0.0,0.0,0.0,0.9409301871927376,1.0,1.0,117,117
PMC4361686_table_2,False,17,6,0,0.761393385774949,0.8823529411764706,0.75,0.8108108108108107,0.9212125341097513,1.0,1.0,1.0,0.0,1.0,1.0,1.0,0.727466402684941,0.8627450980392157,0.7333333333333333,0.7927927927927927,0.0,0.0,0.0,0.727466402684941,0.8627450980392157,0.7927927927927927,102,120
PMC4367084_table_0,False,11,11,0,0.9184979200363159,1.0,1.0,1.0,0.8998532674529336,1.0,1.0,1.0,0.0,1.0,1.0,1.0,0.8443236602239372,1.0,1.0,1.0,0.0,0.0,0.0,0.8443236602239372,1.0,1.0,121,121
PMC4368674_table_2,False,21,4,0,0.9427832393419175,1.0,1.0,1.0,0.9859145134687424,1.0,1.0,1.0,0.0,1.0,1.0,1.0,0.9354928944792066,1.0,1.0,1.0,0.0,0.0,0.0,0.9354928944792066,1.0,1.0,84,84
PMC4376939_table_0,False,30,4,0,0.9344431678454082,1.0,0.967741935483871,0.9836065573770492,0.9878911674022675,1.0,1.0,1.0,0.0,1.0,1.0,1.0,0.92847517679135,1.0,0.967741935483871,0.9836065573770492,0.0,0.0,0.0,0.92847517679135,1.0,0.9836065573770492,120,124
PMC4382224_table_3,True,15,4,2,0.9367644190788269,1.0,1.0,1.0,0.9770115166902542,1.0,1.0,1.0,0.9193063974380493,1.0,1.0,1.0,0.9251454284316615,1.0,1.0,1.0,0.9193063974380493,1.0,1.0,0.9253577568314292,1.0,1.0,57,57
PMC4386824_table_4,False,26,4,0,0.9187206671788142,1.0,1.0,1.0,0.9773973077535629,1.0,1.0,1.0,0.0,1.0,1.0,1.0,0.9089424719031041,1.0,1.0,1.0,0.0,0.0,0.0,0.9089424719031041,1.0,1.0,104,104
PMC4390989_table_0,False,4,5,0,0.9208580255508423,1.0,1.0,1.0,0.9407207369804382,1.0,1.0,1.0,0.0,1.0,1.0,1.0,0.8914217531681061,1.0,1.0,1.0,0.0,0.0,0.0,0.8914217531681061,1.0,1.0,20,20
PMC4397815_table_0,True,11,3,3,0.943504664030942,1.0,1.0,1.0,0.973218560218811,1.0,1.0,1.0,0.9387090007464091,1.0,1.0,1.0,0.9408586899439494,1.0,1.0,1.0,0.9387090007464091,1.0,1.0,0.9410975442992316,1.0,1.0,30,30
PMC4402679_table_0,False,14,6,0,0.9467748190675463,1.0,1.0,1.0,0.9646609326203665,1.0,1.0,1.0,0.0,1.0,1.0,1.0,0.923200826559748,1.0,1.0,1.0,0.0,0.0,0.0,0.923200826559748,1.0,1.0,84,84
PMC4404307_table_4,True,8,5,2,0.9237641021609306,1.0,1.0,1.0,0.9600719451904297,1.0,1.0,1.0,0.9826575815677643,1.0,1.0,1.0,0.8961284226841397,1.0,1.0,1.0,0.9826575815677643,1.0,1.0,0.8910384721615735,1.0,1.0,36,36
PMC4405071_table_2,True,11,7,3,0.7343814074993134,0.9090909090909091,0.8333333333333334,0.8695652173913043,0.9106142095157078,1.0,1.0,1.0,0.9093741575876871,1.0,0.75,0.8571428571428571,0.6966584829820527,0.75,0.6835443037974683,0.7152317880794701,0.9093741575876871,1.0,1.0,0.6874099753905034,0.7391304347826086,0.7083333333333334,72,79
PMC4414192_table_1,True,5,9,3,0.936704671382904,1.0,1.0,1.0,0.9448435968822904,1.0,1.0,1.0,0.9579969048500061,1.0,1.0,1.0,0.9022522140771915,1.0,1.0,1.0,0.9579969048500061,1.0,1.0,0.897606823179457,1.0,1.0,39,39
PMC4416288_table_0,False,21,7,0,0.9621241717111497,1.0,1.0,1.0,0.9760639837809971,1.0,1.0,1.0,0.0,1.0,1.0,1.0,0.9454172805053036,1.0,1.0,1.0,0.0,0.0,0.0,0.9454172805053036,1.0,1.0,147,147
PMC4419264_table_3,False,6,8,0,0.9197914401690165,1.0,1.0,1.0,0.9268032237887383,1.0,1.0,1.0,0.0,1.0,1.0,1.0,0.8713102514545122,1.0,1.0,1.0,0.0,0.0,0.0,0.8713102514545122,1.0,1.0,48,48
PMC4422521_table_0,True,10,22,5,0.9424587905406951,1.0,1.0,1.0,0.66681008040905,0.6363636363636364,0.5185185185185185,0.5714285714285714,0.8915731906890869,1.0,1.0,1.0,0.644638046695681,0.6108374384236454,0.5,0.5498891352549888,0.8915731906890869,1.0,0.9090909090909091,0.6384023107362516,0.601010101010101,0.5421412300683371,203,248
PMC4423015_table_3,False,6,4,0,0.9612061083316803,1.0,1.0,1.0,0.9807432144880295,1.0,1.0,1.0,0.0,1.0,1.0,1.0,0.9454023316502571,1.0,1.0,1.0,0.0,0.0,0.0,0.9454023316502571,1.0,1.0,24,24
PMC4423219_table_0,False,4,7,0,0.8016577064990997,1.0,1.0,1.0,0.9297863245010376,1.0,1.0,1.0,0.0,1.0,0.0,0.0,0.692535974085331,0.8928571428571429,0.9615384615384616,0.9259259259259259,0.0,0.0,0.0,0.692535974085331,0.8928571428571429,0.9259259259259259,28,26
PMC4425189_table_1,False,19,4,0,0.9616150134488156,1.0,1.0,1.0,0.9802299439907074,1.0,1.0,1.0,0.0,1.0,1.0,1.0,0.9547322910082968,1.0,1.0,1.0,0.0,0.0,0.0,0.9547322910082968,1.0,1.0,76,76
PMC4429415_table_0,False,10,8,0,0.9500969827175141,1.0,1.0,1.0,0.9550286680459976,1.0,1.0,1.0,0.0,1.0,1.0,1.0,0.917734882235527,1.0,1.0,1.0,0.0,0.0,0.0,0.917734882235527,1.0,1.0,80,80
PMC4430217_table_2,False,12,2,0,0.9697045783201853,1.0,1.0,1.0,0.98391193151474,1.0,1.0,1.0,0.0,1.0,1.0,1.0,0.9649431382616361,1.0,1.0,1.0,0.0,0.0,0.0,0.9649431382616361,1.0,1.0,24,24
PMC4430806_table_1,False,22,10,0,0.8977097950198434,1.0,1.0,1.0,0.9322548508644104,1.0,1.0,1.0,0.0,1.0,1.0,1.0,0.8458132508126173,1.0,1.0,1.0,0.0,0.0,0.0,0.8458132508126173,1.0,1.0,220,220
PMC4446912_table_2,True,13,11,14,0.9200509970004742,1.0,1.0,1.0,0.9137411984530363,1.0,1.0,1.0,0.8742160073348454,1.0,0.9333333333333333,0.9655172413793104,0.8460219404736503,0.9836065573770492,0.9917355371900827,0.9876543209876544,0.8742160073348454,1.0,1.0370370370370372,0.8423671540286806,0.9814814814814815,0.986046511627907,122,121
PMC4448174_table_0,True,10,5,4,0.9668265402317047,1.0,1.0,1.0,0.9737419366836548,1.0,1.0,1.0,0.8272103518247604,1.0,0.8,0.888888888888889,0.9037181680852716,0.9545454545454546,0.9767441860465116,0.9655172413793104,0.8272103518247604,1.0,1.142857142857143,0.9113689497113228,0.95,0.9620253164556962,44,43
PMC4460001_table_1,False,8,3,0,0.9448673203587532,1.0,1.0,1.0,0.9596822460492452,1.0,1.0,1.0,0.0,1.0,1.0,1.0,0.9218059380849203,1.0,1.0,1.0,0.0,0.0,0.0,0.9218059380849203,1.0,1.0,24,24
PMC4460021_table_0,False,10,5,0,0.9434912204742432,1.0,1.0,1.0,0.9801143646240235,1.0,1.0,1.0,0.0,1.0,1.0,1.0,0.93841104388237,1.0,1.0,1.0,0.0,0.0,0.0,0.93841104388237,1.0,1.0,50,50
PMC4460118_table_0,True,6,6,7,0.9491357405980428,1.0,1.0,1.0,0.9611126283804575,1.0,1.0,1.0,0.916246771812439,1.0,0.875,0.9333333333333333,0.9382630401644213,1.0,0.9666666666666667,0.983050847457627,0.916246771812439,1.0,1.0,0.9452682164582339,1.0,1.0,29,30
PMC4460960_table_2,True,4,9,2,0.8933272063732147,1.0,1.0,1.0,0.8955484429995219,1.0,1.0,1.0,0.8750587105751038,1.0,0.6666666666666666,0.8,0.7892687737941741,0.9333333333333333,0.9655172413793104,0.9491525423728815,0.8750587105751038,1.0,1.3333333333333333,0.783140921166965,0.9285714285714286,0.9454545454545454,30,29
PMC4462176_table_1,True,42,5,5,0.6941150661025729,0.9285714285714286,0.7647058823529411,0.8387096774193549,0.8839204430580139,1.0,0.8333333333333334,0.9090909090909091,0.4038106262683868,0.4,0.4,0.4000000000000001,0.7057290779381263,0.9609756097560975,0.6588628762541806,0.7817460317460317,0.4038106262683868,0.4,0.3333333333333333,0.7132770392298698,0.975,0.7942973523421588,205,299
PMC4464132_table_1,False,12,5,0,0.9288462450106939,1.0,1.0,1.0,0.9786515712738038,1.0,1.0,1.0,0.0,1.0,1.0,1.0,0.9201872011025747,1.0,1.0,1.0,0.0,0.0,0.0,0.9201872011025747,1.0,1.0,60,60
PMC4464884_table_10,False,6,3,0,0.8915056188901266,1.0,1.0,1.0,0.9569339354832967,1.0,1.0,1.0,0.0,1.0,1.0,1.0,0.8860618505212996,1.0,1.0,1.0,0.0,0.0,0.0,0.8860618505212996,1.0,1.0,18,18
PMC4465167_table_0,False,10,2,0,0.9450345456600189,1.0,1.0,1.0,0.9605854451656342,1.0,1.0,1.0,0.0,1.0,1.0,1.0,0.9292548865079879,1.0,1.0,1.0,0.0,0.0,0.0,0.9292548865079879,1.0,1.0,20,20
PMC4470362_table_1,False,8,3,0,0.9270039647817612,1.0,1.0,1.0,0.9723724921544393,1.0,1.0,1.0,0.0,1.0,0.0,0.0,0.8261092863976955,0.875,0.9545454545454546,0.9130434782608695,0.0,0.0,0.0,0.8261092863976955,0.875,0.9130434782608695,24,22
PMC4475293_table_0,True,30,4,6,0.8954937438170115,1.0,0.967741935483871,0.9836065573770492,0.9800242334604263,1.0,1.0,1.0,0.6115855971972147,0.6666666666666666,1.0,0.8,0.8746996572962752,0.9819819819819819,0.9083333333333333,0.9437229437229437,0.7183923870325089,0.6666666666666666,0.6666666666666666,0.8836315013113476,1.0,0.9633027522935781,111,120
PMC4477319_table_0,True,9,7,10,0.8521724475754632,1.0,1.0,1.0,0.9584207534790039,1.0,1.0,1.0,0.4395157992839813,0.4,0.5714285714285714,0.47058823529411764,0.6780019389822128,0.8085106382978723,0.926829268292683,0.8636363636363636,0.4395157992839813,0.4,0.4444444444444445,0.7424576524141673,0.918918918918919,0.9855072463768118,47,41
PMC4494277_table_1,True,10,6,8,0.3905767023563385,0.4,0.6666666666666666,0.5,0.9692081411679586,1.0,1.0,1.0,0.0,0.0,1.0,0.0,0.5113623996193593,0.5192307692307693,0.75,0.6136363636363638,0.9483429118990898,1.0,1.2307692307692308,0.43191139738668094,0.4318181818181818,0.5135135135135135,52,36
PMC4499909_table_1,False,30,8,0,0.9270035823186239,1.0,0.9375,0.967741935483871,0.9632449224591255,1.0,1.0,1.0,0.0,1.0,1.0,1.0,0.9014749154448509,1.0,0.9375,0.967741935483871,0.0,0.0,0.0,0.9014749154448509,1.0,0.967741935483871,240,256
PMC4502461_table_0,True,43,5,6,0.9009752107221026,0.9767441860465116,0.8076923076923077,0.8842105263157894,0.98515465259552,1.0,1.0,1.0,0.8575040300687155,1.0,1.0,1.0,0.8955005970105384,0.9757281553398058,0.8007968127490039,0.8796498905908097,0.8575040300687155,1.0,0.923076923076923,0.8966404940187931,0.975,0.8803611738148984,206,251
PMC4513706_table_1,False,13,2,0,0.9553827276596656,1.0,1.0,1.0,0.968193531036377,1.0,1.0,1.0,0.0,1.0,1.0,1.0,0.942984000994609,1.0,1.0,1.0,0.0,0.0,0.0,0.942984000994609,1.0,1.0,26,26
PMC4517649_table_0,False,5,2,0,0.9101636409759521,1.0,1.0,1.0,0.9843913316726685,1.0,1.0,1.0,0.0,1.0,1.0,1.0,0.9136959493160248,1.0,1.0,1.0,0.0,0.0,0.0,0.9136959493160248,1.0,1.0,10,10
PMC4517966_table_0,False,5,6,0,0.9357164621353149,1.0,1.0,1.0,0.945353627204895,1.0,1.0,1.0,0.0,1.0,1.0,1.0,0.9066769917805989,1.0,1.0,1.0,0.0,0.0,0.0,0.9066769917805989,1.0,1.0,30,30
PMC4523888_table_0,False,17,6,0,0.8918898736729342,1.0,1.0,1.0,0.968032032251358,1.0,1.0,1.0,0.0,1.0,1.0,1.0,0.8801464789053973,1.0,1.0,1.0,0.0,0.0,0.0,0.8801464789053973,1.0,1.0,102,102
PMC4528079_table_0,False,31,5,0,0.9151733363828352,1.0,0.96875,0.9841269841269841,0.9627537131309509,1.0,1.0,1.0,0.0,1.0,1.0,1.0,0.8883158827981641,0.967741935483871,0.9375,0.9523809523809523,0.0,0.0,0.0,0.8883158827981641,0.967741935483871,0.9523809523809523,155,160
PMC4537032_table_0,True,5,8,8,0.8243965268135071,1.0,1.0,1.0,0.9518316686153412,1.0,1.0,1.0,0.8583575561642647,1.0,1.0,1.0,0.8470945377503672,1.0,1.0,1.0,0.8583575561642647,1.0,1.0,0.843176966128142,1.0,1.0,31,31
PMC4537547_table_0,False,28,5,0,0.9468857901436942,1.0,1.0,1.0,0.9823752522468567,1.0,1.0,1.0,0.0,1.0,1.0,1.0,0.93797610274383,1.0,1.0,1.0,0.0,0.0,0.0,0.93797610274383,1.0,1.0,140,140
PMC4537607_table_1,True,7,5,1,0.9782767040388924,1.0,1.0,1.0,0.9760688900947571,1.0,1.0,1.0,0.401377409696579,0.0,0.0,0.0,0.8904289804837283,0.9117647058823529,0.96875,0.9393939393939394,0.401377409696579,0.0,0.0,0.9052487250530359,0.9393939393939394,0.96875,34,32
PMC4540271_table_1,False,7,2,0,0.9372385399682182,1.0,1.0,1.0,0.9712148308753967,1.0,1.0,1.0,0.0,1.0,1.0,1.0,0.9368044478552682,1.0,1.0,1.0,0.0,0.0,0.0,0.9368044478552682,1.0,1.0,14,14
PMC4541081_table_0,True,10,4,6,0.9134309351444244,1.0,1.0,1.0,0.9740881621837616,1.0,1.0,1.0,0.90610999862353,1.0,0.8571428571428571,0.923076923076923,0.9128460586071014,1.0,0.9714285714285714,0.9855072463768115,0.90610999862353,1.0,1.0,0.9142895000321525,1.0,1.0,34,35
PMC4563628_table_0,False,4,2,0,0.9065863937139511,1.0,1.0,1.0,0.9717814326286316,1.0,1.0,1.0,0.0,1.0,1.0,1.0,0.8997191190719604,1.0,1.0,1.0,0.0,0.0,0.0,0.8997191190719604,1.0,1.0,8,8
PMC4567825_table_1,True,16,5,2,0.9267498292028904,1.0,1.0,1.0,0.962439215183258,1.0,1.0,1.0,0.8083657026290894,1.0,1.0,1.0,0.9171542172369204,1.0,1.0,1.0,0.8083657026290894,1.0,1.0,0.9200944473614564,1.0,1.0,76,76
PMC4569333_table_0,False,14,2,0,0.9687345496245793,1.0,1.0,1.0,0.9833533763885498,1.0,1.0,1.0,0.0,1.0,1.0,1.0,0.962798440030643,1.0,1.0,1.0,0.0,0.0,0.0,0.962798440030643,1.0,1.0,28,28
PMC4573522_table_1,False,5,3,0,0.945250678062439,1.0,1.0,1.0,0.9684808055559794,1.0,1.0,1.0,0.0,1.0,1.0,1.0,0.9365176359812418,1.0,1.0,1.0,0.0,0.0,0.0,0.9365176359812418,1.0,1.0,15,15
PMC4587829_table_1,True,12,5,3,0.9593792408704758,1.0,1.0,1.0,0.9656180739402771,1.0,1.0,1.0,0.9160540501276652,1.0,1.0,1.0,0.943116443497794,1.0,1.0,1.0,0.9160540501276652,1.0,1.0,0.9446482770847824,1.0,1.0,56,56
PMC4595281_table_1,False,11,3,0,0.9636784954504534,1.0,1.0,1.0,0.9776002566019694,1.0,1.0,1.0,0.0,1.0,1.0,1.0,0.9542638677539248,1.0,1.0,1.0,0.0,0.0,0.0,0.9542638677539248,1.0,1.0,33,33
PMC4602069_table_0,True,16,2,1,0.7310551702976227,0.875,1.0,0.9333333333333333,0.9750237166881561,1.0,1.0,1.0,0.0,0.0,1.0,0.0,0.7898016353448232,0.9333333333333333,1.0,0.9655172413793104,0.9478945732116699,1.0,1.0,0.784350154728725,0.9310344827586207,0.9642857142857143,30,28
PMC4609322_table_0,True,12,4,3,0.6563215777277946,0.5833333333333334,0.3684210526315789,0.4516129032258065,0.9746509343385696,1.0,1.0,1.0,0.910429318745931,1.0,0.15789473684210525,0.2727272727272727,0.752956704960929,0.6888888888888889,0.5081967213114754,0.5849056603773585,0.910429318745931,1.0,0.8571428571428571,0.7417086611191431,0.6666666666666666,0.5714285714285715,45,61
PMC4626398_table_1,False,7,7,0,0.9567129697118487,1.0,1.0,1.0,0.9571453418050494,1.0,1.0,1.0,0.0,1.0,1.0,1.0,0.9326229302250609,1.0,1.0,1.0,0.0,0.0,0.0,0.9326229302250609,1.0,1.0,49,49
PMC4626843_table_0,False,9,3,0,0.9643971721331278,1.0,1.0,1.0,0.9747968713442484,1.0,1.0,1.0,0.0,1.0,1.0,1.0,0.9484374854299757,1.0,1.0,1.0,0.0,0.0,0.0,0.9484374854299757,1.0,1.0,27,27
PMC4627571_table_0,False,13,7,0,0.9675963108356183,1.0,1.0,1.0,0.9537938492638725,1.0,1.0,1.0,0.0,1.0,1.0,1.0,0.9320594439139733,1.0,1.0,1.0,0.0,0.0,0.0,0.9320594439139733,1.0,1.0,91,91
PMC4628315_table_3,False,8,9,0,0.9480706006288528,1.0,1.0,1.0,0.9680679904090034,1.0,1.0,1.0,0.0,1.0,1.0,1.0,0.9240685494409667,1.0,1.0,1.0,0.0,0.0,0.0,0.9240685494409667,1.0,1.0,72,72
PMC4633130_table_0,False,5,7,0,0.9487065672874451,1.0,1.0,1.0,0.9535081727164132,1.0,1.0,1.0,0.0,1.0,1.0,1.0,0.9290298683302743,1.0,1.0,1.0,0.0,0.0,0.0,0.9290298683302743,1.0,1.0,35,35
PMC4634499_table_0,False,8,4,0,0.9695382639765739,1.0,1.0,1.0,0.9791955649852753,1.0,1.0,1.0,0.0,1.0,1.0,1.0,0.9573384188115597,1.0,1.0,1.0,0.0,0.0,0.0,0.9573384188115597,1.0,1.0,32,32
PMC4636288_table_0,False,13,8,0,0.9021722261722271,1.0,1.0,1.0,0.9650098904967308,1.0,1.0,1.0,0.0,1.0,1.0,1.0,0.8811363881597152,1.0,1.0,1.0,0.0,0.0,0.0,0.8811363881597152,1.0,1.0,104,104
PMC4636288_table_7,True,6,5,3,0.9093886117140452,1.0,1.0,1.0,0.9365023374557495,1.0,1.0,1.0,0.8661379814147949,1.0,1.0,1.0,0.8987409495390378,1.0,1.0,1.0,0.8661379814147949,1.0,1.0,0.9029935105987217,1.0,1.0,26,26
PMC4640420_table_0,True,14,9,5,0.9365635173661369,1.0,1.0,1.0,0.9383591281043159,1.0,1.0,1.0,0.9588564872741699,1.0,1.0,1.0,0.8878581248039057,1.0,1.0,1.0,0.9588564872741699,1.0,1.0,0.8847978505594977,1.0,1.0,121,121
PMC4647651_table_0,False,8,5,0,0.9365263506770134,1.0,1.0,1.0,0.9585834741592407,1.0,1.0,1.0,0.0,1.0,1.0,1.0,0.9066359668970108,1.0,1.0,1.0,0.0,0.0,0.0,0.9066359668970108,1.0,1.0,40,40
PMC4652359_table_0,True,19,5,6,0.9553306447832208,1.0,1.0,1.0,0.9776373267173767,1.0,1.0,1.0,0.9398816923300425,1.0,1.0,1.0,0.9425020821123238,1.0,1.0,1.0,0.9398816923300425,1.0,1.0,0.942706268329125,1.0,1.0,83,83
PMC4657899_table_0,True,30,5,4,0.9583708067735036,1.0,0.967741935483871,0.9836065573770492,0.9261556982994079,1.0,1.0,1.0,0.6588932871818542,0.75,1.0,0.8571428571428571,0.89471322996863,1.0,0.9602649006622517,0.9797297297297297,0.8216286301612854,1.0,1.0,0.8967865519489803,1.0,0.9825783972125435,145,151
PMC4661230_table_2,False,4,5,0,0.818475529551506,1.0,1.0,1.0,0.9221992373466492,1.0,1.0,1.0,0.0,1.0,1.0,1.0,0.8104610085487366,1.0,1.0,1.0,0.0,0.0,0.0,0.8104610085487366,1.0,1.0,20,20
PMC4667222_table_1,False,4,4,0,0.9732411205768585,1.0,1.0,1.0,0.9533688426017761,1.0,1.0,1.0,0.0,1.0,1.0,1.0,0.9536796286702156,1.0,1.0,1.0,0.0,0.0,0.0,0.9536796286702156,1.0,1.0,16,16
PMC4675515_table_0,False,26,6,0,0.9046742778557998,1.0,1.0,1.0,0.9728028476238251,1.0,1.0,1.0,0.0,1.0,1.0,1.0,0.8840533147255579,1.0,1.0,1.0,0.0,0.0,0.0,0.8840533147255579,1.0,1.0,156,156
PMC4676113_table_2,True,29,8,4,0.906662901927685,1.0,1.0,1.0,0.9587386772036552,1.0,1.0,1.0,0.8571161478757858,1.0,1.0,1.0,0.8826800566331475,1.0,1.0,1.0,0.8571161478757858,1.0,1.0,0.8831406676017486,1.0,1.0,226,226
PMC4687643_table_0,False,14,4,0,0.9588038367884499,1.0,1.0,1.0,0.9693310260772705,1.0,1.0,1.0,0.0,1.0,1.0,1.0,0.9430677912064961,1.0,1.0,1.0,0.0,0.0,0.0,0.9430677912064961,1.0,1.0,56,56
PMC4687681_table_3,True,23,7,3,0.9586957330289094,1.0,1.0,1.0,0.9683178918702262,1.0,1.0,1.0,0.917905350526174,1.0,1.0,1.0,0.9359300476618302,1.0,1.0,1.0,0.917905350526174,1.0,1.0,0.9362834730958627,1.0,1.0,156,156
PMC4694658_table_3,False,20,9,0,0.9616941601037979,1.0,1.0,1.0,0.9579237765736051,1.0,1.0,1.0,0.0,1.0,1.0,1.0,0.9272220528788037,1.0,1.0,1.0,0.0,0.0,0.0,0.9272220528788037,1.0,1.0,180,180
PMC4697846_table_0,False,12,4,0,0.9645534108082453,1.0,1.0,1.0,0.9825970530509949,1.0,1.0,1.0,0.0,1.0,1.0,1.0,0.9579917341470718,1.0,1.0,1.0,0.0,0.0,0.0,0.9579917341470718,1.0,1.0,48,48
PMC4704751_table_2,False,6,4,0,0.8561451931794485,1.0,0.8571428571428571,0.923076923076923,0.8929873704910278,1.0,1.0,1.0,0.0,1.0,1.0,1.0,0.8604815577467283,1.0,0.8571428571428571,0.923076923076923,0.0,0.0,0.0,0.8604815577467283,1.0,0.923076923076923,24,28
PMC4706279_table_0,True,11,4,2,0.841648974201896,1.0,1.0,1.0,0.9456412047147751,1.0,1.0,1.0,0.9326307773590088,1.0,1.0,1.0,0.8516082631217109,1.0,1.0,1.0,0.9326307773590088,1.0,1.0,0.8468422328724581,1.0,1.0,36,36
PMC4707443_table_2,False,22,4,0,0.9595413939519362,1.0,1.0,1.0,0.9805664122104645,1.0,1.0,1.0,0.0,1.0,1.0,1.0,0.9482146501541138,1.0,1.0,1.0,0.0,0.0,0.0,0.9482146501541138,1.0,1.0,88,88
PMC4710813_table_3,True,7,6,7,0.9520542110715594,1.0,1.0,1.0,0.9547493060429891,1.0,1.0,1.0,0.8475273592131478,0.8571428571428571,0.5,0.631578947368421,0.8558463113648551,0.8571428571428571,0.8333333333333334,0.8450704225352113,0.8475273592131478,0.8571428571428571,0.8571428571428571,0.8579260494027819,0.8571428571428571,0.8571428571428571,35,36
PMC4711889_table_3,False,6,3,0,0.8712029854456583,1.0,0.8571428571428571,0.923076923076923,0.8212061524391174,1.0,1.0,1.0,0.0,1.0,1.0,1.0,0.8563901682694753,1.0,0.8571428571428571,0.923076923076923,0.0,0.0,0.0,0.8563901682694753,1.0,0.923076923076923,18,21
PMC4720741_table_0,False,9,2,0,0.7950492170121934,1.0,1.0,1.0,0.962946742773056,1.0,1.0,1.0,0.0,1.0,1.0,1.0,0.7913502686553531,1.0,1.0,1.0,0.0,0.0,0.0,0.7913502686553531,1.0,1.0,18,18
PMC4726907_table_0,False,2,5,0,0.7951889634132385,1.0,0.6666666666666666,0.8,0.5592424392700195,1.0,1.0,1.0,0.0,1.0,0.0,0.0,0.7880756855010986,1.0,0.9090909090909091,0.9523809523809523,0.0,0.0,0.0,0.7880756855010986,1.0,0.9523809523809523,10,11
PMC4729253_table_3,True,12,9,5,0.8496890713771185,1.0,1.0,1.0,0.949007080660926,1.0,1.0,1.0,0.8377407312393188,1.0,1.0,1.0,0.8193878791864636,1.0,1.0,1.0,0.8377407312393188,1.0,1.0,0.8184515091837669,1.0,1.0,103,103
PMC4745781_table_0,False,23,2,0,0.9717988890150319,1.0,1.0,1.0,0.9833654761314392,1.0,1.0,1.0,0.0,1.0,1.0,1.0,0.963014736123707,1.0,1.0,1.0,0.0,0.0,0.0,0.963014736123707,1.0,1.0,46,46
PMC4753480_table_0,False,16,8,0,0.9719027280807495,1.0,1.0,1.0,0.9554359391331673,1.0,1.0,1.0,0.0,1.0,1.0,1.0,0.9383776220493019,1.0,1.0,1.0,0.0,0.0,0.0,0.9383776220493019,1.0,1.0,128,128
PMC4754843_table_0,False,19,4,0,0.9384184354229977,1.0,1.0,1.0,0.9781453609466553,1.0,1.0,1.0,0.0,1.0,1.0,1.0,0.9298839631833529,1.0,1.0,1.0,0.0,0.0,0.0,0.9298839631833529,1.0,1.0,76,76
PMC4786230_table_1,True,27,5,3,0.9273357612115366,1.0,1.0,1.0,0.9852404475212098,1.0,1.0,1.0,0.924632708231608,1.0,1.0,1.0,0.9185417055180578,1.0,1.0,1.0,0.924632708231608,1.0,1.0,0.9184000542921613,1.0,1.0,132,132
PMC4802044_table_0,False,5,3,0,0.9725897550582886,1.0,1.0,1.0,0.9712542096773783,1.0,1.0,1.0,0.0,1.0,1.0,1.0,0.9665879249572754,1.0,1.0,1.0,0.0,0.0,0.0,0.9665879249572754,1.0,1.0,15,15
PMC4807062_table_3,True,38,7,7,0.951024957393345,1.0,0.8636363636363636,0.9268292682926829,0.9670529961585999,1.0,1.0,1.0,0.6212004934038434,0.7142857142857143,1.0,0.8333333333333333,0.9269688499984762,0.9955947136563876,0.7847222222222222,0.8776699029126215,0.706422857940197,0.8571428571428571,0.7999999999999999,0.9339862224730578,1.0,0.8817635270541083,227,288
PMC4810510_table_0,False,8,2,0,0.9457396045327187,1.0,1.0,1.0,0.9826894104480743,1.0,1.0,1.0,0.0,1.0,1.0,1.0,0.9444418698549271,1.0,1.0,1.0,0.0,0.0,0.0,0.9444418698549271,1.0,1.0,16,16
PMC4810510_table_5,True,28,7,20,0.9557013767106193,1.0,1.0,1.0,0.9741986564227513,1.0,1.0,1.0,0.746214596182108,0.8,0.6956521739130435,0.7441860465116279,0.9128483526314362,0.9746835443037974,0.9333333333333333,0.9535603715170279,0.7632846057415008,0.8,0.8000000000000002,0.9345242579778036,1.0,0.9787234042553191,158,165
PMC4825505_table_3,False,4,3,0,0.9312676340341568,1.0,1.0,1.0,0.9403952757517496,1.0,1.0,1.0,0.0,1.0,1.0,1.0,0.9236322492361069,1.0,1.0,1.0,0.0,0.0,0.0,0.9236322492361069,1.0,1.0,12,12
PMC4832246_table_1,True,9,4,4,0.9640518559349908,1.0,1.0,1.0,0.9733863174915314,1.0,1.0,1.0,0.9113106578588486,1.0,0.8,0.888888888888889,0.9445002352197965,1.0,0.9230769230769231,0.9600000000000001,0.9113106578588486,1.0,1.0,0.951138150691986,1.0,0.975609756097561,24,26
PMC4832325_table_0,False,9,8,0,0.969020790523953,1.0,1.0,1.0,0.9496614262461662,1.0,1.0,1.0,0.0,1.0,1.0,1.0,0.9318457494179407,1.0,1.0,1.0,0.0,0.0,0.0,0.9318457494179407,1.0,1.0,72,72
PMC4835069_table_0,True,9,7,2,0.8625905911127726,1.0,1.0,1.0,0.9469445858682904,1.0,1.0,1.0,0.8405669629573822,1.0,0.4,0.5714285714285715,0.8303843234714708,0.9473684210526315,0.9473684210526315,0.9473684210526315,0.8405669629573822,1.0,1.0,0.8300140456719832,0.9454545454545454,0.9454545454545454,57,57
PMC4841232_table_0,False,7,6,0,0.9430632931845528,1.0,1.0,1.0,0.9671363135178884,1.0,1.0,1.0,0.0,1.0,1.0,1.0,0.9262457291285197,1.0,1.0,1.0,0.0,0.0,0.0,0.9262457291285197,1.0,1.0,42,42
PMC4841532_table_1,True,10,7,4,0.8876305818557739,1.0,1.0,1.0,0.9665211098534721,1.0,1.0,1.0,0.9333846420049667,1.0,1.0,1.0,0.8689268864691257,1.0,1.0,1.0,0.9333846420049667,1.0,1.0,0.8646297027667363,1.0,1.0,64,64
PMC4842268_table_1,True,18,4,3,0.8731125659412808,1.0,1.0,1.0,0.6670038104057312,0.75,1.0,0.8571428571428571,0.7019422849019369,0.6666666666666666,0.4,0.5,0.5755021334558293,0.7246376811594203,0.9615384615384616,0.8264462809917356,0.7527603308359782,1.0,1.2,0.5674449426658226,0.7121212121212122,0.817391304347826,69,52
PMC4848815_table_0,False,30,4,0,0.8983532806237539,1.0,0.967741935483871,0.9836065573770492,0.958470806479454,1.0,1.0,1.0,0.0,1.0,1.0,1.0,0.8719743013381958,1.0,0.967741935483871,0.9836065573770492,0.0,0.0,0.0,0.8719743013381958,1.0,0.9836065573770492,120,124
PMC4848823_table_1,False,5,4,0,0.9600127220153809,1.0,1.0,1.0,0.974172830581665,1.0,1.0,1.0,0.0,1.0,1.0,1.0,0.9536758840084076,1.0,1.0,1.0,0.0,0.0,0.0,0.9536758840084076,1.0,1.0,20,20
PMC4849657_table_0,True,5,11,8,0.9376937270164489,1.0,1.0,1.0,0.931707886132327,1.0,1.0,1.0,0.9087212681770325,1.0,1.0,1.0,0.8896927652151688,1.0,1.0,1.0,0.9087212681770325,1.0,1.0,0.8856867645916185,1.0,1.0,46,46
PMC4860226_table_0,True,4,7,4,0.9112667590379715,1.0,1.0,1.0,0.9577983277184623,1.0,1.0,1.0,0.8885700851678848,1.0,1.0,1.0,0.8945542375246683,1.0,1.0,1.0,0.8885700851678848,1.0,1.0,0.8957510679960251,1.0,1.0,24,24
PMC4865941_table_0,False,3,3,0,0.8554522395133972,1.0,1.0,1.0,0.9118271668752035,1.0,1.0,1.0,0.0,1.0,1.0,1.0,0.8255783518155416,1.0,1.0,1.0,0.0,0.0,0.0,0.8255783518155416,1.0,1.0,9,9
PMC4867558_table_3,True,8,2,1,0.9145879447460175,1.0,1.0,1.0,0.9356739223003387,1.0,1.0,1.0,0.8837645649909973,1.0,1.0,1.0,0.8966780265172323,1.0,1.0,1.0,0.8837645649909973,1.0,1.0,0.897600416626249,1.0,1.0,15,15
PMC4871359_table_0,False,5,5,0,0.9368221402168274,1.0,1.0,1.0,0.9773061394691467,1.0,1.0,1.0,0.0,1.0,1.0,1.0,0.9290273857116699,1.0,1.0,1.0,0.0,0.0,0.0,0.9290273857116699,1.0,1.0,25,25
PMC4873252_table_1,True,15,6,2,0.9303569793701172,1.0,1.0,1.0,0.9520497222741445,1.0,1.0,1.0,0.9287697374820709,1.0,1.0,1.0,0.8972142269978156,1.0,1.0,1.0,0.9287697374820709,1.0,1.0,0.8963838188271773,1.0,1.0,78,78
PMC4879640_table_1,False,21,3,0,0.9267238633973258,1.0,1.0,1.0,0.9733529289563497,1.0,1.0,1.0,0.0,1.0,0.0,0.0,0.7475693329932198,0.7936507936507936,0.8928571428571429,0.8403361344537815,0.0,0.0,0.0,0.7475693329932198,0.7936507936507936,0.8403361344537815,63,56
PMC4891908_table_1,False,3,6,0,0.9326773881912231,1.0,1.0,1.0,0.9530755480130514,1.0,1.0,1.0,0.0,1.0,1.0,1.0,0.9199925131267972,1.0,1.0,1.0,0.0,0.0,0.0,0.9199925131267972,1.0,1.0,18,18
PMC4892477_table_0,False,12,5,0,0.9519817133744558,1.0,1.0,1.0,0.9696746706962586,1.0,1.0,1.0,0.0,1.0,1.0,1.0,0.9369112571080526,1.0,1.0,1.0,0.0,0.0,0.0,0.9369112571080526,1.0,1.0,60,60
PMC4892681_table_0,False,10,4,0,0.9582954585552216,1.0,1.0,1.0,0.9794229716062546,1.0,1.0,1.0,0.0,1.0,1.0,1.0,0.9527578189969063,1.0,1.0,1.0,0.0,0.0,0.0,0.9527578189969063,1.0,1.0,40,40
PMC4893325_table_1,False,19,3,0,0.8304559776657506,1.0,0.95,0.9743589743589743,0.9596290191014608,1.0,1.0,1.0,0.0,1.0,1.0,1.0,0.8208938084150615,1.0,0.95,0.9743589743589743,0.0,0.0,0.0,0.8208938084150615,1.0,0.9743589743589743,57,60
PMC4894572_table_1,False,7,5,0,0.9129769716944013,1.0,1.0,1.0,0.9580323338508606,1.0,1.0,1.0,0.0,1.0,1.0,1.0,0.8914839727537972,1.0,1.0,1.0,0.0,0.0,0.0,0.8914839727537972,1.0,1.0,35,35
PMC4894998_table_0,False,5,4,0,0.9702222347259521,1.0,1.0,1.0,0.9647896438837051,1.0,1.0,1.0,0.0,1.0,1.0,1.0,0.9518446534872055,1.0,1.0,1.0,0.0,0.0,0.0,0.9518446534872055,1.0,1.0,20,20
PMC4897558_table_0,False,10,2,0,0.9616410195827484,1.0,1.0,1.0,0.9810939133167267,1.0,1.0,1.0,0.0,1.0,1.0,1.0,0.9559373736381531,1.0,1.0,1.0,0.0,0.0,0.0,0.9559373736381531,1.0,1.0,20,20
PMC4899900_table_1,True,4,5,2,0.9118820428848267,1.0,1.0,1.0,0.9276029229164123,1.0,1.0,1.0,0.6141209900379181,0.5,0.3333333333333333,0.4,0.798398443394237,0.8888888888888888,0.9411764705882353,0.9142857142857143,0.46097531914711,0.5,0.6666666666666666,0.840576333925128,0.9375,0.967741935483871,18,17
PMC4901988_table_0,False,3,10,0,0.8897754351298014,1.0,1.0,1.0,0.9062717020511627,1.0,1.0,1.0,0.0,1.0,0.0,0.0,0.8522379000981649,1.0,0.967741935483871,0.9836065573770492,0.0,0.0,0.0,0.8522379000981649,1.0,0.9836065573770492,30,31
PMC4909821_table_1,False,21,4,0,0.7614753260498955,0.9047619047619048,0.9047619047619048,0.9047619047619048,0.9728492796421051,1.0,1.0,1.0,0.0,1.0,1.0,1.0,0.7522422348459562,0.9047619047619048,0.9047619047619048,0.9047619047619048,0.0,0.0,0.0,0.7522422348459562,0.9047619047619048,0.9047619047619048,84,84
PMC4910983_table_1,False,11,3,0,0.7740044268694791,1.0,0.9166666666666666,0.9565217391304348,0.9794275561968485,1.0,1.0,1.0,0.0,1.0,1.0,1.0,0.7698430328658132,1.0,0.9166666666666666,0.9565217391304348,0.0,0.0,0.0,0.7698430328658132,1.0,0.9565217391304348,33,36
PMC4913737_table_2,True,6,7,2,0.9011614521344503,1.0,1.0,1.0,0.9723466294152396,1.0,1.0,1.0,0.9488509297370911,1.0,1.0,1.0,0.8780465502487985,1.0,1.0,1.0,0.9488509297370911,1.0,1.0,0.8741129736105601,1.0,1.0,38,38
PMC4924744_table_1,False,5,4,0,0.9598462462425232,1.0,1.0,1.0,0.9600296765565872,1.0,1.0,1.0,0.0,1.0,1.0,1.0,0.9481265485286713,1.0,1.0,1.0,0.0,0.0,0.0,0.9481265485286713,1.0,1.0,20,20
PMC4928964_table_2,True,5,5,2,0.9043039679527283,1.0,1.0,1.0,0.9185853362083435,1.0,1.0,1.0,0.4736466508329613,0.5,0.2,0.28571428571428575,0.6102060193107242,0.5714285714285714,0.6666666666666666,0.6153846153846153,0.7105386108160019,0.5,0.6666666666666666,0.599644693889116,0.5789473684210527,0.6285714285714286,21,18
PMC4936240_table_0,False,10,5,0,0.9301912546157837,1.0,1.0,1.0,0.9706837296485901,1.0,1.0,1.0,0.0,1.0,1.0,1.0,0.9198673844337464,1.0,1.0,1.0,0.0,0.0,0.0,0.9198673844337464,1.0,1.0,50,50
PMC4936305_table_2,False,15,5,0,0.9445332368214925,1.0,1.0,1.0,0.9812566876411438,1.0,1.0,1.0,0.0,1.0,1.0,1.0,0.9352905718485515,1.0,1.0,1.0,0.0,0.0,0.0,0.9352905718485515,1.0,1.0,75,75
PMC4939065_table_0,True,11,5,10,0.9372589046304877,1.0,1.0,1.0,0.9749220609664917,1.0,1.0,1.0,0.7976998746395111,0.9,1.0,0.9473684210526316,0.9045362088415357,0.9777777777777777,0.9565217391304348,0.967032967032967,0.8466995179653167,0.9,0.9,0.9210609776633126,1.0,1.0,45,46
PMC4945681_table_1,False,16,4,0,0.9235133454203606,1.0,1.0,1.0,0.9780896902084351,1.0,1.0,1.0,0.0,1.0,1.0,1.0,0.9130351124331355,1.0,1.0,1.0,0.0,0.0,0.0,0.9130351124331355,1.0,1.0,64,64
PMC4957754_table_2,True,9,7,2,0.8954648507965935,1.0,1.0,1.0,0.9450318472726005,1.0,1.0,1.0,0.9569687247276306,1.0,1.0,1.0,0.8647144467143689,1.0,1.0,1.0,0.9569687247276306,1.0,1.0,0.8614774545033773,1.0,1.0,59,59
PMC4961722_table_0,True,19,11,8,0.9353710130641335,1.0,1.0,1.0,0.9236182841387662,1.0,1.0,1.0,0.8341705650091171,0.875,0.875,0.875,0.8652963366669914,0.9895833333333334,0.9895833333333334,0.9895833333333334,0.8308278657495975,0.875,0.875,0.8667949658373127,0.9945652173913043,0.9945652173913043,192,192
PMC4969667_table_1,True,7,5,6,0.9558348911149162,1.0,1.0,1.0,0.9553232550621032,1.0,1.0,1.0,0.9416037698586782,1.0,1.0,1.0,0.9413469680424394,1.0,1.0,1.0,0.9416037698586782,1.0,1.0,0.9412799762642902,1.0,1.0,29,29
PMC4977681_table_0,True,18,6,15,0.9494847191704644,1.0,1.0,1.0,0.9552769958972931,1.0,1.0,1.0,0.4083804666996002,0.4666666666666667,0.7777777777777778,0.5833333333333334,0.8729237640605253,0.9764705882352941,0.8383838383838383,0.9021739130434783,0.6930201053619385,0.8666666666666667,0.8125,0.9114745480673654,1.0,0.9271523178807948,85,99
PMC4982128_table_2,True,27,9,4,0.9021012209079884,1.0,1.0,1.0,0.9548914896117316,1.0,1.0,1.0,0.5424408093094826,0.5,0.2857142857142857,0.36363636363636365,0.8376943333943685,0.96,0.9818181818181818,0.9707865168539325,0.5424408093094826,0.5,0.5714285714285715,0.8430382885814253,0.9683257918552036,0.9794050343249429,225,220
PMC5003889_table_0,True,7,9,2,0.9331840021269662,1.0,1.0,1.0,0.9397000471750895,1.0,1.0,1.0,0.8340295851230621,1.0,1.0,1.0,0.9257366505536166,1.0,1.0,1.0,0.8340295851230621,1.0,1.0,0.9291972945321281,1.0,1.0,55,55
PMC5005533_table_0,False,5,5,0,0.9280871152877808,1.0,1.0,1.0,0.9688271284103394,1.0,1.0,1.0,0.0,1.0,1.0,1.0,0.9128308486938477,1.0,1.0,1.0,0.0,0.0,0.0,0.9128308486938477,1.0,1.0,25,25
PMC5006621_table_0,False,8,5,0,0.9593944326043129,1.0,1.0,1.0,0.939247465133667,1.0,1.0,1.0,0.0,1.0,1.0,1.0,0.9227401912212372,1.0,1.0,1.0,0.0,0.0,0.0,0.9227401912212372,1.0,1.0,40,40
PMC5007685_table_4,True,43,5,32,0.8884733880675116,0.9534883720930233,0.803921568627451,0.8723404255319148,0.9506721258163452,1.0,1.0,1.0,0.0,0.0,1.0,0.0,0.7858013816869975,0.819672131147541,0.5882352941176471,0.684931506849315,0.4838244058191776,0.09375,0.07894736842105263,0.8497965024007077,0.9735099337748344,0.8144044321329639,183,255
PMC5009308_table_0,True,6,5,2,0.958551953236262,1.0,1.0,1.0,0.9589264273643494,1.0,1.0,1.0,0.931173712015152,1.0,1.0,1.0,0.9476046208982114,1.0,1.0,1.0,0.931173712015152,1.0,1.0,0.9489190936088562,1.0,1.0,27,27
PMC5028840_table_0,False,21,5,0,0.788053708417075,1.0,1.0,1.0,0.9647358655929565,1.0,1.0,1.0,0.0,1.0,1.0,1.0,0.7730457374027797,1.0,1.0,1.0,0.0,0.0,0.0,0.7730457374027797,1.0,1.0,105,105
PMC5030206_table_0,False,3,7,0,0.9681211511294047,1.0,1.0,1.0,0.9249489733151027,1.0,1.0,1.0,0.0,1.0,1.0,1.0,0.9240224702017648,1.0,1.0,1.0,0.0,0.0,0.0,0.9240224702017648,1.0,1.0,21,21
PMC5037545_table_0,True,17,7,5,0.7042660239864799,0.9411764705882353,0.48484848484848486,0.64,0.9746396286146981,1.0,1.0,1.0,0.8785825610160828,1.0,0.2777777777777778,0.4347826086956522,0.6938607908716989,0.9174311926605505,0.4854368932038835,0.634920634920635,0.8785825610160828,1.0,0.7142857142857143,0.6849799365378343,0.9134615384615384,0.6333333333333333,109,206
PMC5047943_table_4,True,21,11,9,0.7747209937799544,0.9523809523809523,0.8695652173913043,0.909090909090909,0.9275949434800581,1.0,1.0,1.0,0.8106405138969421,1.0,0.6428571428571429,0.782608695652174,0.7345884885336902,0.954954954954955,0.8582995951417004,0.9040511727078892,0.8106405138969421,1.0,0.9473684210526316,0.731375022673271,0.9530516431924883,0.9042316258351893,222,247
PMC5066311_table_2,False,23,4,0,0.9549676283546116,1.0,1.0,1.0,0.9668957442045212,1.0,1.0,1.0,0.0,1.0,1.0,1.0,0.9325705909210703,1.0,1.0,1.0,0.0,0.0,0.0,0.9325705909210703,1.0,1.0,92,92
PMC5068414_table_0,True,16,5,5,0.9114938266575336,1.0,0.9411764705882353,0.9696969696969697,0.9566009759902954,1.0,1.0,1.0,0.9524843573570252,1.0,0.23809523809523808,0.3846153846153846,0.4505212382546493,0.42857142857142855,0.6666666666666666,0.5217391304347826,0.9524843573570252,1.0,1.25,0.41190869063138963,0.38461538461538464,0.4716981132075472,70,45
PMC5073815_table_0,True,26,4,2,0.9459576790149395,1.0,1.0,1.0,0.8748412728309631,1.0,0.8,0.888888888888889,0.898435652256012,1.0,1.0,1.0,0.8471599038284604,1.0,0.808,0.8938053097345133,0.898435652256012,1.0,1.0,0.8461240301228533,1.0,0.8959276018099547,101,125
PMC5079597_table_0,False,6,8,0,0.9024735689163208,1.0,1.0,1.0,0.9030459821224213,1.0,1.0,1.0,0.0,1.0,1.0,1.0,0.8461751639842987,1.0,1.0,1.0,0.0,0.0,0.0,0.8461751639842987,1.0,1.0,48,48
PMC5080470_table_0,False,10,6,0,0.9745084047317505,1.0,1.0,1.0,0.9727119008700053,1.0,1.0,1.0,0.0,1.0,1.0,1.0,0.9563157031933467,1.0,1.0,1.0,0.0,0.0,0.0,0.9563157031933467,1.0,1.0,60,60
PMC5082333_table_0,False,4,6,0,0.9522704780101776,1.0,1.0,1.0,0.9434358775615692,1.0,1.0,1.0,0.0,1.0,1.0,1.0,0.9233037432034811,1.0,1.0,1.0,0.0,0.0,0.0,0.9233037432034811,1.0,1.0,24,24
PMC5083253_table_2,False,5,4,0,0.9382886171340943,1.0,1.0,1.0,0.9654028117656708,1.0,1.0,1.0,0.0,1.0,1.0,1.0,0.9316164016723633,1.0,1.0,1.0,0.0,0.0,0.0,0.9316164016723633,1.0,1.0,20,20
PMC5085225_table_2,True,34,5,3,0.8485544919967651,1.0,0.85,0.9189189189189189,0.9781627774238586,1.0,1.0,1.0,0.9286446770032247,1.0,1.0,1.0,0.8363869108125835,0.9940119760479041,0.8426395939086294,0.9120879120879121,0.9286446770032247,1.0,1.0,0.8346992687481206,0.9939024390243902,0.9131652661064426,167,197
PMC5091745_table_1,False,23,4,0,0.9407297372817993,1.0,1.0,1.0,0.9673405140638351,1.0,1.0,1.0,0.0,1.0,1.0,1.0,0.9187766190456308,1.0,1.0,1.0,0.0,0.0,0.0,0.9187766190456308,1.0,1.0,92,92
PMC5091897_table_0,True,24,9,11,0.8587395598491033,1.0,1.0,1.0,0.9244787626796298,1.0,1.0,1.0,0.6738730777393688,0.8181818181818182,1.0,0.9,0.7896063973240673,0.983957219251337,0.9583333333333334,0.9709762532981531,0.7209796065633948,0.8181818181818182,0.8181818181818182,0.7938955717466094,0.9943181818181818,0.9831460674157303,187,192
PMC5093103_table_0,True,11,7,7,0.9377300468358126,1.0,1.0,1.0,0.962884919984,1.0,1.0,1.0,0.9340527398245675,1.0,1.0,1.0,0.9190848742212568,1.0,1.0,1.0,0.9340527398245675,1.0,1.0,0.9174217780431112,1.0,1.0,70,70
PMC5100194_table_5,True,28,4,5,0.8818230948277882,1.0,1.0,1.0,0.9580358266830444,1.0,1.0,1.0,0.9300756096839905,1.0,0.8333333333333334,0.9090909090909091,0.8590772333352462,1.0,0.989247311827957,0.9945945945945946,0.9300756096839905,1.0,1.0,0.8549968668784218,1.0,1.0,92,93
PMC5101527_table_0,False,25,7,0,0.9501858162879944,1.0,1.0,1.0,0.9630203587668282,1.0,1.0,1.0,0.0,1.0,1.0,1.0,0.926850313118526,1.0,1.0,1.0,0.0,0.0,0.0,0.926850313118526,1.0,1.0,175,175
PMC5103330_table_0,True,11,3,10,0.9500792785124346,1.0,1.0,1.0,0.9676196575164795,1.0,1.0,1.0,0.9169857680797577,1.0,1.0,1.0,0.9311034187026646,1.0,1.0,1.0,0.9169857680797577,1.0,1.0,0.9419631499510545,1.0,1.0,23,23
PMC5105130_table_3,True,10,8,3,0.9534328758716584,1.0,1.0,1.0,0.9562796503305435,1.0,1.0,1.0,0.9308815598487854,1.0,1.0,1.0,0.9247881558380628,1.0,1.0,1.0,0.9308815598487854,1.0,1.0,0.9245377419746086,1.0,1.0,76,76
PMC5117546_table_1,True,20,6,10,0.9530136406421661,1.0,1.0,1.0,0.9659836292266846,1.0,1.0,1.0,0.8950437545776367,1.0,0.8333333333333334,0.9090909090909091,0.9323228701538996,1.0,0.9819819819819819,0.9909090909090909,0.8950437545776367,1.0,1.0,0.9360884373838251,1.0,0.9949748743718593,109,111
PMC5124635_table_1,False,6,2,0,0.9611034591992696,1.0,1.0,1.0,0.9666912853717804,1.0,1.0,1.0,0.0,1.0,1.0,1.0,0.9509289115667343,1.0,1.0,1.0,0.0,0.0,0.0,0.9509289115667343,1.0,1.0,12,12
PMC5130928_table_0,False,16,4,0,0.9086996242403984,1.0,1.0,1.0,0.9818403720855713,1.0,1.0,1.0,0.0,1.0,1.0,1.0,0.9024451933801174,1.0,1.0,1.0,0.0,0.0,0.0,0.9024451933801174,1.0,1.0,64,64
PMC5138483_table_1,False,12,2,0,0.9567570189634959,1.0,1.0,1.0,0.9813283383846283,1.0,1.0,1.0,0.0,1.0,1.0,1.0,0.9495128194491068,1.0,1.0,1.0,0.0,0.0,0.0,0.9495128194491068,1.0,1.0,24,24
PMC5142350_table_0,True,25,9,10,0.7107771420478821,0.72,0.75,0.7346938775510204,0.9301404224501716,1.0,1.0,1.0,0.9002956628799439,1.0,0.8333333333333334,0.9090909090909091,0.6735922078753627,0.7302325581395349,0.7584541062801933,0.7440758293838864,0.9002956628799439,1.0,1.0526315789473684,0.662533502753188,0.7170731707317073,0.7313432835820894,215,207
PMC5161500_table_1,False,5,3,0,0.881350827217102,1.0,0.8333333333333334,0.9090909090909091,0.7149958809216818,1.0,1.0,1.0,0.0,1.0,1.0,1.0,0.7867149949073792,1.0,0.8333333333333334,0.9090909090909091,0.0,0.0,0.0,0.7867149949073792,1.0,0.9090909090909091,15,18
PMC5167376_table_1,False,12,6,0,0.9675221194823583,1.0,1.0,1.0,0.9701967934767405,1.0,1.0,1.0,0.0,1.0,1.0,1.0,0.9440476927492354,1.0,1.0,1.0,0.0,0.0,0.0,0.9440476927492354,1.0,1.0,72,72
PMC5168842_table_1,True,22,6,8,0.9355410391634161,1.0,1.0,1.0,0.9540280799070994,1.0,1.0,1.0,0.9096331596374512,1.0,1.0,1.0,0.9072543026081153,1.0,1.0,1.0,0.9096331596374512,1.0,1.0,0.9070713136058587,1.0,1.0,112,112
PMC5663336_table_1,False,26,4,0,0.9185700462414668,1.0,1.0,1.0,0.9806513637304306,1.0,1.0,1.0,0.0,1.0,1.0,1.0,0.9113301027279633,1.0,1.0,1.0,0.0,0.0,0.0,0.9113301027279633,1.0,1.0,104,104
PMC5687769_table_0,False,44,3,0,0.8577478318051859,0.9772727272727273,0.8269230769230769,0.8958333333333334,0.938421368598938,1.0,1.0,1.0,0.0,1.0,1.0,1.0,0.8168979298436281,0.9772727272727273,0.8269230769230769,0.8958333333333334,0.0,0.0,0.0,0.8168979298436281,0.9772727272727273,0.8958333333333334,132,156
PMC5690155_table_0,False,3,6,0,0.8683923284212748,1.0,1.0,1.0,0.9253508746623993,1.0,1.0,1.0,0.0,1.0,0.0,0.0,0.797719786564509,0.8888888888888888,0.9411764705882353,0.9142857142857143,0.0,0.0,0.0,0.797719786564509,0.8888888888888888,0.9142857142857143,18,17
PMC5690179_table_0,True,10,2,2,0.16455735117197037,0.2,0.6666666666666666,0.30769230769230765,0.9661610722541809,1.0,1.0,1.0,0.42868053913116455,0.5,1.0,0.6666666666666666,0.15204982625113594,0.16666666666666666,0.6,0.2608695652173913,0.8679752051830292,1.0,1.3333333333333333,0.06255915388464928,0.0625,0.1,18,5
PMC5694208_table_2,True,13,9,4,0.9006689465962924,1.0,1.0,1.0,0.9277598195605807,1.0,1.0,1.0,0.8316423743963242,1.0,1.0,1.0,0.8544870694126703,1.0,1.0,1.0,0.8316423743963242,1.0,1.0,0.8553254068444628,1.0,1.0,113,113
PMC5694554_table_2,True,8,4,6,0.8772866725921631,1.0,1.0,1.0,0.9628987908363342,1.0,1.0,1.0,0.9430808027585348,1.0,1.0,1.0,0.865697945539768,1.0,1.0,1.0,0.9430808027585348,1.0,1.0,0.8424830883741379,1.0,1.0,26,26
PMC5701772_table_4,False,7,2,0,0.960589417389461,1.0,1.0,1.0,0.9500446021556854,1.0,1.0,1.0,0.0,1.0,1.0,1.0,0.9311856159142086,1.0,1.0,1.0,0.0,0.0,0.0,0.9311856159142086,1.0,1.0,14,14
PMC5716779_table_1,True,11,4,3,0.9703008261593905,1.0,1.0,1.0,0.9759673178195953,1.0,1.0,1.0,0.9289184808731079,1.0,1.0,1.0,0.956597197346571,1.0,1.0,1.0,0.9289184808731079,1.0,1.0,0.9587823591734234,1.0,1.0,41,41
PMC5725946_table_0,False,20,4,0,0.9554663240909577,1.0,1.0,1.0,0.9494330137968063,1.0,1.0,1.0,0.0,1.0,1.0,1.0,0.9165784023702145,1.0,1.0,1.0,0.0,0.0,0.0,0.9165784023702145,1.0,1.0,80,80
PMC5725975_table_1,True,18,5,7,0.9566578997506036,1.0,1.0,1.0,0.9610814929008484,1.0,1.0,1.0,0.3993783321763788,0.42857142857142855,0.375,0.39999999999999997,0.808552541581077,0.855072463768116,0.7763157894736842,0.8137931034482757,0.5919900238513947,0.5714285714285714,0.5714285714285714,0.833003148421525,0.8870967741935484,0.8461538461538463,69,76
PMC5729284_table_1,True,24,4,4,0.9346331233779589,1.0,1.0,1.0,0.9630628228187561,1.0,1.0,1.0,0.13576889038085938,0.25,1.0,0.4,0.889951191842556,0.967391304347826,0.9468085106382979,0.956989247311828,0.5263121649622917,0.5,0.5,0.9064802385189317,0.9886363636363636,0.983050847457627,92,94
PMC5732956_table_4,True,9,7,4,0.8715663154919943,1.0,1.0,1.0,0.952610160623278,1.0,1.0,1.0,0.7873049080371857,1.0,1.0,1.0,0.876078650355339,1.0,1.0,1.0,0.7873049080371857,1.0,1.0,0.8834764622151852,1.0,1.0,52,52
PMC5740765_table_0,False,35,3,0,0.9149397833006723,1.0,1.0,1.0,0.9871800541877747,1.0,1.0,1.0,0.0,1.0,1.0,1.0,0.910138475894928,1.0,1.0,1.0,0.0,0.0,0.0,0.910138475894928,1.0,1.0,105,105
PMC5747446_table_2,True,14,10,4,0.886943485055651,1.0,1.0,1.0,0.9442212104797363,1.0,1.0,1.0,0.9037046581506729,1.0,1.0,1.0,0.8607144515688826,1.0,1.0,1.0,0.9037046581506729,1.0,1.0,0.8592694026081502,1.0,1.0,123,123
PMC5752228_table_1,True,6,4,2,0.9135455191135406,1.0,1.0,1.0,0.969731941819191,1.0,1.0,1.0,0.8784843683242798,1.0,1.0,1.0,0.8969026775587172,1.0,1.0,1.0,0.8784843683242798,1.0,1.0,0.898841446951816,1.0,1.0,21,21
PMC5753645_table_0,True,47,4,17,0.8016169159970385,0.9148936170212766,0.8269230769230769,0.8686868686868686,0.9616097956895828,1.0,1.0,1.0,0.5875189909163643,0.6470588235294118,0.6470588235294118,0.6470588235294118,0.7616127950590361,0.8930817610062893,0.7593582887700535,0.8208092485549133,0.648668564417783,0.7058823529411765,0.6666666666666667,0.7751342874597495,0.9154929577464789,0.8414239482200647,159,187
PMC5758794_table_1,True,17,5,4,0.9353249739198124,1.0,1.0,1.0,0.958728289604187,1.0,1.0,1.0,0.9260177612304688,1.0,1.0,1.0,0.9138071980231848,1.0,1.0,1.0,0.9260177612304688,1.0,1.0,0.9131471675795477,1.0,1.0,78,78
PMC5758794_table_2,True,21,7,8,0.8955926299095154,1.0,1.0,1.0,0.9560064673423767,1.0,1.0,1.0,0.8123279735445976,1.0,0.8,0.888888888888889,0.8652595283825006,0.9850746268656716,0.9850746268656716,0.9850746268656716,0.8123279735445976,1.0,1.0,0.8686202620230024,0.9841269841269841,0.9841269841269841,134,134
PMC5761874_table_1,False,18,3,0,0.9372045397758484,1.0,1.0,1.0,0.9784146149953207,1.0,1.0,1.0,0.0,1.0,1.0,1.0,0.9294180538919237,1.0,1.0,1.0,0.0,0.0,0.0,0.9294180538919237,1.0,1.0,54,54
PMC5763265_table_0,False,10,2,0,0.873308801651001,1.0,0.9090909090909091,0.9523809523809523,0.9666940569877625,1.0,1.0,1.0,0.0,1.0,0.0,0.0,0.8891224980354309,1.0,0.9523809523809523,0.975609756097561,0.0,0.0,0.0,0.8891224980354309,1.0,0.975609756097561,20,21
PMC5765002_table_2,False,37,4,0,0.9576460396921312,1.0,0.8604651162790697,0.9249999999999999,0.9610611647367477,1.0,1.0,1.0,0.0,1.0,1.0,1.0,0.9322678716601552,1.0,0.8604651162790697,0.9249999999999999,0.0,0.0,0.0,0.9322678716601552,1.0,0.9249999999999999,148,172
PMC5768874_table_3,True,11,6,7,0.8706695383245294,1.0,0.9166666666666666,0.9565217391304348,0.8460196952025095,1.0,1.0,1.0,0.8056160722460065,1.0,0.7777777777777778,0.8750000000000001,0.8545995024698121,1.0,0.9655172413793104,0.9824561403508771,0.8056160722460065,1.0,1.0,0.8615971353589272,1.0,0.98989898989899,56,58
PMC5774749_table_0,False,12,2,0,0.9224761327107748,1.0,0.9230769230769231,0.9600000000000001,0.8451272547245026,1.0,1.0,1.0,0.0,1.0,1.0,1.0,0.8931715240081152,1.0,0.9230769230769231,0.9600000000000001,0.0,0.0,0.0,0.8931715240081152,1.0,0.9600000000000001,24,26
PMC5780458_table_0,False,15,7,0,0.9481031179428101,1.0,1.0,1.0,0.9664281776973179,1.0,1.0,1.0,0.0,1.0,0.0,0.0,0.8930306911468506,0.9714285714285714,1.0,0.9855072463768115,0.0,0.0,0.0,0.8930306911468506,0.9714285714285714,0.9855072463768115,105,102
PMC5784668_table_0,True,9,7,2,0.9087496995925903,1.0,1.0,1.0,0.9073184728622437,1.0,1.0,1.0,0.942845344543457,1.0,1.0,1.0,0.845371869802475,1.0,1.0,1.0,0.942845344543457,1.0,1.0,0.8413104750216007,1.0,1.0,50,50
PMC5795659_table_0,True,11,5,3,0.6784598908641122,0.8181818181818182,0.75,0.7826086956521738,0.9373322248458862,1.0,1.0,1.0,0.9112151066462199,1.0,1.0,1.0,0.6427521734845405,0.7254901960784313,0.6607142857142857,0.6915887850467289,0.9112151066462199,1.0,1.0,0.6259732401619355,0.7083333333333334,0.68,51,56
PMC5807310_table_2,False,6,9,0,0.9124485651652018,1.0,1.0,1.0,0.9389914406670464,1.0,1.0,1.0,0.0,1.0,1.0,1.0,0.8785451518164741,1.0,1.0,1.0,0.0,0.0,0.0,0.8785451518164741,1.0,1.0,54,54
PMC5810047_table_5,False,7,9,0,0.9442936863218035,1.0,1.0,1.0,0.9506993889808655,1.0,1.0,1.0,0.0,1.0,1.0,1.0,0.9169345261558653,1.0,1.0,1.0,0.0,0.0,0.0,0.9169345261558653,1.0,1.0,63,63
PMC5813509_table_3,False,8,2,0,0.729578509926796,0.75,0.6666666666666666,0.7058823529411765,0.8425248861312866,1.0,1.0,1.0,0.0,1.0,1.0,1.0,0.6827070415019989,0.6875,0.6111111111111112,0.6470588235294118,0.0,0.0,0.0,0.6827070415019989,0.6875,0.6470588235294118,16,18
PMC5816353_table_0,False,26,6,0,0.9568990812851832,1.0,1.0,1.0,0.9590417742729187,1.0,1.0,1.0,0.0,1.0,1.0,1.0,0.9248904845653436,1.0,1.0,1.0,0.0,0.0,0.0,0.9248904845653436,1.0,1.0,156,156
PMC5818416_table_2,False,9,9,0,0.8982620570394728,1.0,1.0,1.0,0.9418169922298856,1.0,1.0,1.0,0.0,1.0,1.0,1.0,0.8690911516731168,1.0,1.0,1.0,0.0,0.0,0.0,0.8690911516731168,1.0,1.0,81,81
PMC5822665_table_4,True,7,7,3,0.9217771376882281,1.0,1.0,1.0,0.9619637301989964,1.0,1.0,1.0,0.9464730620384216,1.0,1.0,1.0,0.9005442749370228,1.0,1.0,1.0,0.9464730620384216,1.0,1.0,0.8971836319783839,1.0,1.0,44,44
PMC5828492_table_1,False,12,3,0,0.8987218091885248,1.0,1.0,1.0,0.9709774454434713,1.0,1.0,1.0,0.0,1.0,1.0,1.0,0.8868501335382462,1.0,1.0,1.0,0.0,0.0,0.0,0.8868501335382462,1.0,1.0,36,36
PMC5837716_table_2,False,13,8,0,0.9562523777668293,1.0,1.0,1.0,0.8800415769219398,1.0,1.0,1.0,0.0,1.0,1.0,1.0,0.8533848501168765,1.0,1.0,1.0,0.0,0.0,0.0,0.8533848501168765,1.0,1.0,104,104
PMC5838019_table_0,False,8,5,0,0.9318293184041977,1.0,1.0,1.0,0.9548670530319214,1.0,1.0,1.0,0.0,1.0,1.0,1.0,0.9201166659593583,1.0,1.0,1.0,0.0,0.0,0.0,0.9201166659593583,1.0,1.0,40,40
PMC5842527_table_7,True,8,5,5,0.9370957687497139,1.0,1.0,1.0,0.9745268583297729,1.0,1.0,1.0,0.4194784313440323,0.4,0.6666666666666666,0.5,0.8906241025243486,1.0,0.9722222222222222,0.9859154929577464,0.7073245763778686,1.0,1.0,0.921174023548762,1.0,1.0,35,36
PMC5844530_table_2,False,10,3,0,0.8932473599910736,1.0,1.0,1.0,0.9642911950747172,1.0,1.0,1.0,0.0,1.0,1.0,1.0,0.8851057827472687,1.0,1.0,1.0,0.0,0.0,0.0,0.8851057827472687,1.0,1.0,30,30
PMC5844564_table_2,False,12,5,0,0.9502842475970587,1.0,1.0,1.0,0.949102520942688,1.0,1.0,1.0,0.0,1.0,1.0,1.0,0.9201637119054794,1.0,1.0,1.0,0.0,0.0,0.0,0.9201637119054794,1.0,1.0,60,60
PMC5846726_table_2,False,5,5,0,0.9749271154403687,1.0,1.0,1.0,0.9685802936553956,1.0,1.0,1.0,0.0,1.0,1.0,1.0,0.9504948115348816,1.0,1.0,1.0,0.0,0.0,0.0,0.9504948115348816,1.0,1.0,25,25
PMC5849198_table_2,True,15,8,7,0.948080039024353,1.0,1.0,1.0,0.9735724478960037,1.0,1.0,1.0,0.9601721593311855,1.0,1.0,1.0,0.9310699237131439,1.0,1.0,1.0,0.9601721593311855,1.0,1.0,0.9291480779647827,1.0,1.0,113,113
PMC5859393_table_1,False,8,4,0,0.9364988505840302,1.0,1.0,1.0,0.9663720428943634,1.0,1.0,1.0,0.0,1.0,1.0,1.0,0.9292707070708275,1.0,1.0,1.0,0.0,0.0,0.0,0.9292707070708275,1.0,1.0,32,32
PMC5863360_table_2,True,21,11,3,0.9227589255287534,1.0,1.0,1.0,0.9625964273105968,1.0,1.0,1.0,0.8944610953330994,1.0,1.0,1.0,0.8993676546457652,1.0,1.0,1.0,0.8944610953330994,1.0,1.0,0.8994348677870345,1.0,1.0,222,222
PMC5871766_table_1,True,17,5,4,0.9511014293221867,1.0,1.0,1.0,0.9567331194877624,1.0,1.0,1.0,0.9121051579713821,1.0,1.0,1.0,0.9277183082368639,1.0,1.0,1.0,0.9121051579713821,1.0,1.0,0.9285293809779278,1.0,1.0,81,81
PMC5875840_table_1,True,8,5,1,0.9678480327129364,1.0,1.0,1.0,0.9638327240943909,1.0,1.0,1.0,0.9490672945976257,1.0,0.5,0.6666666666666666,0.949739078113011,1.0,0.9722222222222222,0.9859154929577464,0.9490672945976257,1.0,1.0,0.9497588364516988,1.0,1.0,35,36
PMC5879540_table_0,False,7,3,0,0.967971648488726,1.0,1.0,1.0,0.9805426200230917,1.0,1.0,1.0,0.0,1.0,1.0,1.0,0.9710652118637448,1.0,1.0,1.0,0.0,0.0,0.0,0.9710652118637448,1.0,1.0,21,21
PMC5911635_table_0,True,6,7,2,0.7500654458999634,0.6666666666666666,0.4,0.5,0.9616373181343079,1.0,1.0,1.0,0.9469835758209229,1.0,1.0,1.0,0.7052828300940363,0.631578947368421,0.36363636363636365,0.46153846153846156,0.9469835758209229,1.0,0.8,0.6918550108869871,0.6111111111111112,0.4489795918367347,38,66
PMC5914047_table_0,True,34,3,3,0.920639239689883,1.0,0.8947368421052632,0.9444444444444444,0.8881165583928426,1.0,0.75,0.8571428571428571,0.8773238261540731,1.0,0.75,0.8571428571428571,0.8459146010755288,1.0,0.668918918918919,0.8016194331983807,0.8773238261540731,1.0,0.8571428571428571,0.8449330627918243,1.0,0.8033472803347281,99,148
PMC5918169_table_0,True,22,4,18,0.9374549009583213,1.0,1.0,1.0,0.956965446472168,1.0,1.0,1.0,0.6690653777784772,0.8888888888888888,0.4,0.5517241379310346,0.8118842569563318,0.9411764705882353,0.7111111111111111,0.8101265822784811,0.6902649733755324,0.9444444444444444,0.8292682926829269,0.8556671990454197,0.94,0.810344827586207,68,90
PMC5919007_table_0,True,32,4,4,0.9317367766052485,1.0,1.0,1.0,0.9658052772283554,1.0,1.0,1.0,0.907513216137886,1.0,1.0,1.0,0.910534490500727,1.0,1.0,1.0,0.907513216137886,1.0,1.0,0.910635199646155,1.0,1.0,124,124
PMC5929438_table_0,False,47,2,0,0.7750048256934957,0.9148936170212766,0.7962962962962963,0.8514851485148516,0.987069308757782,1.0,1.0,1.0,0.0,1.0,1.0,1.0,0.7833826120229478,0.9148936170212766,0.7962962962962963,0.8514851485148516,0.0,0.0,0.0,0.7833826120229478,0.9148936170212766,0.8514851485148516,94,108
PMC5931632_table_0,True,11,6,11,0.9003824862566862,1.0,1.0,1.0,0.9815777242183685,1.0,1.0,1.0,0.8537846478548917,1.0,1.0,1.0,0.8772694643806008,1.0,0.9807692307692307,0.9902912621359222,0.8537846478548917,1.0,1.0,0.8837277889251709,1.0,1.0,51,52
PMC5933171_table_2,False,41,6,0,0.8423560552480744,1.0,0.82,0.9010989010989011,0.9600019752979279,1.0,1.0,1.0,0.0,1.0,1.0,1.0,0.8147475152480893,1.0,0.82,0.9010989010989011,0.0,0.0,0.0,0.8147475152480893,1.0,0.9010989010989011,246,300
PMC5939194_table_1,False,10,4,0,0.9014671683311463,1.0,1.0,1.0,0.9599795937538147,1.0,1.0,1.0,0.0,1.0,1.0,1.0,0.8874241709709167,1.0,1.0,1.0,0.0,0.0,0.0,0.8874241709709167,1.0,1.0,40,40
PMC5944012_table_0,False,23,4,0,0.9112239454103552,1.0,1.0,1.0,0.9773594886064529,1.0,1.0,1.0,0.0,1.0,1.0,1.0,0.9006424235261005,1.0,1.0,1.0,0.0,0.0,0.0,0.9006424235261005,1.0,1.0,92,92
PMC5944059_table_1,True,22,4,1,0.94066906246272,1.0,1.0,1.0,0.9735337793827057,1.0,1.0,1.0,0.9504436254501343,1.0,1.0,1.0,0.9266597200842465,1.0,1.0,1.0,0.9504436254501343,1.0,1.0,0.9263765783537001,1.0,1.0,85,85
PMC5945226_table_0,True,16,6,2,0.8226360082626343,1.0,1.0,1.0,0.7257276972134908,0.8333333333333334,1.0,0.9090909090909091,0.0,0.0,0.0,0.0,0.5879230872210529,0.7777777777777778,0.8860759493670886,0.8284023668639053,0.6578366458415985,1.0,1.3333333333333333,0.5863341427069496,0.7727272727272727,0.8242424242424242,90,79
PMC5947495_table_2,False,6,5,0,0.9579208691914877,1.0,1.0,1.0,0.9592534303665161,1.0,1.0,1.0,0.0,1.0,1.0,1.0,0.9367074171702067,1.0,1.0,1.0,0.0,0.0,0.0,0.9367074171702067,1.0,1.0,30,30
PMC5959891_table_0,True,24,11,5,0.9429828772942225,1.0,1.0,1.0,0.9560217911546881,1.0,1.0,1.0,0.9380569577217102,1.0,1.0,1.0,0.9116026562802931,1.0,1.0,1.0,0.9380569577217102,1.0,1.0,0.9110735702514648,1.0,1.0,255,255
PMC5960211_table_0,False,19,6,0,0.9017966671993858,1.0,1.0,1.0,0.9581225415070852,1.0,1.0,1.0,0.0,1.0,0.0,0.0,0.8379635116771648,0.956140350877193,0.990909090909091,0.9732142857142858,0.0,0.0,0.0,0.8379635116771648,0.956140350877193,0.9732142857142858,114,110
PMC5962249_table_0,False,8,3,0,0.9518915414810181,1.0,1.0,1.0,0.9585382342338562,1.0,1.0,1.0,0.0,1.0,1.0,1.0,0.9428554102778435,1.0,1.0,1.0,0.0,0.0,0.0,0.9428554102778435,1.0,1.0,24,24
PMC5965869_table_2,False,20,17,0,0.9280886828899384,1.0,1.0,1.0,0.8001641140264624,0.9411764705882353,0.9411764705882353,0.9411764705882353,0.0,1.0,1.0,1.0,0.7524702785646215,0.9411764705882353,0.9411764705882353,0.9411764705882353,0.0,0.0,0.0,0.7524702785646215,0.9411764705882353,0.9411764705882353,340,340
PMC5972220_table_2,False,8,4,0,0.93533905595541,1.0,1.0,1.0,0.9693868905305862,1.0,1.0,1.0,0.0,1.0,1.0,1.0,0.9213007260113955,1.0,1.0,1.0,0.0,0.0,0.0,0.9213007260113955,1.0,1.0,32,32
PMC5974470_table_2,False,54,4,0,0.6993624959830884,0.8703703703703703,0.746031746031746,0.8034188034188035,0.9391824454069138,1.0,1.0,1.0,0.0,1.0,1.0,1.0,0.6696009807702568,0.8472222222222222,0.7261904761904762,0.782051282051282,0.0,0.0,0.0,0.6696009807702568,0.8472222222222222,0.782051282051282,216,252
PMC5978986_table_3,True,11,5,5,0.8908158107237383,1.0,0.7857142857142857,0.88,0.9482019186019898,1.0,1.0,1.0,0.9260042071342468,1.0,1.0,1.0,0.8796397507190704,1.0,0.7692307692307693,0.8695652173913044,0.9260042071342468,1.0,0.9090909090909091,0.8744881444507175,1.0,0.8737864077669902,50,65
PMC5989203_table_2,False,9,9,0,0.9435910516315036,1.0,1.0,1.0,0.886201474401686,1.0,1.0,1.0,0.0,1.0,0.0,0.0,0.7734144278514532,0.8888888888888888,0.9863013698630136,0.935064935064935,0.0,0.0,0.0,0.7734144278514532,0.8888888888888888,0.935064935064935,81,73
PMC5992147_table_1,True,13,5,5,0.9652161460656387,1.0,1.0,1.0,0.9845587611198425,1.0,1.0,1.0,0.5980725795030594,0.6,0.42857142857142855,0.5,0.8545975967290553,0.8936170212765957,0.84,0.8659793814432989,0.6980748444795608,0.8,0.8000000000000002,0.8732312577111381,0.9047619047619048,0.8837209302325582,47,50
PMC5993261_table_6,False,4,4,0,0.9456707090139389,1.0,1.0,1.0,0.9482510536909103,1.0,1.0,1.0,0.0,1.0,1.0,1.0,0.9155236817896366,1.0,1.0,1.0,0.0,0.0,0.0,0.9155236817896366,1.0,1.0,16,16
PMC5993845_table_0,True,11,7,5,0.8983714417977766,1.0,1.0,1.0,0.9199656248092651,1.0,1.0,1.0,0.8813437700271607,1.0,1.0,1.0,0.8399566726552116,1.0,1.0,1.0,0.8813437700271607,1.0,1.0,0.8368680832990959,1.0,1.0,72,72
PMC5995224_table_0,True,23,8,29,0.8896708021993223,0.9565217391304348,1.0,0.9777777777777777,0.9632545411586761,1.0,1.0,1.0,0.683541483920196,0.7931034482758621,0.8214285714285714,0.8070175438596492,0.845565882248694,0.9236111111111112,0.9047619047619048,0.914089347079038,0.7423528217036148,0.7931034482758621,0.7931034482758621,0.87159352360354,0.9565217391304348,0.9482758620689655,144,147
PMC5998874_table_2,True,12,9,3,0.9097232719262441,1.0,1.0,1.0,0.9569666253195869,1.0,1.0,1.0,0.8952770233154297,1.0,1.0,1.0,0.8879562616348267,1.0,1.0,1.0,0.8952770233154297,1.0,1.0,0.8877344203717781,1.0,1.0,102,102
PMC6006697_table_0,True,6,6,3,0.9516256153583527,1.0,1.0,1.0,0.9614809254805247,1.0,1.0,1.0,0.6132459243138632,0.6666666666666666,1.0,0.8,0.9137165017666355,0.967741935483871,0.9090909090909091,0.9374999999999999,0.7466915547847748,0.6666666666666666,0.6666666666666666,0.9316120318004063,1.0,0.9824561403508771,31,33
PMC6008815_table_0,False,11,6,0,0.9571067257360979,1.0,1.0,1.0,0.9740782678127289,1.0,1.0,1.0,0.0,1.0,1.0,1.0,0.9421036415027849,1.0,1.0,1.0,0.0,0.0,0.0,0.9421036415027849,1.0,1.0,66,66
PMC6011996_table_0,False,17,2,0,0.9381390319151037,1.0,1.0,1.0,0.976079672574997,1.0,1.0,1.0,0.0,1.0,1.0,1.0,0.9277868761735804,1.0,1.0,1.0,0.0,0.0,0.0,0.9277868761735804,1.0,1.0,34,34
PMC6013434_table_5,False,16,4,0,0.9506973512470722,1.0,1.0,1.0,0.9536878019571304,1.0,1.0,1.0,0.0,1.0,1.0,1.0,0.919835964217782,1.0,1.0,1.0,0.0,0.0,0.0,0.919835964217782,1.0,1.0,64,64
PMC6014156_table_2,False,5,4,0,0.8720231771469116,1.0,1.0,1.0,0.9510226100683212,1.0,1.0,1.0,0.0,1.0,1.0,1.0,0.86480672955513,1.0,1.0,1.0,0.0,0.0,0.0,0.86480672955513,1.0,1.0,20,20
PMC6017047_table_3,False,10,5,0,0.9312800765037537,1.0,1.0,1.0,0.9536459803581238,1.0,1.0,1.0,0.0,1.0,1.0,1.0,0.90492356300354,1.0,1.0,1.0,0.0,0.0,0.0,0.90492356300354,1.0,1.0,50,50
PMC6020360_table_2,False,19,5,0,0.9389757733595999,1.0,1.0,1.0,0.9728428244590759,1.0,1.0,1.0,0.0,1.0,1.0,1.0,0.921416007217608,1.0,1.0,1.0,0.0,0.0,0.0,0.921416007217608,1.0,1.0,95,95
PMC6022731_table_2,True,32,7,3,0.9506282154470682,1.0,1.0,1.0,0.9807822789464679,1.0,1.0,1.0,0.9378863970438639,1.0,1.0,1.0,0.9356361877972676,1.0,1.0,1.0,0.9378863970438639,1.0,1.0,0.935604934891065,1.0,1.0,219,219
PMC6038618_table_1,False,3,5,0,0.9460641145706177,1.0,1.0,1.0,0.9595656156539917,1.0,1.0,1.0,0.0,1.0,1.0,1.0,0.925440768400828,1.0,1.0,1.0,0.0,0.0,0.0,0.925440768400828,1.0,1.0,15,15
PMC6039022_table_3,False,33,4,0,0.9380833434336113,1.0,1.0,1.0,0.9578839540481567,1.0,1.0,1.0,0.0,1.0,1.0,1.0,0.9067632614663153,1.0,1.0,1.0,0.0,0.0,0.0,0.9067632614663153,1.0,1.0,132,132
PMC6040745_table_3,False,6,2,0,0.9506150881449381,1.0,1.0,1.0,0.9478540420532227,1.0,1.0,1.0,0.0,1.0,1.0,1.0,0.9274769226710001,1.0,1.0,1.0,0.0,0.0,0.0,0.9274769226710001,1.0,1.0,12,12
PMC6052464_table_0,False,20,3,0,0.9652847051620483,1.0,1.0,1.0,0.9836093982060751,1.0,1.0,1.0,0.0,1.0,1.0,1.0,0.9571238855520884,1.0,1.0,1.0,0.0,0.0,0.0,0.9571238855520884,1.0,1.0,60,60
PMC6054383_table_2,False,13,5,0,0.9074994829984812,1.0,1.0,1.0,0.9634391665458679,1.0,1.0,1.0,0.0,1.0,1.0,1.0,0.8861997118363014,1.0,1.0,1.0,0.0,0.0,0.0,0.8861997118363014,1.0,1.0,65,65
PMC6068911_table_0,False,8,4,0,0.9847691506147385,1.0,1.0,1.0,0.9833442717790604,1.0,1.0,1.0,0.0,1.0,1.0,1.0,0.9747807681560516,1.0,1.0,1.0,0.0,0.0,0.0,0.9747807681560516,1.0,1.0,32,32
PMC6069566_table_1,False,4,5,0,0.9675570875406265,1.0,1.0,1.0,0.9678447484970093,1.0,1.0,1.0,0.0,1.0,1.0,1.0,0.9511841803789138,1.0,1.0,1.0,0.0,0.0,0.0,0.9511841803789138,1.0,1.0,20,20
PMC6080384_table_1,True,14,7,11,0.9459582737513951,1.0,1.0,1.0,0.9543007101331439,1.0,1.0,1.0,0.7803698615594343,0.9090909090909091,1.0,0.9523809523809523,0.9203188647242153,0.9882352941176471,0.9767441860465116,0.9824561403508771,0.8245631916956468,0.9090909090909091,0.9090909090909091,0.9345528161203539,1.0,1.0,85,86
PMC6084955_table_1,True,18,4,2,0.8746443026595645,1.0,1.0,1.0,0.9660905003547668,1.0,1.0,1.0,0.8736181557178497,1.0,1.0,1.0,0.8674257941867994,1.0,1.0,1.0,0.8736181557178497,1.0,1.0,0.8672409475739322,1.0,1.0,69,69
PMC6097016_table_2,True,17,8,7,0.9229150940390194,1.0,1.0,1.0,0.9475373774766922,1.0,1.0,1.0,0.924825234072549,1.0,1.0,1.0,0.8884371847145317,1.0,1.0,1.0,0.924825234072549,1.0,1.0,0.8863493458169406,1.0,1.0,129,129
PMC6097158_table_0,True,4,6,3,0.8452956825494766,1.0,0.8,0.888888888888889,0.5032991915941238,0.6666666666666666,0.8,0.7272727272727272,0.013004814585049948,0.0,0.0,0.0,0.4136405313564908,0.42857142857142855,0.42857142857142855,0.42857142857142855,0.5514283378918966,0.3333333333333333,0.3333333333333333,0.3906758969339232,0.4444444444444444,0.4444444444444444,21,21
PMC6098012_table_0,True,3,8,7,0.9076593518257141,1.0,1.0,1.0,0.8601054251194,0.875,0.875,0.875,0.9222618852342878,1.0,1.0,1.0,0.8478221893310547,0.9411764705882353,0.9411764705882353,0.9411764705882353,0.9222618852342878,1.0,1.0,0.7957144021987915,0.9,0.9,17,17
PMC6098012_table_3,False,7,6,0,0.9472099798066276,1.0,1.0,1.0,0.9628301163514456,1.0,1.0,1.0,0.0,1.0,1.0,1.0,0.9235752778393882,1.0,1.0,1.0,0.0,0.0,0.0,0.9235752778393882,1.0,1.0,42,42
PMC6100161_table_1,True,14,6,4,0.930732535464423,1.0,1.0,1.0,0.9619032939275106,1.0,1.0,1.0,0.9206188917160034,1.0,1.0,1.0,0.9145579345524311,1.0,1.0,1.0,0.9206188917160034,1.0,1.0,0.91423893680698,1.0,1.0,80,80
PMC6111314_table_0,False,2,3,0,0.9371659755706787,1.0,1.0,1.0,0.955337127049764,1.0,1.0,1.0,0.0,1.0,1.0,1.0,0.9258642097314199,1.0,1.0,1.0,0.0,0.0,0.0,0.9258642097314199,1.0,1.0,6,6
PMC6112758_table_4,True,10,5,4,0.9583005845546723,1.0,1.0,1.0,0.9836774110794068,1.0,1.0,1.0,0.9192365109920502,1.0,1.0,1.0,0.9475314370963884,1.0,1.0,1.0,0.9192365109920502,1.0,1.0,0.9502261919634682,1.0,1.0,46,46
PMC6123397_table_0,True,21,8,12,0.8668059990519569,1.0,1.0,1.0,0.9533863142132759,1.0,1.0,1.0,0.6550753700236479,0.6666666666666666,0.34782608695652173,0.4571428571428571,0.8120662447733756,0.9487179487179487,0.925,0.9367088607594937,0.6753387699524561,0.6666666666666666,0.6666666666666666,0.8234602010084523,0.9722222222222222,0.9621993127147767,156,160
PMC6125819_table_1,True,49,6,4,0.7746817232394705,0.9387755102040817,0.7931034482758621,0.8598130841121495,0.9587875207265218,1.0,1.0,1.0,0.8977796286344528,1.0,0.8,0.888888888888889,0.7385507435328408,0.9134948096885813,0.7741935483870968,0.8380952380952381,0.8977796286344528,1.0,1.0,0.7363159521629936,0.9122807017543859,0.8373590982286634,289,341
PMC6126081_table_0,False,10,2,0,0.5372257351875305,0.6,0.8571428571428571,0.7058823529411764,0.9308775961399078,1.0,1.0,1.0,0.0,1.0,1.0,1.0,0.53248690366745,0.6,0.8571428571428571,0.7058823529411764,0.0,0.0,0.0,0.53248690366745,0.6,0.7058823529411764,20,14
PMC6132986_table_2,True,6,7,4,0.9545760055383047,1.0,1.0,1.0,0.9632471288953509,1.0,1.0,1.0,0.9555922001600266,1.0,1.0,1.0,0.9338300024208269,1.0,1.0,1.0,0.9555922001600266,1.0,1.0,0.9312697438632741,1.0,1.0,38,38
PMC6136300_table_1,True,9,4,4,0.9512922035323249,1.0,1.0,1.0,0.9617258906364441,1.0,1.0,1.0,0.9324039965867996,1.0,0.8,0.888888888888889,0.9409166686236858,1.0,0.9696969696969697,0.9846153846153847,0.9324039965867996,1.0,1.0,0.9421327646289553,1.0,1.0,32,33
PMC6151016_table_3,True,24,7,3,0.9459390888611475,1.0,1.0,1.0,0.9557329075677055,1.0,1.0,1.0,0.8590723673502604,1.0,0.75,0.8571428571428571,0.9047277993951107,0.9815950920245399,0.9937888198757764,0.9876543209876544,0.8590723673502604,1.0,1.2,0.9055838387459516,0.98125,0.9874213836477987,163,161
PMC6154954_table_0,False,8,4,0,0.9475225135684013,1.0,1.0,1.0,0.9056008011102676,1.0,1.0,1.0,0.0,1.0,1.0,1.0,0.880405968055129,1.0,1.0,1.0,0.0,0.0,0.0,0.880405968055129,1.0,1.0,32,32
PMC6155707_table_0,False,7,4,0,0.9146932533809117,1.0,1.0,1.0,0.9758630394935608,1.0,1.0,1.0,0.0,1.0,0.0,0.0,0.9046786193336759,1.0,1.0,1.0,0.0,0.0,0.0,0.9046786193336759,1.0,1.0,28,28
PMC6156754_table_0,False,16,4,0,0.9136590138077736,1.0,0.9411764705882353,0.9696969696969697,0.7593403980135918,0.75,0.75,0.75,0.0,1.0,1.0,1.0,0.7688964451663196,0.75,0.7058823529411765,0.7272727272727272,0.0,0.0,0.0,0.7688964451663196,0.75,0.7272727272727272,64,68
PMC6162424_table_0,True,8,3,2,0.9017993733286858,1.0,1.0,1.0,0.9870788256327311,1.0,1.0,1.0,0.9231090545654297,1.0,1.0,1.0,0.9068637333418194,1.0,1.0,1.0,0.9231090545654297,1.0,1.0,0.9049525190802181,1.0,1.0,19,19
PMC6163768_table_0,True,19,9,3,0.9255060177100333,1.0,1.0,1.0,0.962648504310184,1.0,1.0,1.0,0.8992306192715963,1.0,1.0,1.0,0.9008959938840169,1.0,1.0,1.0,0.8992306192715963,1.0,1.0,0.900927025709093,1.0,1.0,164,164
PMC6165360_table_0,False,15,5,0,0.9781540711720784,1.0,1.0,1.0,0.982867980003357,1.0,1.0,1.0,0.0,1.0,1.0,1.0,0.9634880073865255,1.0,1.0,1.0,0.0,0.0,0.0,0.9634880073865255,1.0,1.0,75,75
PMC6169061_table_2,True,7,5,3,0.9685188446726117,1.0,1.0,1.0,0.9583171606063843,1.0,1.0,1.0,0.9390276670455933,1.0,1.0,1.0,0.9427141435444355,1.0,1.0,1.0,0.9390276670455933,1.0,1.0,0.9430955031822468,1.0,1.0,32,32
PMC6171883_table_0,True,42,11,16,0.7774546841780344,0.9761904761904762,0.82,0.8913043478260869,0.9100340821526267,1.0,1.0,1.0,0.47793211440875893,0.5,0.36363636363636365,0.4210526315789474,0.6929395217617804,0.8795454545454545,0.7329545454545454,0.7995867768595042,0.588746502995491,0.5,0.45714285714285713,0.696871333790697,0.8938679245283019,0.8133047210300429,440,528
PMC6180496_table_2,False,8,2,0,0.8312904313206673,1.0,1.0,1.0,0.8620628416538239,1.0,1.0,1.0,0.0,1.0,1.0,1.0,0.7695042304694653,1.0,1.0,1.0,0.0,0.0,0.0,0.7695042304694653,1.0,1.0,16,16
PMC6181438_table_0,True,15,7,3,0.8842472871144612,1.0,1.0,1.0,0.9534051248005458,1.0,1.0,1.0,0.853589673837026,1.0,0.6,0.7499999999999999,0.8588526838957661,0.98989898989899,0.98,0.9849246231155778,0.853589673837026,1.0,1.0,0.8590171529601017,0.9895833333333334,0.9895833333333334,99,100
PMC6198177_table_2,False,6,9,0,0.9397193590799967,1.0,1.0,1.0,0.9687682853804694,1.0,1.0,1.0,0.0,1.0,1.0,1.0,0.9227260384294722,1.0,1.0,1.0,0.0,0.0,0.0,0.9227260384294722,1.0,1.0,54,54
PMC6198407_table_0,True,32,3,9,0.8933988884091377,1.0,1.0,1.0,0.9706899325052897,1.0,1.0,1.0,0.915781213177575,1.0,0.8181818181818182,0.9,0.8758257442229503,1.0,0.9736842105263158,0.9866666666666666,0.915781213177575,1.0,1.0,0.8702934485215407,1.0,0.9923664122137404,74,76
PMC6206384_table_3,True,15,8,14,0.8343981603781382,0.9333333333333333,0.875,0.9032258064516129,0.9771480411291122,1.0,1.0,1.0,0.09129029086657933,0.07142857142857142,0.5,0.125,0.7819479462110771,0.839622641509434,0.7007874015748031,0.7639484978540773,0.5003064445086888,0.21428571428571427,0.19999999999999998,0.824806435600571,0.9347826086956522,0.8514851485148516,106,127
PMC6206713_table_2,True,7,7,4,0.9468914270401001,1.0,1.0,1.0,0.9608747618538993,1.0,1.0,1.0,0.8974916040897369,1.0,1.0,1.0,0.9264866987864177,1.0,1.0,1.0,0.8974916040897369,1.0,1.0,0.9293154885129231,1.0,1.0,45,45
PMC6211696_table_0,False,10,5,0,0.9291812300682067,1.0,1.0,1.0,0.9766051292419433,1.0,1.0,1.0,0.0,1.0,1.0,1.0,0.9148377227783203,1.0,1.0,1.0,0.0,0.0,0.0,0.9148377227783203,1.0,1.0,50,50
PMC6211744_table_5,True,10,10,3,0.8974080502986908,1.0,1.0,1.0,0.9455251514911651,1.0,1.0,1.0,0.9335360924402872,1.0,1.0,1.0,0.8668955262969522,1.0,1.0,1.0,0.9335360924402872,1.0,1.0,0.8644574568039034,1.0,1.0,85,85
PMC6215641_table_1,False,7,2,0,0.8983892287526812,1.0,1.0,1.0,0.8374509513378143,1.0,1.0,1.0,0.0,1.0,1.0,1.0,0.7773541169507163,1.0,1.0,1.0,0.0,0.0,0.0,0.7773541169507163,1.0,1.0,14,14
PMC6219188_table_3,False,4,4,0,0.8756880760192871,1.0,1.0,1.0,0.9191307127475739,1.0,0.8,0.888888888888889,0.0,1.0,1.0,1.0,0.8924014642834663,1.0,0.8,0.888888888888889,0.0,0.0,0.0,0.8924014642834663,1.0,0.888888888888889,16,20
PMC6222129_table_0,False,9,3,0,0.8343229360050626,1.0,1.0,1.0,0.975455661614736,1.0,1.0,1.0,0.0,1.0,1.0,1.0,0.8346574284412243,1.0,1.0,1.0,0.0,0.0,0.0,0.8346574284412243,1.0,1.0,27,27
PMC6224124_table_2,False,14,4,0,0.9242465410913739,1.0,1.0,1.0,0.961362212896347,1.0,1.0,1.0,0.0,1.0,1.0,1.0,0.9027277550527028,1.0,1.0,1.0,0.0,0.0,0.0,0.9027277550527028,1.0,1.0,56,56
