image,detected,gt_span_w,gt_span_h,iou,offset_x1,offset_y1,offset_x2,offset_y2,norm_x1,norm_y1,norm_x2,norm_y2,snap_x1,snap_x2,snap_y1,snap_y2,max_offset,max_norm,max_snap,grid_err_col,grid_err_row,grid_err_any
PMC1574349_table_2,1,151.4353,59.93370000000001,0.9748081564903259,0.024922033691403556,0.6364773925781222,0.5266413818359297,0.6766989990234435,0.00016457215518048666,0.010619691301857253,0.0034776659196100886,0.0112907929766299,0.024922033691403556,0.5266413818359297,0.6364773925781222,0.6766989990234435,0.6766989990234435,0.0112907929766299,0.6766989990234435,0.0,0.0,0.0
PMC1574349_table_2,1,172.49559999999997,59.93370000000001,0.9775617718696594,0.9489131103515547,0.45271198120116907,0.8297832031249754,0.29181130371094355,0.005501085884808394,0.007553546355408877,0.004810460111011386,0.004868901865076635,0.9489131103515547,0.8298832031250072,0.45271198120116907,0.29181130371094355,0.9489131103515547,0.007553546355408877,0.9489131103515547,0.0,0.0,0.0
PMC1574349_table_2,1,169.55090000000007,59.93370000000001,0.9793674945831299,0.08806347656252456,0.6123723205566378,0.7814261718749549,0.33441384277344355,0.0005193925633100415,0.01021749567533187,0.004608799905367383,0.005579729647484529,0.08796347656249281,0.78132617187498,0.6123723205566378,0.33441384277344355,0.7814261718749549,0.01021749567533187,0.78132617187498,0.0,0.0,0.0
PMC1574349_table_2,1,127.77629999999999,31.734299999999998,0.9171778559684753,1.787407617187455,0.8012990173339816,1.280089550781213,1.188320422363276,0.013988569219702363,0.02525025027600992,0.010018207999302007,0.03744593144840996,1.78730761718748,1.280089550781213,0.8012990173339816,1.188320422363276,1.787407617187455,0.03744593144840996,1.78730761718748,0.0,0.0,0.0
PMC1716159_table_2,1,77.81809999999999,48.0804,0.935936450958252,0.6717332397460964,1.3208182250976535,1.2937501708984342,0.6829641357421821,0.008632095100575528,0.02747103237696969,0.01662531173208334,0.014204626744831202,0.6717332397460964,1.2937501708984342,1.3208182250976535,0.6829641357421821,1.3208182250976535,0.02747103237696969,1.3208182250976535,0.0,0.0,0.0
PMC1716159_table_2,1,85.01,48.0804,0.9330587983131409,0.7741731445312467,1.2460310852050753,1.3443232910156269,0.9171560302734321,0.009106847953549544,0.025915572358072632,0.015813707693396385,0.01907546589199408,0.7741731445312467,1.3443232910156269,1.2460310852050753,0.9171560302734321,1.3443232910156269,0.025915572358072632,1.3443232910156269,0.0,0.0,0.0
PMC1716159_table_2,1,371.1238000000001,19.9743,0.7922064661979675,0.26863752441406064,1.1395972167968722,70.76701464843745,0.05241192626952795,0.0007238488192189791,0.05705317416865033,0.19068304066847083,0.0026239681125009616,0.26863752441406064,1.1408146484375266,1.1395972167968722,0.05241192626952795,70.76701464843745,0.19068304066847083,1.1408146484375266,1.0,0.0,1.0
PMC1716159_table_2,0,69.62619999999993,48.0804,0.0,,,,,,,,,,,,,,,,,,
PMC2222642_table_2,1,178.7044,42.4676,0.880020022392273,0.5949624572753933,0.4859872985839857,2.936046874999988,4.3714031982421915,0.0033293106228799814,0.011443719413952889,0.01642962834155168,0.10293501865521461,0.5949624572753933,2.936046874999988,0.4859872985839857,4.3714031982421915,4.3714031982421915,0.10293501865521461,4.3714031982421915,0.0,0.0,0.0
PMC2222642_table_2,0,440.31540000000007,12.164500000000004,0.11981630325317383,42.37807055664064,0.13091409912109242,319.9761172851563,32.691722741699216,0.09624480669229518,0.01076197945834949,0.726697538367171,2.6874695007356824,2.9860705566406125,0.0606827148437219,0.13091409912109242,2.3886227416992227,319.9761172851563,2.6874695007356824,2.9860705566406125,1.0,1.0,1.0
PMC2429899_table_2,1,78.76570000000001,40.69120000000001,0.8681771755218506,0.40164627685546606,0.26195346069336267,0.15787315673827607,5.57552564697265,0.005099253569199106,0.006437594877844906,0.0020043389030793357,0.13702042817544455,0.40164627685546606,0.15797315673827939,0.26195346069336267,5.57552564697265,5.57552564697265,0.13702042817544455,5.57552564697265,0.0,0.0,0.0
PMC2429899_table_2,1,198.24669999999998,20.067500000000003,0.8386202454566956,11.195573803710943,0.06654156494140295,20.04281396484373,0.24187161254882739,0.056472939038636934,0.003315887128013103,0.10110036618437399,0.012052902082911541,11.19547380371094,20.04281396484373,0.06654156494140295,0.24187161254882739,20.04281396484373,0.10110036618437399,20.04281396484373,0.0,0.0,0.0
PMC2429899_table_2,1,194.34470000000005,20.067500000000003,0.7074344754219055,21.97884912109373,0.0337620849609408,40.46096977539065,0.08939434814453051,0.11309209420732197,0.0016824260600942216,0.20819178385307469,0.004454682852599003,21.97884912109373,20.564330224609364,0.0337620849609408,0.08939434814453051,40.46096977539065,0.20819178385307469,21.97884912109373,1.0,0.0,1.0
PMC2429899_table_2,1,132.39669999999995,40.69120000000001,0.8171629309654236,1.2100507324218484,0.22741900634765955,0.9566917968750204,8.096742993164057,0.009139583784352999,0.005588898984243755,0.007225948961530165,0.19898019702451772,1.2100507324218484,0.9566917968750204,0.22741900634765955,4.301757006835942,8.096742993164057,0.19898019702451772,4.301757006835942,0.0,1.0,1.0
PMC2657832_table_0,1,55.3033,69.8809,0.9485324621200562,0.050227313232419135,1.5317183227539033,1.1187975463867161,0.7502387329101623,0.000908215481398382,0.021918983910537836,0.02023021314074777,0.010735962658039068,0.050227313232419135,1.1187975463867161,1.5317183227539033,0.7502387329101623,1.5317183227539033,0.021918983910537836,1.5317183227539033,0.0,0.0,0.0
PMC2657832_table_0,1,58.482299999999995,69.8809,0.9544743299484253,0.11042761230469011,1.578932830810544,0.7259525878906175,0.740282373046881,0.0018882228008250382,0.022594626440279732,0.01241320173609139,0.010593486532756177,0.11042761230469011,0.7259525878906175,1.578932830810544,0.740282373046881,1.578932830810544,0.022594626440279732,1.578932830810544,0.0,0.0,0.0
PMC2657832_table_0,1,68.71710000000002,69.8809,0.9500893354415894,0.23614458007813255,1.5625715942382783,1.1436173339843663,0.6633246704101623,0.003436474765060407,0.022360496133253555,0.01664239809282356,0.009492217049439294,0.23614458007813255,1.1437173339843696,1.5625715942382783,0.6633246704101623,1.5625715942382783,0.022360496133253555,1.5625715942382783,0.0,0.0,0.0
PMC2657832_table_0,1,285.9636,13.822700000000005,0.87200528383255,3.5031663574218896,1.4296980590820283,0.8203274414062207,0.3374925109863298,0.012250392558430129,0.10343117184645748,0.0028686428671558925,0.02441581680759401,3.5031663574218896,0.8203274414062207,1.4296980590820283,0.3374925109863298,3.5031663574218896,0.10343117184645748,3.5031663574218896,0.0,0.0,0.0
PMC2657832_table_0,1,147.77069999999998,27.9411,0.9227073192596436,1.2136246582031163,0.7360673400878923,1.5620958007812646,0.9947218139648442,0.008212891041343895,0.026343534795977695,0.010571079387058901,0.03560066761741106,1.2137246582031196,1.5620958007812646,0.7360673400878923,0.9947218139648442,1.5620958007812646,0.03560066761741106,1.5620958007812646,0.0,0.0,0.0
PMC2657832_table_0,1,38.44749999999999,56.05819999999999,0.8930675387382507,1.7651292480468896,1.7317338439941423,0.8353599609375237,0.9453986450195373,0.04591011764215853,0.030891713326402608,0.021727289445023057,0.01686459153200669,1.7651292480468896,0.8353599609375237,1.7317338439941423,0.9453986450195373,1.7651292480468896,0.04591011764215853,1.7651292480468896,0.0,0.0,0.0
PMC2657832_table_0,1,73.84800000000001,56.05819999999999,0.8902717232704163,5.306394189453101,0.07761244506836107,2.6932010253906356,0.6774009033203185,0.07185562492488762,0.0013844976304690675,0.036469518814194496,0.012083886091960117,5.306394189453101,2.6932010253906356,0.07761244506836107,0.6774009033203185,5.306394189453101,0.07185562492488762,5.306394189453101,0.0,0.0,0.0
PMC2657832_table_0,1,173.66809999999998,27.9411,0.8630132079124451,2.2672366699218856,1.4554152038574202,0.4076999023437793,2.002923413085938,0.013054997837379956,0.052088686696566,0.002347580830007234,0.07168377097129097,2.2672366699218856,0.4076999023437793,1.4554152038574202,2.002923413085938,2.2672366699218856,0.07168377097129097,2.2672366699218856,0.0,0.0,0.0
PMC2881019_table_0,1,303.1069,22.586399999999998,0.9566488265991211,1.846595019531236,0.2780064941406266,0.5249061523437604,0.5454062499999992,0.006092223633085344,0.012308579239747222,0.0017317525676378875,0.02414755118124178,1.846595019531236,0.5249061523437604,0.2780064941406266,0.5454062499999992,1.846595019531236,0.02414755118124178,1.846595019531236,0.0,0.0,0.0
PMC2883601_table_0,1,21.936500000000002,32.681400000000004,0.8584456443786621,0.8502322448730482,0.4103460083007846,0.586694433593749,2.666013085937493,0.0387587921898684,0.012555949509530944,0.026745124955838393,0.081575853113315,0.8502322448730482,0.586694433593749,0.4104460083007808,2.6661130859374964,2.666013085937493,0.081575853113315,2.6661130859374964,0.0,0.0,0.0
PMC2883601_table_0,1,21.936500000000002,31.505199999999988,0.776581883430481,0.28987991943359503,2.8847707153320243,0.39745493164062395,4.32240366210938,0.013214501831814328,0.09156490723220374,0.018118429632832216,0.1371965155628081,0.28987991943359503,0.39745493164062395,2.8848707153320277,4.32240366210938,4.32240366210938,0.1371965155628081,4.32240366210938,0.0,0.0,0.0
PMC2883601_table_0,1,21.936500000000002,31.469200000000015,0.7354249954223633,1.0838328613281263,2.760306604003901,1.5238358520507802,3.4383002441406347,0.04940773876088374,0.08771454641376011,0.0694657694732879,0.10925921994015206,1.0838328613281263,1.5238358520507802,2.760306604003901,3.4383002441406347,3.4383002441406347,0.10925921994015206,3.4383002441406347,0.0,0.0,0.0
PMC2883601_table_0,1,21.936500000000002,28.016899999999993,0.7813859581947327,0.6264849914550794,3.1335533935546778,0.5668961547851552,2.2819213378906227,0.02855902224398055,0.11184511468273359,0.025842598171319724,0.08144803093456533,0.6264849914550794,0.5668961547851552,3.1335533935546778,2.2819213378906227,3.1335533935546778,0.11184511468273359,3.1335533935546778,0.0,0.0,0.0
PMC3000372_table_0,0,137.9305,13.984300000000005,0.44940513372421265,0.8727847106933595,0.6940435546874966,1.5475969970703147,16.083474377441405,0.0063277136724173375,0.049630196340717546,0.011220121706731395,1.1501093638896047,0.8727847106933595,1.5475969970703147,0.6940435546874966,0.5236256225585976,16.083474377441405,1.1501093638896047,1.5475969970703147,0.0,1.0,1.0
PMC3000372_table_0,1,156.77489999999997,13.984300000000005,0.9031999111175537,2.0667676269531228,0.5159963745117153,2.946439160156274,0.47768666381836056,0.013183026281331533,0.03689826265967658,0.01879407456267728,0.03415878262182307,2.0667676269531228,2.946439160156274,0.5159963745117153,0.47768666381836056,2.946439160156274,0.03689826265967658,2.946439160156274,0.0,0.0,0.0
PMC3000372_table_0,1,90.69559999999998,16.607100000000003,0.9461517333984375,0.16283137207031473,0.1388728820800793,1.709307226562487,0.4327976806640663,0.0017953613192956963,0.008362259640760837,0.018846638939071875,0.026061002864080196,0.16283137207031473,1.709307226562487,0.1388728820800793,0.4327976806640663,1.709307226562487,0.026061002864080196,1.709307226562487,0.0,0.0,0.0
PMC3000372_table_0,1,66.07929999999999,16.607100000000003,0.9153002500534058,0.1679205566406381,0.3349139892578137,1.5348485839843988,0.7154896362304726,0.0025411975708071683,0.02016691591294167,0.023227373534289848,0.043083358095662244,0.1679205566406381,1.5348485839843988,0.3349139892578137,0.7154896362304726,1.5348485839843988,0.043083358095662244,1.5348485839843988,0.0,0.0,0.0
PMC3000372_table_0,1,63.6371,31.71499999999999,0.9627085328102112,0.2902897827148436,0.5844754882812566,0.2700051025390593,0.36232108154297293,0.0045616438007835625,0.018428992220755377,0.004242888229335707,0.011424281303577899,0.2902897827148436,0.2700051025390593,0.5844754882812566,0.3622210815429696,0.5844754882812566,0.018428992220755377,0.5844754882812566,0.0,0.0,0.0
PMC3000372_table_0,1,63.6371,46.750699999999995,0.9693437218666077,0.013277911376953,0.6798618408203083,0.21794974365234054,0.6089218261718656,0.00020865047868229384,0.014542281523491806,0.0034248849122970808,0.013024870775664657,0.013277911376953,0.21794974365234054,0.6799618408203116,0.609021826171869,0.6798618408203083,0.014542281523491806,0.6799618408203116,0.0,0.0,0.0
PMC3000372_table_0,1,63.6371,59.0941,0.9314172267913818,0.5233241088867189,1.2660568359374906,1.4221504882812468,1.216442285156262,0.008223569409773842,0.021424420304861073,0.022347820505353746,0.02058483478310461,0.5233241088867189,1.4221504882812468,1.266156835937494,1.216442285156262,1.4221504882812468,0.022347820505353746,1.4221504882812468,0.0,0.0,0.0
PMC3017779_table_1,1,179.8299,57.250400000000006,0.9286714196205139,0.4130466613769528,1.6324179443359341,0.18187709960938037,2.394071301269534,0.002296874220454734,0.02851365133406813,0.0010113840891274497,0.041817547148483396,0.4130466613769528,0.18187709960938037,1.6324179443359341,2.394071301269534,2.394071301269534,0.041817547148483396,2.394071301269534,0.0,0.0,0.0
PMC3017779_table_1,1,179.8299,56.464600000000004,0.9626968502998352,0.20575601196289028,1.1660058105468778,0.49442294921874463,0.7711392578125071,0.0011441701961847851,0.02065020934438352,0.00274939233808585,0.013657039238965779,0.20575601196289028,0.49442294921874463,1.1660058105468778,0.7711392578125071,1.1660058105468778,0.02065020934438352,1.1660058105468778,0.0,0.0,0.0
PMC3017779_table_1,1,179.8299,77.12869999999998,0.9505418539047241,0.642454925537109,1.8741971191406321,1.2353134521484321,1.3165151123046996,0.0035725701095152087,0.024299607268638425,0.006869344042055476,0.017069069131266313,0.642454925537109,1.2353134521484321,1.8741971191406321,1.3165151123046996,1.8741971191406321,0.024299607268638425,1.8741971191406321,0.0,0.0,0.0
PMC3019106_table_3,1,43.7643,53.805200000000006,0.8632977604866028,0.5700950683593717,0.9129478332519554,1.5494905883789016,4.169370849609379,0.013026486619444885,0.016967650584924047,0.035405355241118944,0.07749010968474011,0.5700950683593717,1.5494905883789016,0.9129478332519554,4.169370849609379,4.169370849609379,0.07749010968474011,4.169370849609379,0.0,0.0,0.0
PMC3019106_table_3,1,92.50270000000002,16.344900000000003,0.9080365300178528,0.22993339843749538,0.36658781738281476,2.3008291259765485,0.7584406616210941,0.002485693914204616,0.022428269208304406,0.024873102363245053,0.046402282156580585,0.22993339843749538,2.3008291259765485,0.36658781738281476,0.7584406616210941,2.3008291259765485,0.046402282156580585,2.3008291259765485,0.0,0.0,0.0
PMC3019106_table_3,1,233.44719999999998,16.344900000000003,0.8795176148414612,2.668520166015611,0.3469268676757835,8.40837954101562,0.9062525512695316,0.011430936700100114,0.02122538942886059,0.03601833537097734,0.05544558555081594,2.668520166015611,8.408479541015652,0.3469268676757835,0.9062525512695316,8.40837954101562,0.05544558555081594,8.408479541015652,0.0,0.0,0.0
PMC3019106_table_3,1,217.74120000000005,16.344900000000003,0.922749936580658,7.18132875976562,0.224505603027346,1.6311164062500438,0.44360606689453164,0.03298102866965746,0.013735514015218568,0.007491078428198446,0.0271403353275047,7.181428759765652,1.6311164062500438,0.224505603027346,0.44360606689453164,7.18132875976562,0.03298102866965746,7.181428759765652,0.0,0.0,0.0
PMC3019106_table_3,1,29.899299999999926,53.805200000000006,0.8245429992675781,2.356091992187544,1.1819106933593773,2.0760289062500306,2.080984313964848,0.07880090812117842,0.021966477094395656,0.06943403043716861,0.03867626760916877,2.356091992187544,2.0760289062500306,1.1819106933593773,2.080984313964848,2.356091992187544,0.07880090812117842,2.356091992187544,0.0,0.0,0.0
PMC3019106_table_3,1,40.643600000000006,37.460300000000004,0.8312162160873413,2.1641756469726516,1.2179438354492191,3.2449816162109357,1.1598569946289103,0.05324763669981624,0.03251292262606597,0.07983991615434989,0.03096229861023297,2.1641756469726516,3.2449816162109357,1.2179438354492191,1.1598569946289103,3.2449816162109357,0.07983991615434989,3.2449816162109357,0.0,0.0,0.0
PMC3019106_table_3,1,51.85910000000001,37.460300000000004,0.8453914523124695,1.2822359497070295,1.4727427246093754,2.3345163330078265,2.172422607421879,0.02472537991802845,0.03931476054941832,0.04501652232699422,0.057992664431995446,1.2822359497070295,2.3345163330078265,1.4727427246093754,2.172422607421879,2.3345163330078265,0.057992664431995446,2.3345163330078265,0.0,0.0,0.0
PMC3019106_table_3,1,53.505499999999984,37.460300000000004,0.7273049354553223,5.131428930664072,3.463396716308594,1.9918399902343822,4.134046752929692,0.09590470008997343,0.09245512492715205,0.03722682696609475,0.11035807916460069,5.131428930664072,1.9918399902343822,3.463396716308594,4.134046752929692,5.131428930664072,0.11035807916460069,5.131428930664072,0.0,0.0,0.0
PMC3019106_table_3,1,63.79340000000002,37.460300000000004,0.6909562349319458,1.2309688476562428,4.723974871826172,4.5794519531249875,6.038007934570317,0.019296178721564337,0.12610616764484459,0.07178566988316952,0.16118418524598885,1.2309688476562428,4.5794519531249875,4.723974871826172,6.038007934570317,6.038007934570317,0.16118418524598885,6.038007934570317,0.0,0.0,0.0
PMC3019106_table_3,1,55.65530000000001,37.460300000000004,0.6764429211616516,5.252892480468745,2.6542574645996098,8.218342626953131,3.1674940185546916,0.09438261011024546,0.0708552111061473,0.14766504945536416,0.08455602380532701,5.252992480468777,8.218342626953131,2.6542574645996098,3.1674940185546916,8.218342626953131,0.14766504945536416,8.218342626953131,0.0,0.0,0.0
PMC3019106_table_3,1,53.04290000000003,37.460300000000004,0.8077432513237,5.464344824218756,2.0696970703125004,0.34983515625003747,2.202604492187504,0.10301745990921976,0.05525041364624683,0.006595324845550248,0.0587983676635666,5.464344824218756,0.34983515625003747,2.0696970703125004,2.202604492187504,5.464344824218756,0.10301745990921976,5.464344824218756,0.0,0.0,0.0
PMC3019106_table_3,1,62.30309999999997,37.460300000000004,0.7519751787185669,2.7348206054687125,2.4361330749511723,5.45066464843751,3.198476989746098,0.043895417811773633,0.06503239629557617,0.08748625106034069,0.08538311198111327,2.7348206054687125,5.45066464843751,2.4361330749511723,3.198476989746098,5.45066464843751,0.08748625106034069,5.45066464843751,0.0,0.0,0.0
PMC3019106_table_3,1,46.739900000000034,37.460300000000004,0.85361647605896,2.0697442382812596,2.410715747070313,0.42540214843745616,1.6856443481445353,0.044282170870739095,0.06435388256555107,0.009101477505032228,0.04499815399621827,2.0697442382812596,0.42540214843745616,2.410715747070313,1.6856443481445353,2.410715747070313,0.06435388256555107,2.410715747070313,0.0,0.0,0.0
PMC3019106_table_3,0,62.873999999999995,37.460300000000004,0.0,,,,,,,,,,,,,,,,,,
PMC3019106_table_3,0,53.27429999999998,37.460300000000004,0.0,,,,,,,,,,,,,,,,,,
PMC3019106_table_3,0,84.40790000000001,12.245900000000006,0.0,,,,,,,,,,,,,,,,,,
PMC3020960_table_0,1,80.6391,32.71189999999999,0.8986042737960815,0.6437762084960923,1.349920660400393,1.590050891113279,1.2725712402343703,0.007983425019576015,0.04126695974249106,0.019718113063182486,0.03890239454860068,0.6437762084960923,1.590050891113279,1.349920660400393,1.2725712402343703,1.590050891113279,0.04126695974249106,1.590050891113279,0.0,0.0,0.0
PMC3020960_table_0,1,68.46419999999999,32.71189999999999,0.8890016078948975,1.098687365722654,1.4801124633789087,1.1366136718750113,1.3622624023437453,0.016047618546958176,0.04524691208333692,0.01660157676384171,0.0416442457437124,1.098687365722654,1.1366136718750113,1.4801124633789087,1.3622624023437453,1.4801124633789087,0.04524691208333692,1.4801124633789087,0.0,0.0,0.0
PMC3020960_table_0,1,71.14699999999999,32.71189999999999,0.8925941586494446,0.2509900878906137,1.361822515869143,2.335368017578105,1.1999165161132765,0.003527767690705353,0.04163079845160762,0.032824546608825465,0.03668134581339747,0.2509900878906137,2.335368017578105,1.361822515869143,1.1999165161132765,2.335368017578105,0.04163079845160762,2.335368017578105,0.0,0.0,0.0
PMC3020960_table_0,1,78.4606,32.71189999999999,0.9106093049049377,0.7077740234374801,1.2080520690917993,0.8018579101562295,1.245341931152339,0.009020757213652204,0.036930048975810016,0.01021987991624114,0.03806999688652568,0.7077740234374801,0.8018579101562295,1.2080520690917993,1.245341931152339,1.245341931152339,0.03806999688652568,1.245341931152339,0.0,0.0,0.0
PMC3020960_table_0,1,64.4957,32.71189999999999,0.9026073813438416,0.16744140625002046,1.1815208496093774,0.7519646484374789,1.6924625976562453,0.0025961638721654383,0.03611899185340435,0.01165914391870278,0.051738437622279525,0.16744140625002046,0.7519646484374789,1.1815208496093774,1.6924625976562453,1.6924625976562453,0.051738437622279525,1.6924625976562453,0.0,0.0,0.0
PMC3020960_table_0,1,186.6495,13.823,0.8683058619499207,1.370960156250021,1.1393684448242212,5.896203808593782,0.3381695312500028,0.007345104895807496,0.08242555485959785,0.03158971124269705,0.024464264721840615,1.370960156250021,5.896203808593782,1.1393684448242212,0.3381695312500028,5.896203808593782,0.08242555485959785,5.896203808593782,0.0,0.0,0.0
PMC3020960_table_0,1,56.22320000000002,32.71189999999999,0.866756796836853,2.198510937500032,0.9676612915039087,2.031829492187512,1.3109623535156203,0.039103269424366295,0.029581323356451594,0.036138631244530935,0.040076007615443325,2.198510937500032,2.031829492187512,0.9676612915039087,1.3109623535156203,2.198510937500032,0.040076007615443325,2.198510937500032,0.0,0.0,0.0
PMC3033815_table_1,1,102.62740000000001,67.1947,0.9173168540000916,0.40703088378906216,2.826867254638671,3.7822031005859458,0.36880216064453464,0.0039661034362077005,0.04206979500821748,0.03685373594757292,0.0054885602680648125,0.40703088378906216,3.7822031005859458,2.826867254638671,0.36880216064453464,3.7822031005859458,0.04206979500821748,3.7822031005859458,0.0,0.0,0.0
PMC3033815_table_1,0,560.6246,13.968199999999996,0.0,,,,,,,,,,,,,,,,,,
PMC3033815_table_1,0,457.99719999999996,16.589,0.0,,,,,,,,,,,,,,,,,,
PMC3034664_table_2,1,83.2467,87.3637,0.930549144744873,0.27292213134765575,1.4754243530273428,3.433021643066411,0.9744513916015762,0.0032784738776150376,0.016888299751811598,0.041239131918339236,0.011153962018568081,0.27292213134765575,3.433021643066411,1.4754243530273428,0.9744513916015762,3.433021643066411,0.041239131918339236,3.433021643066411,0.0,0.0,0.0
PMC3034664_table_2,1,83.2467,145.03400000000002,0.9155228734016418,0.5860630004882807,3.0781040283203254,4.22036752929688,1.0377288574218824,0.007040074867691821,0.021223327139293716,0.05069711507239181,0.007155072999585492,0.5860630004882807,4.22036752929688,3.0781040283203254,1.0377288574218824,4.22036752929688,0.05069711507239181,4.22036752929688,0.0,0.0,0.0
PMC3035247_table_0,1,75.2345,101.8775,0.9165707230567932,3.036124871826175,3.6891475830078093,0.8770511108398438,0.06917089843750546,0.04035548680228054,0.03621160298405251,0.011657565489766581,0.0006789614825403593,3.036124871826175,0.8770511108398438,3.6891475830078093,0.06917089843750546,3.6891475830078093,0.04035548680228054,3.6891475830078093,0.0,0.0,0.0
PMC3035247_table_0,1,75.2345,32.01049999999998,0.8689823746681213,3.6164089904785186,2.4723330078124945,0.5195453125,0.4409340820312764,0.048068492386850695,0.0772350637388512,0.006905679076753352,0.01377467024980168,3.6164089904785186,0.5195453125,2.4723330078124945,0.4409340820312764,3.6164089904785186,0.0772350637388512,3.6164089904785186,0.0,0.0,0.0
PMC3042417_table_2,1,211.4456,41.266999999999996,0.8955061435699463,0.672895666503905,0.12921596679687752,0.3796727294921993,4.465653845214845,0.003182358330009728,0.0031312178446913403,0.0017956047772675302,0.108213677883414,0.672895666503905,0.379572729492196,0.12921596679687752,4.465653845214845,4.465653845214845,0.108213677883414,4.465653845214845,0.0,0.0,0.0
PMC3042417_table_2,1,199.77190000000002,25.410899999999998,0.9624864459037781,0.3721348876953243,0.3343017211914088,3.0577931152343467,0.21046386718749943,0.00186279896069129,0.013155839470125372,0.015306422551091253,0.008282424754239301,0.372034887695321,3.0577931152343467,0.3343017211914088,0.21046386718749943,3.0577931152343467,0.015306422551091253,3.0577931152343467,0.0,0.0,0.0
PMC3042417_table_2,1,196.00129999999996,25.410899999999998,0.9495571851730347,1.6285328613280967,0.6114547363281275,1.2938283203125138,0.3499864196777338,0.008308786019929956,0.024062694998135743,0.006601121116607462,0.013773082404705612,1.6285328613280967,1.2938283203125138,0.6114547363281275,0.3499864196777338,1.6285328613280967,0.024062694998135743,1.6285328613280967,0.0,0.0,0.0
PMC3044294_table_1,1,71.4074,29.161400000000008,0.8915768265724182,1.666126531982421,1.5778071228027315,0.746667712402342,0.8547428588867234,0.02333268725625665,0.05410601421065968,0.010456447264602016,0.0293107621337358,1.666126531982421,0.746667712402342,1.5778071228027315,0.8547428588867234,1.666126531982421,0.05410601421065968,1.666126531982421,0.0,0.0,0.0
PMC3044294_table_1,1,106.8048,29.161400000000008,0.9053070545196533,1.0802095825195295,1.7158495727539034,0.39512241210937304,0.8366306762695359,0.010113867377866253,0.05883975298695889,0.003699481784614297,0.028689660862288358,1.0802095825195295,0.39512241210937304,1.7158495727539034,0.8366306762695359,1.7158495727539034,0.05883975298695889,1.7158495727539034,0.0,0.0,0.0
PMC3044294_table_1,1,106.78459999999998,29.161400000000008,0.9045387506484985,1.5602988037109355,1.5996004882812471,0.042193554687514734,0.9349201660156297,0.014611646283367974,0.054853350260318325,0.0003951277121187394,0.03206019484714827,1.5602988037109355,0.042193554687514734,1.5996004882812471,0.9349201660156297,1.5996004882812471,0.054853350260318325,1.5996004882812471,0.0,0.0,0.0
PMC3044294_table_1,1,106.78469999999999,29.161400000000008,0.9311396479606628,0.6717406738281397,1.3804003540039034,0.1736587890624719,0.5060337524414109,0.0062906078663716785,0.04733655976749755,0.0016262515984262907,0.017352862086230797,0.6717406738281397,0.1736587890624719,1.3804003540039034,0.5060337524414109,1.3804003540039034,0.04733655976749755,1.3804003540039034,0.0,0.0,0.0
PMC3044294_table_1,1,118.64400000000006,29.161400000000008,0.9259594678878784,1.152146875000028,1.3295084777832002,0.9268480468749658,0.44378552246094216,0.009710957781261822,0.0455913803103829,0.007812009430522954,0.015218251608665636,1.152146875000028,0.9267480468749909,1.3295084777832002,0.44378552246094216,1.3295084777832002,0.0455913803103829,1.3295084777832002,0.0,0.0,0.0
PMC3044294_table_1,1,48.65279999999996,29.161400000000008,0.8750401139259338,1.4474168945312158,1.4454142395019502,1.5399782226562593,0.7443378906250047,0.02974991972776936,0.0495660098452732,0.03165240690476726,0.02552476529333312,1.447316894531241,1.5399782226562593,1.4454142395019502,0.7443378906250047,1.5399782226562593,0.0495660098452732,1.5399782226562593,0.0,0.0,0.0
PMC3050775_table_1,1,84.5521,42.05009999999999,0.9641894102096558,0.21211945190430015,0.13916407470703263,0.5216619262695303,1.0197618164062447,0.0025087425611463247,0.0033094826101967094,0.006169709874379588,0.024251115131860446,0.21211945190430015,0.5216619262695303,0.13916407470703263,1.0197618164062447,1.0197618164062447,0.024251115131860446,1.0197618164062447,0.0,0.0,0.0
PMC3050775_table_1,1,106.63910000000001,14.0184,0.9018006324768066,0.19099981689453216,0.629913433837892,1.993832495117175,0.5476817199707043,0.001791086167217579,0.04493475959010244,0.018697011650671985,0.03906877532177026,0.19099981689453216,1.993832495117175,0.629913433837892,0.5476817199707043,1.993832495117175,0.04493475959010244,1.993832495117175,0.0,0.0,0.0
PMC3050775_table_1,1,99.99139999999997,14.0184,0.8864613175392151,0.9765900634765501,0.7000886047363295,1.3057619628906423,0.6844042846679699,0.009766740574454907,0.04994069257093031,0.013058742680776973,0.04882185446755478,0.9765900634765501,1.3057619628906423,0.7000886047363295,0.6844042846679699,1.3057619628906423,0.04994069257093031,1.3057619628906423,0.0,0.0,0.0
PMC3062595_table_4,1,96.63239999999999,29.040299999999995,0.9149234890937805,0.2158124511718782,1.5520074768066436,1.8806073242187438,0.4614748046874979,0.0022333342768251457,0.05344323153709307,0.019461457277463293,0.015890841509471253,0.2158124511718782,1.8806073242187438,1.5520074768066436,0.4614748046874979,1.8806073242187438,0.05344323153709307,1.8806073242187438,0.0,0.0,0.0
PMC3062595_table_4,1,128.1838,12.436,0.6016098260879517,2.7934948974609313,0.944215576171878,45.46072385253905,0.004756042480465794,0.021792885664654437,0.07592598714794774,0.3546526460640038,0.0003824414989116914,2.7934948974609313,26.689776147460947,0.944215576171878,0.004756042480465794,45.46072385253905,0.3546526460640038,26.689776147460947,1.0,0.0,1.0
PMC3062595_table_4,1,128.21390000000002,12.436,0.8481482863426208,0.32331850585939037,0.7172754211425811,10.332842236328133,0.38197619628905954,0.002521711810181192,0.05767734168081225,0.08059065543071485,0.030715358337814372,0.32331850585939037,10.332742236328102,0.7172754211425811,0.38197619628905954,10.332842236328133,0.08059065543071485,10.332742236328102,0.0,0.0,0.0
PMC3062595_table_4,1,128.2138,12.436,0.7475796341896057,1.3963798339843834,0.7791994018554718,24.281200341796875,0.3324423522949189,0.01089102603607711,0.062656754732669,0.18938055296541306,0.026732257341180357,1.3962798339843516,24.281200341796875,0.7791994018554718,0.3324423522949189,24.281200341796875,0.18938055296541306,24.281200341796875,0.0,0.0,0.0
PMC3062595_table_4,1,123.0326,12.436,0.900791585445404,1.0337943359375004,0.5930688781738311,2.3776364257812475,0.4040938110351533,0.008402604967606149,0.04768968142279118,0.019325255467097725,0.03249387351521014,1.0337943359375004,2.3776364257812475,0.5930688781738311,0.4040938110351533,2.3776364257812475,0.04768968142279118,2.3776364257812475,0.0,0.0,0.0
PMC3117774_table_0,1,70.9505,30.8936,0.8676540851593018,0.8361323608398408,1.8587328308105455,0.5797918457031273,1.937379980468748,0.011784728237853724,0.06016562753484688,0.008171779560441818,0.06271137000766333,0.8361323608398408,0.5797918457031273,1.8587328308105455,1.937379980468748,1.937379980468748,0.06271137000766333,1.937379980468748,0.0,0.0,0.0
PMC3117774_table_0,1,70.9505,30.1456,0.8675461411476135,1.3868869079589814,1.8559209350585917,0.2599142211914085,1.7721279296874997,0.019547246431793733,0.06156523456353801,0.003663317681924842,0.05878562475742727,1.3868869079589814,0.2599142211914085,1.8559209350585917,1.7721279296874997,1.8559209350585917,0.06156523456353801,1.8559209350585917,0.0,0.0,0.0
PMC3117774_table_0,1,70.9505,30.145500000000013,0.956912636756897,1.3780558837890595,0.5147808227539059,0.35644895019531475,0.09012353515623772,0.019422779033115473,0.017076539541686343,0.00502391033460391,0.002989618190318213,1.3780558837890595,0.35644895019531475,0.5147808227539059,0.09012353515623772,1.3780558837890595,0.019422779033115473,1.3780558837890595,0.0,0.0,0.0
PMC3117774_table_0,1,70.9505,30.075199999999995,0.9658384919166565,1.3341639770507783,0.3765462646484252,0.08354550781250225,0.07803300781250755,0.01880415186715778,0.012520158291496823,0.0011775182389483125,0.002594596471927288,1.3341639770507783,0.08354550781250225,0.3765462646484252,0.07813300781251087,1.3341639770507783,0.01880415186715778,1.3341639770507783,0.0,0.0,0.0
PMC3117774_table_0,1,70.9505,30.1456,0.9412642121315002,0.9798014892578095,0.60636857910157,0.09203737792968525,0.7735902832031343,0.013809648829223324,0.020114662806564473,0.001297205487342376,0.02566179751615938,0.9798014892578095,0.09203737792968525,0.6064685791015734,0.7735902832031343,0.9798014892578095,0.02566179751615938,0.9798014892578095,0.0,0.0,0.0
PMC3117774_table_0,1,70.9505,30.1456,0.9068712592124939,0.979267431640622,1.3228761718750093,0.32698422851562725,1.0992897705078235,0.01380212164312615,0.04388289408321643,0.004608624724499859,0.03646601064526244,0.979267431640622,0.32698422851562725,1.3228761718750093,1.0992897705078235,1.3228761718750093,0.04388289408321643,1.3228761718750093,0.0,0.0,0.0
PMC3117774_table_0,1,70.9505,28.20240000000001,0.928179144859314,1.0886348022460908,1.0356301025390735,0.1035116333007835,0.6462014648437275,0.015343581824597299,0.03672134650026498,0.0014589274677526372,0.022912995519662416,1.0886348022460908,0.1035116333007835,1.0356301025390735,0.6462014648437275,1.0886348022460908,0.03672134650026498,1.0886348022460908,0.0,0.0,0.0
PMC3130712_table_0,1,108.8477,84.04690000000002,0.9402977228164673,1.567446209716799,3.132671228027341,0.3386301025390708,0.663572387695325,0.014400361327954555,0.03727289439619237,0.0031110450890470885,0.007895263093526648,1.567446209716799,0.3386301025390708,3.132671228027341,0.663572387695325,3.132671228027341,0.03727289439619237,3.132671228027341,0.0,0.0,0.0
PMC3130712_table_0,1,108.8477,128.0032,0.9142305850982666,1.418367840576174,5.380075048828132,0.2616342529296958,4.225621240234375,0.013030756190311544,0.042030785549331054,0.0024036727733309548,0.03301184064331497,1.418367840576174,0.2616342529296958,5.380075048828132,4.225621240234375,5.380075048828132,0.042030785549331054,5.380075048828132,0.0,0.0,0.0
PMC3130712_table_0,1,108.8477,128.06220000000002,0.8845624923706055,1.431601025390627,6.85254384765625,0.07869663085938328,7.127817578125018,0.013152331426301402,0.0535094965388401,0.0007229976458793643,0.05565902802017315,1.431601025390627,0.07869663085938328,6.85254384765625,7.127717578124987,7.127817578125018,0.05565902802017315,7.127717578124987,0.0,0.0,0.0
PMC3130712_table_0,1,108.8477,71.50059999999996,0.9545096158981323,0.41808173828125206,1.8591408203125184,0.7580343261718667,0.7546390625000186,0.0038409790770154266,0.02600175131834585,0.006964174035573253,0.010554303914932447,0.41808173828125206,0.7580343261718667,1.8590408203124866,0.7546390625000186,1.8591408203125184,0.02600175131834585,1.8590408203124866,0.0,0.0,0.0
PMC3130712_table_0,1,108.8477,28.20240000000001,0.8757233619689941,0.35399482421875206,3.2186275390624814,0.4422231689453042,0.5612722656250071,0.0032522030710685854,0.11412601548316739,0.0040627699891252105,0.0199015780793481,0.35399482421875206,0.4422231689453042,3.2186275390624814,0.5612722656250071,3.2186275390624814,0.11412601548316739,3.2186275390624814,0.0,0.0,0.0
PMC3130712_table_0,0,108.8477,67.3894,0.0,,,,,,,,,,,,,,,,,,
PMC3208639_table_0,1,65.0833,32.676199999999994,0.9090463519096375,0.2595686096191372,1.0957886047363274,2.252789465332029,0.7832152587890562,0.0039882521264154895,0.0335347624490096,0.034613940370756074,0.02396898228034644,0.2595686096191372,2.252789465332029,1.0957886047363274,0.7832152587890562,2.252789465332029,0.034613940370756074,2.252789465332029,0.0,0.0,0.0
PMC3208639_table_0,1,54.306700000000006,32.676199999999994,0.8966443538665771,2.1227388061523413,1.2445541687011712,0.9820983642578085,0.5506865722656187,0.039087972683892434,0.03808748167477159,0.018084294649791065,0.016852833936186546,2.1227388061523413,0.9820983642578085,1.2445541687011712,0.5506865722656187,2.1227388061523413,0.039087972683892434,2.1227388061523413,0.0,0.0,0.0
PMC3208639_table_0,1,161.75759999999997,32.676199999999994,0.9420666694641113,1.499142431640621,0.9238792724609368,0.4841571777344029,0.6409117919921812,0.009267833051681166,0.02827376722081934,0.0029931031230334957,0.019614024641548933,1.499142431640621,0.4842571777343778,0.9238792724609368,0.6409117919921812,1.499142431640621,0.02827376722081934,1.499142431640621,0.0,0.0,0.0
PMC3208639_table_0,1,109.29440000000005,15.364200000000004,0.8314670920372009,1.303837207031222,1.0937706298828118,2.48187143554685,1.2417116271972688,0.011929588405547049,0.07118955948782309,0.022708129927488042,0.08081850191987013,1.3037372070312472,2.48187143554685,1.0937706298828118,1.2417116271972688,2.48187143554685,0.08081850191987013,2.48187143554685,0.0,0.0,0.0
PMC3208639_table_0,1,111.54219999999998,15.364200000000004,0.8244993090629578,1.086882421874975,1.1367317504882806,1.0881300781250047,1.5072679626464875,0.00974413649609722,0.07398574286251677,0.009755322004810779,0.09810259972185256,1.086882421874975,1.0880300781250298,1.1367317504882806,1.5072679626464875,1.5072679626464875,0.09810259972185256,1.5072679626464875,0.0,0.0,0.0
PMC3208639_table_0,1,92.95169999999996,15.364200000000004,0.8525355458259583,0.05115214843749527,1.0740906066894524,0.7543593750000355,1.237538348388675,0.000550308907072117,0.06990865822427801,0.008115606008282105,0.08054687835283808,0.05125214843747017,0.7543593750000355,1.0740906066894524,1.237538348388675,1.237538348388675,0.08054687835283808,1.237538348388675,0.0,0.0,0.0
PMC3209419_table_2,1,60.6662,37.88909999999999,0.8165816068649292,0.1702057434082036,2.4021292602539077,2.0414082275390655,3.8174362304687435,0.0028056107586795216,0.06339895273980929,0.03364984501318799,0.10075288751827688,0.1702057434082036,2.0414082275390655,2.4021292602539077,3.8174362304687435,3.8174362304687435,0.10075288751827688,3.8174362304687435,0.0,0.0,0.0
PMC3209419_table_2,1,55.96480000000001,37.88909999999999,0.7653474807739258,1.6190983520507842,2.4734908020019546,0.40461940917967354,6.0480270507812435,0.02893065555582766,0.06528238469644186,0.0072298910954684634,0.1596244579781849,1.6190983520507842,0.40461940917967354,2.4734908020019546,6.0480270507812435,6.0480270507812435,0.1596244579781849,6.0480270507812435,0.0,0.0,0.0
PMC3209419_table_2,1,152.8785,12.9649,0.7544974684715271,2.049013330078111,2.401576129150392,5.3009149414062335,0.8531971679687516,0.013402887456889693,0.18523676458363675,0.03467403815059824,0.06580823361296667,2.049013330078111,5.3009149414062335,2.401576129150392,0.8531971679687516,5.3009149414062335,0.18523676458363675,5.3009149414062335,0.0,0.0,0.0
PMC3209419_table_2,1,133.2199,12.9649,0.7240979075431824,4.2221795898437335,2.071601000976564,4.979727099609363,1.3882237182617203,0.031693310007316726,0.15978534357970858,0.0373797540728477,0.1070755438346397,4.2221795898437335,4.979727099609363,2.071601000976564,1.3882237182617203,4.979727099609363,0.15978534357970858,4.979727099609363,0.0,0.0,0.0
PMC3209419_table_2,1,199.80819999999994,12.9649,0.6885355114936829,4.895834277343738,2.0201636230468765,2.0157958984375455,2.3328304992675797,0.0245026694467181,0.15581791013018817,0.010088654511864609,0.17993432261471973,4.895834277343738,2.0157958984375455,2.0201636230468765,2.3328304992675797,4.895834277343738,0.17993432261471973,4.895834277343738,0.0,0.0,0.0
PMC3213080_table_0,1,262.0206,14.123800000000003,0.8330137133598328,0.1692759094238312,1.6601609863281226,2.567711523437481,0.8455569030761723,0.0006460404617951076,0.11754350715304113,0.009799655154737762,0.05986752170635184,0.1692759094238312,2.567711523437481,1.6601609863281226,0.8455569030761723,2.567711523437481,0.11754350715304113,2.567711523437481,0.0,0.0,0.0
PMC3213080_table_0,1,79.24989999999997,29.979799999999997,0.9174507856369019,0.0011971679687690084,1.995331732177732,0.23858496093748727,0.6111300170898488,1.5106239487608298e-05,0.0665558720264222,0.0030105395834882738,0.02038472628536044,0.0011971679687690084,0.23858496093748727,1.995331732177732,0.6111300170898488,1.995331732177732,0.0665558720264222,1.995331732177732,0.0,0.0,0.0
PMC3213080_table_0,1,113.39710000000002,29.979799999999997,0.8894381523132324,1.4046035156250127,2.079926458740232,0.45397568359373963,1.1361544311523488,0.012386591152904372,0.06937759620611986,0.004003415286579106,0.0378973319085634,1.4046035156250127,0.45397568359373963,2.079926458740232,1.1361544311523488,2.079926458740232,0.06937759620611986,2.079926458740232,0.0,0.0,0.0
PMC3213080_table_0,1,75.36389999999994,29.979799999999997,0.8937288522720337,1.4276390136718646,1.8832139648437476,1.0950805664062955,0.6215899169921926,0.018943274083106976,0.06281609499875743,0.014530571883969596,0.02073362454026353,1.4276390136718646,1.0950805664062955,1.8832139648437476,0.6215899169921926,1.8832139648437476,0.06281609499875743,1.8832139648437476,0.0,0.0,0.0
PMC3213080_table_0,1,61.430900000000065,29.979799999999997,0.8926659226417542,2.0948974609375455,1.862976995849607,0.37633876953123035,0.4783327758789113,0.034101689230298486,0.06214107485205395,0.006126212859183733,0.01595516900976362,2.0948974609375455,0.37633876953123035,1.862976995849607,0.4783327758789113,2.0948974609375455,0.06214107485205395,2.0948974609375455,0.0,0.0,0.0
PMC3214126_table_4,1,87.04340000000002,40.4836,0.943461537361145,0.8287217285156316,0.3362869995117208,1.703325732421888,0.8272417358398485,0.009520787658979676,0.008306746423532511,0.019568694839837225,0.020433996379764854,0.8286217285155999,1.703325732421888,0.3362869995117208,0.8272417358398485,1.703325732421888,0.020433996379764854,1.703325732421888,0.0,0.0,0.0
PMC3214126_table_4,1,91.48599999999993,40.4836,0.9218723177909851,3.225018994140612,0.6501679199218771,0.25893632812494616,1.0860231689453173,0.03525150289815507,0.016060032208644416,0.002830338282632822,0.026826249862791775,3.225018994140612,0.25893632812494616,0.6501679199218771,1.0860231689453173,3.225018994140612,0.03525150289815507,3.225018994140612,0.0,0.0,0.0
PMC3214126_table_4,1,49.2903,40.4836,0.8836761713027954,1.9529166992188038,0.4700608032226583,2.043781250000052,1.305253820800786,0.03962071034704199,0.01161114138126694,0.04146416739196255,0.03224154523809113,1.9529166992188038,2.043781250000052,0.4700608032226583,1.305253820800786,2.043781250000052,0.04146416739196255,2.043781250000052,0.0,0.0,0.0
PMC3215718_table_1,1,170.2397,34.553000000000004,0.9873647093772888,1.1447105224609402,0.06546621704101341,0.24210009765624818,0.0941579589843684,0.006724110313052362,0.0018946608699972043,0.0014221130421179558,0.002725029924590293,1.1447105224609402,0.24210009765624818,0.06546621704101341,0.0941579589843684,1.1447105224609402,0.006724110313052362,1.1447105224609402,0.0,0.0,0.0
PMC3215718_table_1,1,161.1451,34.553000000000004,0.9795641899108887,0.5912211914062482,0.04622811889648659,1.0160979980468596,0.3263662109374934,0.0036688747681825145,0.0013378901657305179,0.006305484920403162,0.009445379878375057,0.5912211914062482,1.0160979980468596,0.04622811889648659,0.3263662109374934,1.0160979980468596,0.009445379878375057,1.0160979980468596,0.0,0.0,0.0
PMC3215718_table_1,1,135.40799999999996,34.553000000000004,0.9789331555366516,0.7523956054687346,0.18062811279296653,0.509913476562474,0.2339437255859309,0.005556507779959344,0.005227566717592293,0.003765755912224345,0.006770576377910192,0.7523956054687346,0.509913476562474,0.18062811279296653,0.2339437255859309,0.7523956054687346,0.006770576377910192,0.7523956054687346,0.0,0.0,0.0
PMC3236184_table_0,1,66.9012,91.41860000000001,0.9704101085662842,0.6000115661621095,0.17776202392578,0.868505078124997,0.5964974609375133,0.008968621880655496,0.001944484206997044,0.012981905827174954,0.006524902601193994,0.6000115661621095,0.868505078124997,0.17776202392578,0.5964974609375133,0.868505078124997,0.012981905827174954,0.868505078124997,0.0,0.0,0.0
PMC3236184_table_0,1,66.9012,86.3527,0.9674927592277527,0.6196343688964845,1.3604134765625133,0.10664136962890325,0.5824645263671755,0.009261932056472596,0.01575415101742636,0.0015940128073771956,0.00674518024760286,0.6196343688964845,0.10664136962890325,1.3604134765625133,0.5824645263671755,1.3604134765625133,0.01575415101742636,1.3604134765625133,0.0,0.0,0.0
PMC3248559_table_0,1,70.88380000000001,45.1662,0.9555354118347168,0.8530911193847643,0.6375338073730461,0.345433862304688,0.6620241943359417,0.01203506470286249,0.014115285487223767,0.004873241309081735,0.014657513679165873,0.8530911193847643,0.345433862304688,0.6375338073730461,0.6620241943359417,0.8530911193847643,0.014657513679165873,0.8530911193847643,0.0,0.0,0.0
PMC3248559_table_0,1,543.2215,15.560400000000001,0.8988651633262634,0.8253272460937495,0.727755212402343,0.5541859375000513,0.9011656372070291,0.001519319920315653,0.04676969823412913,0.0010201841007766654,0.05791404059066792,0.8253272460937495,0.5541859375000513,0.727755212402343,0.9011656372070291,0.9011656372070291,0.05791404059066792,0.9011656372070291,0.0,0.0,0.0
PMC3262863_table_4,1,283.8621,68.3079,0.9528617262840271,0.2971702941894563,1.009340118408204,0.14244555664060954,2.159033178710942,0.0010468826031705405,0.01477633067929484,0.0005018125231956275,0.03160737160285914,0.2971702941894563,0.14244555664060954,1.009340118408204,2.159033178710942,2.159033178710942,0.03160737160285914,2.159033178710942,0.0,0.0,0.0
PMC3262863_table_4,1,291.09209999999996,13.2517,0.9346447587013245,0.06489086914064046,0.47688467407226653,2.337424414062525,0.3336940734863276,0.00022292212375615988,0.03598667899758269,0.008029844898101067,0.025181227577316695,0.06489086914064046,2.337424414062525,0.47688467407226653,0.3336940734863276,2.337424414062525,0.03598667899758269,2.337424414062525,0.0,0.0,0.0
PMC3262863_table_4,0,67.12599999999998,39.200199999999995,0.41999101638793945,2.6218671875000155,2.733947369384765,30.730533203124992,11.100744897460942,0.03905889204630123,0.06974319950879754,0.4578037303447994,0.28318082299225367,2.6218671875000155,10.03576679687501,2.733947369384765,4.755255102539067,30.730533203124992,0.4578037303447994,10.03576679687501,1.0,1.0,1.0
PMC3262863_table_4,1,50.77539999999999,39.200199999999995,0.9195696115493774,0.21506079101561681,1.0375217468261724,0.8152288574218574,1.4571164306640583,0.004235531202425129,0.02646725646364489,0.016055587103633993,0.03717114786822665,0.21506079101561681,0.8152288574218574,1.0375217468261724,1.4571164306640583,1.4571164306640583,0.03717114786822665,1.4571164306640583,0.0,0.0,0.0
PMC3262863_table_4,1,64.05420000000004,39.200199999999995,0.867124080657959,1.6482366699218574,0.3039554626464849,3.6924302734374805,2.2519162353515583,0.025731906259415564,0.007753926322990314,0.057645404570464985,0.057446549643919126,1.6482366699218574,3.6924302734374805,0.3039554626464849,2.2519162353515583,3.6924302734374805,0.057645404570464985,3.6924302734374805,0.0,0.0,0.0
PMC3262863_table_4,1,50.23919999999998,55.056200000000004,0.9084842801094055,1.9233839355468945,0.11405983276367238,0.424699414062502,2.6668075317382858,0.03828452554075095,0.0020716982422265317,0.008453546514723605,0.048437914925808276,1.9233839355468945,0.424699414062502,0.11405983276367238,2.6668075317382858,2.6668075317382858,0.048437914925808276,2.6668075317382858,0.0,0.0,0.0
PMC3262863_table_4,1,58.89729999999997,55.056200000000004,0.909584641456604,3.079328906249998,0.5933689147949224,1.429526464843775,0.388220190429692,0.05228302326677113,0.010777513064739709,0.024271511000398586,0.007051343725678343,3.079328906249998,1.429526464843775,0.5933689147949224,0.388220190429692,3.079328906249998,0.05228302326677113,3.079328906249998,0.0,0.0,0.0
PMC3281830_table_2,0,78.69149999999999,28.0291,0.33558389544487,0.2665568603515638,15.607455462646485,40.52557485351562,3.26131513671875,0.003387365348882202,0.5568304177674804,0.5149930405890805,0.11635461490803307,0.2665568603515638,4.5118251464843695,0.04695546264648698,3.26131513671875,40.52557485351562,0.5568304177674804,4.5118251464843695,1.0,1.0,1.0
PMC3292942_table_0,1,332.0679,14.0184,0.7233721017837524,2.0592257080078014,1.1221651611328127,55.17197451171876,1.3330357116699219,0.006201218810995586,0.08004944652262831,0.16614666612376192,0.09509185867644823,2.0592257080078014,2.301774511718804,1.1221651611328127,1.3330357116699219,55.17197451171876,0.16614666612376192,2.301774511718804,1.0,0.0,1.0
PMC3292942_table_0,0,52.870199999999954,47.3321,0.1902807205915451,116.75994077148437,12.371216339111328,3.460771093750054,19.08568148193359,2.208426311447365,0.2613705358332153,0.06545787785463375,0.4032291295322538,0.6464407714843787,3.460771093750054,1.6471836608886719,2.3761814819335996,116.75994077148437,2.208426311447365,3.460771093750054,1.0,1.0,1.0
PMC3292942_table_0,1,215.9544,16.604100000000003,0.7803959846496582,1.9935518798828014,1.6105320495605469,0.31291416015625373,2.2495861206054713,0.009231355693066691,0.09699604613080785,0.001448982563709069,0.1354837733213767,1.9935518798828014,0.31291416015625373,1.6105320495605469,2.2496861206054746,2.2495861206054713,0.1354837733213767,2.2496861206054746,0.0,0.0,0.0
PMC3292942_table_0,1,116.11349999999999,33.3137,0.919013261795044,1.0785042968749963,0.20990872802734373,1.2642437499999915,1.8746371704101534,0.009288362652706158,0.006300973113984449,0.010887999672733933,0.05627225947313429,1.0785042968749963,1.2642437499999915,0.20990872802734373,1.8746371704101534,1.8746371704101534,0.05627225947313429,1.8746371704101534,0.0,0.0,0.0
PMC3308190_table_6,1,130.7645,30.727999999999994,0.8967879414558411,0.10012187499999925,1.8356993408203124,2.220537426757801,1.0232940673828068,0.0007656655667249081,0.059740280552600646,0.016981194641954054,0.03330168144307495,0.10012187499999925,2.220537426757801,1.8356993408203124,1.0232940673828068,2.220537426757801,0.059740280552600646,2.220537426757801,0.0,0.0,0.0
PMC3308190_table_6,1,476.414,14.123899999999999,0.8662176132202148,1.0240805175781134,1.5918219299316405,1.479549609374999,0.44603046264648327,0.002149560083410885,0.11270413483043923,0.0031055964127313616,0.03157983720123219,1.0240805175781134,1.479549609374999,1.5918219299316405,0.44593046264648706,1.5918219299316405,0.11270413483043923,1.5918219299316405,0.0,0.0,0.0
PMC3314639_table_0,1,154.1829,48.817699999999995,0.9497379064559937,0.3647412048339831,0.17781243896484256,4.398033691406255,0.8745372192382774,0.002365639800743034,0.0036423764119334293,0.02852478252391319,0.017914347034749232,0.3647412048339831,4.398033691406255,0.17781243896484256,0.8746372192382807,4.398033691406255,0.02852478252391319,4.398033691406255,0.0,0.0,0.0
PMC3314639_table_0,1,154.1829,43.84020000000001,0.9687066078186035,0.28685271606445184,0.23817182617187882,2.3538289794921923,0.41646547851561877,0.0018604703638629956,0.005432726725057796,0.015266472348698802,0.009499625424054149,0.28685271606445184,2.3538289794921923,0.2380718261718755,0.41646547851561877,2.3538289794921923,0.015266472348698802,2.3538289794921923,0.0,0.0,0.0
PMC3338812_table_2,1,71.87140000000001,32.7119,0.9159632325172424,0.4137428955078093,1.1612378601074198,1.1810474365234427,1.0085710571289042,0.005756711230166788,0.03549894258992659,0.016432787402547364,0.030831931411165484,0.4137428955078093,1.1810474365234427,1.1612378601074198,1.0085710571289042,1.1810474365234427,0.03549894258992659,1.1810474365234427,0.0,0.0,0.0
PMC3338812_table_2,1,235.06349999999998,15.400100000000002,0.8326756954193115,1.6079120605468802,0.9808827880859354,0.5066274902343935,1.6497091369628905,0.0068403306363892325,0.06369327394535979,0.002155279276597147,0.10712327432697777,1.6079120605468802,0.5066274902343935,0.9808827880859354,1.6497091369628905,1.6497091369628905,0.10712327432697777,1.6497091369628905,0.0,0.0,0.0
PMC3338812_table_2,1,238.84679999999997,15.400100000000002,0.8319527506828308,2.2383779785156435,0.8588353637695292,3.330085058593795,1.5803541259765623,0.009371605474788207,0.05576816798394355,0.013942347390016511,0.10261973142879346,2.2383779785156435,3.330085058593795,0.8588353637695292,1.5803541259765623,3.330085058593795,0.10261973142879346,3.330085058593795,0.0,0.0,0.0
PMC3338812_table_2,1,61.1499,32.7119,0.8776816725730896,2.969428320312545,0.7953549865722636,1.8713471679687927,0.9178575561523417,0.04855982299746271,0.024313934273835013,0.030602620249073058,0.02805882740386042,2.969428320312545,1.8713471679687927,0.7953549865722636,0.9178575561523417,2.969428320312545,0.04855982299746271,2.969428320312545,0.0,0.0,0.0
PMC3352301_table_0,1,179.4975,30.6928,0.9205411672592163,0.15209183959960626,1.2663485351562471,0.9007095458984509,1.1999472290039108,0.0008473200997206438,0.0412588142872676,0.005017950366431013,0.039095397911038124,0.15209183959960626,0.9007095458984509,1.2663485351562471,1.1999472290039108,1.2663485351562471,0.0412588142872676,1.2663485351562471,0.0,0.0,0.0
PMC3352301_table_0,1,89.11089999999996,30.6928,0.9284313321113586,0.5718063476562634,1.5252863708496065,1.0834069335937784,0.23782717285156707,0.006416794664359396,0.04969525005374572,0.012157961973156807,0.007748630716375406,0.5718063476562634,1.0833069335937466,1.5252863708496065,0.23782717285156707,1.5252863708496065,0.04969525005374572,1.5252863708496065,0.0,0.0,0.0
PMC3352301_table_0,1,104.97230000000002,30.6928,0.9404090046882629,0.09457636718752838,1.2567736450195284,0.37332910156249,0.5507239013671921,0.0009009649896927891,0.040946855452077636,0.003556453479274913,0.017943097448495808,0.09447636718749663,0.37332910156249,1.2567736450195284,0.5507239013671921,1.2567736450195284,0.040946855452077636,1.2567736450195284,0.0,0.0,0.0
PMC3352301_table_0,1,175.2346,13.983200000000004,0.8862940073013306,0.271858154296865,0.9857546630859346,3.2944146484375096,0.4545007751464851,0.001551395411048189,0.07049564213384163,0.01880002378775373,0.032503345096007,0.271858154296865,3.2944146484375096,0.9857546630859346,0.4545007751464851,3.2944146484375096,0.07049564213384163,3.2944146484375096,0.0,0.0,0.0
PMC3365066_table_1,1,93.32229999999998,32.81550000000001,0.9275562763214111,1.3572721801757837,0.8268949157714829,0.8349295410156117,0.8896750366210995,0.014543921229714483,0.025198303111989232,0.008946731285187054,0.027111427118925484,1.357372180175787,0.8349295410156117,0.8268949157714829,0.8896750366210995,1.3572721801757837,0.027111427118925484,1.357372180175787,0.0,0.0,0.0
PMC3365066_table_1,1,76.4904,32.81550000000001,0.9311844110488892,0.5914468017578258,0.8682767517089829,1.2651245605468944,0.6996039306640682,0.007732301069909765,0.02645934853069381,0.01653965151897355,0.021319313454436717,0.5914468017578258,1.2651245605468944,0.8682767517089829,0.6996039306640682,1.2651245605468944,0.02645934853069381,1.2651245605468944,0.0,0.0,0.0
PMC3365066_table_1,1,41.81460000000004,32.81550000000001,0.8957207202911377,1.4765503417968944,0.5225888854980454,1.823540917968728,0.5502814208984432,0.03531183705683883,0.015925062409472515,0.043610148559802706,0.01676894823782795,1.4765503417968944,1.823540917968728,0.5225888854980454,0.5502814208984432,1.823540917968728,0.043610148559802706,1.823540917968728,0.0,0.0,0.0
PMC3365066_table_1,1,65.14189999999999,32.52760000000001,0.9262902140617371,1.0500927917480496,1.2367955932617178,0.9919691406250024,0.2783192382812558,0.01612008233944742,0.038022958756923894,0.015227820199057789,0.008556402509907149,1.0500927917480496,0.9920691406250057,1.2367955932617178,0.2782192382812525,1.2367955932617178,0.038022958756923894,1.2367955932617178,0.0,0.0,0.0
PMC3365066_table_1,1,65.14189999999999,31.505499999999984,0.9529224038124084,0.39787874145508084,0.8369969116210996,1.0318327270507837,0.01120571289061445,0.006107877440711445,0.026566691898909714,0.015839770210122575,0.00035567481521050153,0.39787874145508084,1.031932727050787,0.8368969116210963,0.01120571289061445,1.0318327270507837,0.026566691898909714,1.031932727050787,0.0,0.0,0.0
PMC3365066_table_1,1,65.14189999999999,30.447400000000016,0.9023029208183289,0.7033291809082058,1.9006710449218644,1.41627028808594,0.33023352050781796,0.010796878520709496,0.06242474053357145,0.021741310709173973,0.010846033503938523,0.7033291809082058,1.4163702880859432,1.9006710449218644,0.33023352050781796,1.9006710449218644,0.06242474053357145,1.9006710449218644,0.0,0.0,0.0
PMC3365066_table_1,1,65.14189999999999,29.0908,0.847389280796051,0.9352169982910183,1.5163393554687445,1.335307153320315,2.4015372802734305,0.014356612231006748,0.05212436081059113,0.02049843730871091,0.08255315358372511,0.9352169982910183,1.3354071533203182,1.5163393554687445,2.4015372802734305,2.4015372802734305,0.08255315358372511,2.4015372802734305,0.0,0.0,0.0
PMC3432071_table_0,1,65.2132,34.6298,0.8912026882171631,0.7299660034179709,1.3983464172363256,1.7999698974609402,1.164288208007818,0.011193531423361696,0.040379858308056224,0.02760131227206977,0.033620991400695875,0.7299660034179709,1.7999698974609402,1.3983464172363256,1.164288208007818,1.7999698974609402,0.040379858308056224,1.7999698974609402,0.0,0.0,0.0
PMC3432071_table_0,1,96.4492,34.6298,0.8750230669975281,3.487805590820315,1.85006379394531,0.41713564453124263,1.3649260253906306,0.036162099745983535,0.05342403923630254,0.004324925914691284,0.03941478222197733,3.487805590820315,0.41713564453124263,1.85006379394531,1.3649260253906306,3.487805590820315,0.05342403923630254,3.487805590820315,0.0,0.0,0.0
PMC3432071_table_0,1,153.79309999999998,34.6298,0.9168002605438232,2.8575042968749926,2.005775921630857,0.24830322265626137,0.22549121093750557,0.018580185306590433,0.057920517058454184,0.001614527717148958,0.006511478868994495,2.8575042968749926,0.24830322265626137,2.005775921630857,0.22549121093750557,2.8575042968749926,0.057920517058454184,2.8575042968749926,0.0,0.0,0.0
PMC3432071_table_0,1,134.04220000000004,34.6298,0.8817530870437622,2.4668395996093864,1.2533688476562475,3.0973080566405997,1.6096388549804743,0.01840345502841184,0.03619336085268316,0.02310696225994947,0.04648132114480806,2.4668395996093864,3.0973080566405997,1.2533688476562475,1.6096388549804743,3.0973080566405997,0.04648132114480806,3.0973080566405997,0.0,0.0,0.0
PMC3432071_table_0,1,165.0258,15.9424,0.836049497127533,1.6338070800780997,1.734615795898435,2.249883300781221,0.6870369628906232,0.009900313042433969,0.10880518591293876,0.013633524580891114,0.043094952007892366,1.6338070800780997,2.249883300781221,1.734615795898435,0.6870369628906232,2.249883300781221,0.10880518591293876,2.249883300781221,0.0,0.0,0.0
PMC3432071_table_0,1,65.2132,142.8673,0.931390106678009,0.30616076660156466,1.387920678710941,0.9140903808593777,6.004625585937504,0.004694766804903987,0.009714754031964914,0.014016953329377758,0.0420293908118758,0.30616076660156466,0.9140903808593777,1.387920678710941,6.004625585937504,6.004625585937504,0.0420293908118758,6.004625585937504,0.0,0.0,0.0
PMC3432071_table_0,1,65.2132,63.24059999999997,0.8928279280662537,1.410263854980471,0.38904025878906623,2.503697619628909,2.957749999999976,0.021625435571026586,0.006151748382986031,0.038392497525484244,0.04676979661799504,1.410263854980471,2.503697619628909,0.38904025878906623,2.957650000000001,2.957749999999976,0.04676979661799504,2.957650000000001,0.0,0.0,0.0
PMC3432071_table_0,1,65.2132,61.59880000000004,0.8750096559524536,1.4344757385253928,1.092637695312476,2.586156115722659,3.3276376464843906,0.02199670831251024,0.01773797046878308,0.03965694239391195,0.05402114402365612,1.4344757385253928,2.586156115722659,1.092537695312501,3.3276376464843906,3.3276376464843906,0.05402114402365612,3.3276376464843906,0.0,0.0,0.0
PMC3432071_table_0,1,65.2132,31.553499999999985,0.897475004196167,1.5127838439941428,1.0501718261718906,1.4399082519531277,1.043819628906249,0.02319750976787127,0.03328226111752709,0.022080012205399024,0.0330809459776649,1.5127838439941428,1.4399082519531277,1.0501718261718906,1.043819628906249,1.5127838439941428,0.03328226111752709,1.5127838439941428,0.0,0.0,0.0
PMC3432071_table_0,1,65.2132,31.420999999999992,0.7439253330230713,1.4405792541503928,3.491543017578124,2.277074084472659,4.248948779296882,0.022090301567020063,0.11112132069565338,0.03491737998553451,0.13522640206539838,1.4405792541503928,2.277074084472659,3.491543017578124,4.248948779296882,4.248948779296882,0.13522640206539838,4.248948779296882,0.0,0.0,0.0
PMC3432071_table_0,1,65.2132,32.65199999999999,0.9373555183410645,1.160050231933596,0.9649794433593684,1.1912205078125027,0.000524365234355173,0.017788580102396385,0.029553455940198724,0.018266555050396278,1.6059207226362036e-05,1.160050231933596,1.1912205078125027,0.9649794433593684,0.000524365234355173,1.1912205078125027,0.029553455940198724,1.1912205078125027,0.0,0.0,0.0
PMC3432071_table_0,1,65.2132,63.20429999999999,0.8267567157745361,0.845097381591799,6.445520556640645,2.749699816894534,1.5867823730468444,0.012958992682337304,0.10197914630239788,0.042164773648502664,0.025105607894507886,0.845097381591799,2.749699816894534,6.445520556640645,1.5867823730468444,6.445520556640645,0.10197914630239788,6.445520556640645,0.0,0.0,0.0
PMC3432071_table_0,1,65.2132,31.276299999999992,0.5838470458984375,0.5953872985839865,10.685842431640594,1.6707432128906277,6.100539648437461,0.009129858657204164,0.3416594172469441,0.025619709090960535,0.1950531120508968,0.5953872985839865,1.6707432128906277,6.424457568359401,6.100539648437461,10.685842431640594,0.3416594172469441,6.424457568359401,0.0,1.0,1.0
PMC3432071_table_0,1,65.2132,31.505600000000072,0.9354860782623291,0.05667193603515841,0.18971201171871144,1.9185154296875027,0.9359736328125337,0.0008690255352468275,0.006021533051860971,0.02941912725778681,0.02970816720876706,0.05667193603515841,1.9185154296875027,0.18971201171871144,0.9359736328125337,1.9185154296875027,0.02970816720876706,1.9185154296875027,0.0,0.0,0.0
PMC3432071_table_0,1,65.2132,31.468899999999962,0.866568386554718,0.44669039916992404,0.9643549804687837,2.2398655273437527,2.207546972656246,0.006849692994208597,0.030644699384750812,0.034346812107729,0.07015011559527815,0.44669039916992404,2.2398655273437527,0.9643549804687837,2.207546972656246,2.2398655273437527,0.07015011559527815,2.2398655273437527,0.0,0.0,0.0
PMC3432071_table_0,1,65.2132,28.016200000000026,0.8150984048843384,0.4994057006835959,1.484530664062504,3.164075122070315,2.868782324218728,0.0076580462342531255,0.05298829477454125,0.04851893668874269,0.10239726744593218,0.4994057006835959,3.164075122070315,1.484530664062504,2.868782324218728,3.164075122070315,0.10239726744593218,3.164075122070315,0.0,0.0,0.0
PMC3438170_table_0,1,187.2067,31.469399999999993,0.9375066161155701,0.6786335693359362,1.5733762451171884,0.08857175292968122,0.3939608154296934,0.003625049580682402,0.04999702076039546,0.00047312277247385493,0.012518853725514102,0.6786335693359362,0.08857175292968122,1.5733762451171884,0.3939608154296934,1.5733762451171884,0.04999702076039546,1.5733762451171884,0.0,0.0,0.0
PMC3448603_table_1,1,24.850299999999997,27.98059999999998,0.8766997456550598,1.1662199707031249,0.4400870117187594,1.5029812805175808,0.2950570068359468,0.046929814557696486,0.01572829073425015,0.060481413927299915,0.010545056461832377,1.1662199707031249,1.5029812805175808,0.4400870117187594,0.2950570068359468,1.5029812805175808,0.060481413927299915,1.5029812805175808,0.0,0.0,0.0
PMC3458288_table_0,1,127.76180000000002,31.616000000000007,0.8721490502357483,1.8937233764648411,2.222580218505861,0.0638104248047,1.6107115356445263,0.01482229724741543,0.0702992224982876,0.0004994483860175733,0.050946088551509554,1.8937233764648411,0.0638104248047,2.222480218505858,1.6107115356445263,2.222580218505861,0.0702992224982876,2.222480218505858,0.0,0.0,0.0
PMC3458288_table_0,1,127.76180000000002,29.852500000000006,0.9002435803413391,1.836270220947263,0.5452506469726615,0.7643719482422,2.0689484619140615,0.014372607625653854,0.01826482361519676,0.005982789442871029,0.0693057017641424,1.836270220947263,0.7643719482422,0.5451506469726581,2.0689484619140615,2.0689484619140615,0.0693057017641424,2.0689484619140615,0.0,0.0,0.0
PMC3458288_table_0,0,127.76180000000002,32.28179999999999,0.0,,,,,,,,,,,,,,,,,,
PMC3461471_table_2,1,232.00239999999997,14.005600000000001,0.8651941418647766,1.0938727172851515,0.05058693237304368,29.29288110351564,0.2741816223144511,0.004714919833954958,0.0036119075493405263,0.12626111240019777,0.01957657096550316,1.0938727172851515,4.310981103515644,0.05058693237304368,0.2741816223144511,29.29288110351564,0.12626111240019777,4.310981103515644,1.0,0.0,1.0
PMC3461471_table_2,0,24.981899999999996,30.576900000000002,0.0,232.87210455322264,0.2331922119140657,89.53928439941404,16.639949548339843,9.32163304445309,0.0076264177177564,3.5841663123867304,0.544200018587229,0.869704553222661,12.799715600585927,0.2331922119140657,0.06864954833984172,232.87210455322264,9.32163304445309,12.799715600585927,1.0,1.0,1.0
PMC3468408_table_2,1,95.61919999999999,31.997199999999992,0.9469757080078125,0.02347152099609673,1.0104546875000011,1.5060519531249952,0.24712612304686843,0.00024546870289750104,0.03157947218819151,0.01575051823404709,0.007723367139839376,0.02347152099609673,1.5060519531249952,1.0104546875000011,0.24712612304686843,1.5060519531249952,0.03157947218819151,1.5060519531249952,0.0,0.0,0.0
PMC3468408_table_2,1,190.44920000000002,15.163699999999999,0.8884508609771729,0.3774508789062452,0.843199285888673,1.541482666015611,0.8062805419921872,0.001981897949197188,0.05560643417428946,0.008093930906591421,0.05317175504607631,0.3774508789062452,1.541482666015611,0.843199285888673,0.8062805419921872,1.541482666015611,0.05560643417428946,1.541482666015611,0.0,0.0,0.0
PMC3468408_table_2,1,166.67769999999996,15.163699999999999,0.891823410987854,0.9026276855468609,0.8130021423339855,1.391065380859402,0.7275528198242185,0.005415407613297166,0.05361502419158817,0.00834583979056228,0.04797990067227778,0.9026276855468609,1.391065380859402,0.8130021423339855,0.7275528198242185,1.391065380859402,0.05361502419158817,1.391065380859402,0.0,0.0,0.0
PMC3468408_table_2,1,154.46330000000006,15.163699999999999,0.8778510689735413,2.952588818359402,0.867521795654298,0.9647832031249663,0.7458214050292966,0.019115147859455294,0.05721042988546978,0.00624603516255943,0.049184658429624474,2.952588818359402,0.9647832031249663,0.867521795654298,0.7458214050292966,2.952588818359402,0.05721042988546978,2.952588818359402,0.0,0.0,0.0
PMC3478812_table_3,0,533.7315,16.513599999999997,0.0,,,,,,,,,,,,,,,,,,
PMC3523569_table_0,0,186.40540000000001,29.852700000000006,0.0,,,,,,,,,,,,,,,,,,
PMC3523569_table_0,0,437.52009999999996,13.875300000000003,0.0,,,,,,,,,,,,,,,,,,
PMC3528451_table_3,1,165.08049999999997,42.4699,0.9655668139457703,0.04479486083984341,1.2667066223144516,0.46193200683595137,0.10997774658203241,0.0002713516183912904,0.02982598551714159,0.0027982227267057676,0.002589545691937876,0.04479486083984341,0.46193200683595137,1.2667066223144516,0.10997774658203241,1.2667066223144516,0.02982598551714159,1.2667066223144516,0.0,0.0,0.0
PMC3528451_table_3,1,111.03890000000004,42.4699,0.961993396282196,0.5654476318359514,1.1049939758300766,0.10658530273440192,0.3023605590820324,0.005092338197117867,0.02601828532278335,0.0009598915581332478,0.007119408312287818,0.5654476318359514,0.10658530273440192,1.1049939758300766,0.3023605590820324,1.1049939758300766,0.02601828532278335,1.1049939758300766,0.0,0.0,0.0
PMC3528451_table_3,1,331.0009,14.111400000000003,0.9002419710159302,0.9177066894530981,1.0413190490722641,0.8962683593749716,0.3989043518066424,0.002772520224123554,0.07379275260231188,0.0027077520314143302,0.02826823361301092,0.9177066894530981,0.8962683593749716,1.0413190490722641,0.3989043518066424,1.0413190490722641,0.07379275260231188,1.0413190490722641,0.0,0.0,0.0
PMC3544577_table_1,1,94.29939999999999,30.682699999999997,0.9441295862197876,0.9427786865234395,1.072983331298829,0.8331363281249935,0.14741954345703334,0.009997716703642225,0.03497030350323893,0.008835011973830093,0.004804647030966419,0.9427786865234395,0.8331363281249935,1.072983331298829,0.14741954345703334,1.072983331298829,0.03497030350323893,1.072983331298829,0.0,0.0,0.0
PMC3544577_table_1,1,205.2082,14.005600000000001,0.925055742263794,0.034035913085944,0.9074598022460947,0.8134610351562515,0.1539121582031271,0.00016586039488648117,0.0647926402471936,0.0039640766555929605,0.01098932985399605,0.034035913085944,0.8134610351562515,0.9074598022460947,0.1539121582031271,0.9074598022460947,0.0647926402471936,0.9074598022460947,0.0,0.0,0.0
PMC3544577_table_1,1,205.1789,14.005600000000001,0.8795017600059509,1.7660062011718765,1.1567273803710947,0.9217314453125027,0.5049520446777365,0.008607153080418485,0.08259034817295186,0.004492330572551577,0.03605358175856346,1.7660062011718765,0.9217314453125027,1.1567273803710947,0.5049520446777365,1.7660062011718765,0.08259034817295186,1.7660062011718765,0.0,0.0,0.0
PMC3544577_table_1,1,100.49199999999996,30.682699999999997,0.9253126978874207,1.2464995117187527,1.080441064453126,2.319929199218791,0.2621427490234396,0.0124039675966122,0.035213363375880415,0.023085710297524098,0.008543666268726012,1.2464995117187527,2.319929199218791,1.080441064453126,0.2621427490234396,2.319929199218791,0.035213363375880415,2.319929199218791,0.0,0.0,0.0
PMC3561065_table_1,1,139.1589,52.67399999999999,0.9059269428253174,0.34337726440429606,0.5764530090332016,0.3316422607421998,4.5586152709961,0.0024675192488895505,0.010943786479728171,0.0023831911630675428,0.08654393573672212,0.34337726440429606,0.3316422607421998,0.5764530090332016,4.5586152709961,4.5586152709961,0.08654393573672212,4.5586152709961,0.0,0.0,0.0
PMC3561065_table_1,1,139.1589,55.412099999999995,0.8799079060554504,0.09824260864257894,3.55025345458985,0.22025288085936268,3.4008716552734484,0.0007059743116867046,0.06407000374629097,0.001582743761695175,0.06137417017715352,0.09824260864257894,0.22025288085936268,3.55025345458985,3.4008716552734484,3.55025345458985,0.06407000374629097,3.55025345458985,0.0,0.0,0.0
PMC3561065_table_1,1,139.1589,49.434200000000004,0.8873205780982971,0.19862857666015543,3.2358020751953234,0.19869221191405018,2.4905669189453192,0.0014273508676782831,0.06545675008790115,0.0014278081525080336,0.05038145492281293,0.19862857666015543,0.19869221191405018,3.2358020751953234,2.4905669189453192,3.2358020751953234,0.06545675008790115,3.2358020751953234,0.0,0.0,0.0
PMC3583834_table_2,1,120.4876,51.592,0.9695449471473694,0.31715115966797214,0.9870544982910161,0.38479113769531637,0.3285268310546883,0.002632230699822821,0.019131929335769425,0.0031936160874257297,0.006367786305138167,0.31715115966797214,0.38479113769531637,0.9870544982910161,0.3285268310546883,0.9870544982910161,0.019131929335769425,0.9870544982910161,0.0,0.0,0.0
PMC3583834_table_2,1,360.57630000000006,13.820700000000002,0.9001659750938416,0.21984362792969137,0.9336258483886724,2.5878743164062143,0.43901823120117456,0.0006097007150211795,0.06755271790782466,0.0071770505061098415,0.03176526740332794,0.21984362792969137,2.5878743164062143,0.9336258483886724,0.43891823120117124,2.5878743164062143,0.06755271790782466,2.5878743164062143,0.0,0.0,0.0
PMC3583834_table_2,1,90.66679999999997,51.592,0.9168194532394409,2.8759602539062143,1.2027069641113286,2.962822363281248,0.006017065429688273,0.03172010321204912,0.023311888744598556,0.03267813977421999,0.0001166278769903914,2.8759602539062143,2.962822363281248,1.2027069641113286,0.006017065429688273,2.962822363281248,0.03267813977421999,2.962822363281248,0.0,0.0,0.0
PMC3583834_table_2,1,137.4478,37.7713,0.9684038162231445,0.34283947753905863,0.7788848693847683,0.47832783203125473,0.22646079101562577,0.0024943249549214948,0.02062107656831426,0.0034800690300699957,0.0059955784157713875,0.34283947753905863,0.47832783203125473,0.778784869384765,0.22646079101562577,0.7788848693847683,0.02062107656831426,0.778784869384765,0.0,0.0,0.0
PMC3583834_table_2,1,111.55869999999999,37.7713,0.9629446864128113,0.9098252441406203,0.6923103149414089,0.8210043945312577,0.16022744140624923,0.008155574098126101,0.018329004162986422,0.00735939370511899,0.004242042010898467,0.9098252441406203,0.8210043945312577,0.6922103149414056,0.16022744140624923,0.9098252441406203,0.018329004162986422,0.9098252441406203,0.0,0.0,0.0
PMC3583834_table_2,1,111.56980000000004,37.7713,0.9542902708053589,0.9338583984375077,0.9278640563964871,0.33219804687496435,0.444974279785157,0.008370171842537204,0.02456531960500399,0.0029774907445828907,0.011780750987791182,0.9338583984375077,0.33219804687496435,0.9277640563964837,0.444974279785157,0.9338583984375077,0.02456531960500399,0.9338583984375077,0.0,0.0,0.0
PMC3583834_table_2,1,120.4876,31.464,0.965802013874054,0.43667706909180026,0.5605489990234389,0.7714030761718789,0.23315668945312495,0.003624249043816959,0.017815566966165743,0.006402344109865902,0.007410268543514015,0.43667706909180026,0.7714030761718789,0.5604489990234356,0.23315668945312495,0.7714030761718789,0.017815566966165743,0.7714030761718789,0.0,0.0,0.0
PMC3583834_table_2,1,120.4876,30.35419999999999,0.9124136567115784,0.280968756103519,0.800508984375,0.46876025390625387,1.8444260498046958,0.0023319308883529843,0.02637226427891363,0.0038905269414135054,0.060763454474329626,0.280968756103519,0.46876025390625387,0.800508984375,1.8444260498046958,1.8444260498046958,0.060763454474329626,1.8444260498046958,0.0,0.0,0.0
PMC3583834_table_2,1,120.4876,32.6463,0.900169849395752,0.2003527587890659,1.9559983154296958,0.8799083251953164,1.1541044433593868,0.0016628496109895616,0.05991485452960048,0.0073028952788113995,0.03535176860346768,0.2003527587890659,0.8799083251953164,1.9559983154296958,1.1541044433593868,1.9559983154296958,0.05991485452960048,1.9559983154296958,0.0,0.0,0.0
PMC3585325_table_0,1,102.7742,38.641400000000004,0.9634888768196106,0.18823758544921532,0.4357282165527323,0.8998280761718718,0.6150981933593727,0.0018315645896461888,0.011276201601203172,0.008755388766556897,0.015918113561086623,0.18823758544921532,0.8999280761718751,0.4357282165527323,0.6150981933593727,0.8998280761718718,0.015918113561086623,0.8999280761718751,0.0,0.0,0.0
PMC3585325_table_0,1,437.38650000000007,22.9625,0.8714159727096558,2.1822794677734407,0.05529580078125207,8.198626757812463,2.4613347534179653,0.004989361737898724,0.0024080914874796766,0.0187445811834898,0.1071893196915826,2.1821794677734374,8.198626757812463,0.05529580078125207,2.4613347534179653,8.198626757812463,0.1071893196915826,8.198626757812463,0.0,0.0,0.0
PMC3585325_table_0,1,102.7742,31.469499999999996,0.8953661918640137,0.1474928039550747,1.1182161743164016,0.6629658935546843,2.3092183349609456,0.001435115077082329,0.03553333145796412,0.006450703518535628,0.07337956862870226,0.1474928039550747,0.6630658935546876,1.1182161743164016,2.3092183349609456,2.3092183349609456,0.07337956862870226,2.3092183349609456,0.0,0.0,0.0
PMC3585325_table_0,1,102.7742,68.674,0.9329739809036255,0.007628045654300308,2.4599751708984456,1.5225850341796843,1.2591349609375015,7.422140628971385e-05,0.03582105557996396,0.014814856590269584,0.018334958804460223,0.007628045654300308,1.5226850341796876,2.4599751708984456,1.2591349609375015,2.4599751708984456,0.03582105557996396,2.4599751708984456,0.0,0.0,0.0
PMC3585325_table_0,1,102.7742,63.010699999999986,0.9282236099243164,0.3162130493164028,2.824976635742189,1.4237538574218718,0.7438268066406408,0.0030767746118812197,0.04483328443807464,0.013853222476281712,0.01180476977149343,0.3162130493164028,1.423853857421875,2.824976635742189,0.7438268066406408,2.824976635742189,0.04483328443807464,2.824976635742189,0.0,0.0,0.0
PMC3585325_table_0,1,102.7742,29.577699999999993,0.8677486181259155,0.10821668090819969,1.7473363281250158,1.3864461181640593,2.057697851562523,0.0010529557117272593,0.059076139393022996,0.013490215619912968,0.06956923126417955,0.10821668090819969,1.3865461181640626,1.7473363281250158,2.057697851562523,2.057697851562523,0.06956923126417955,2.057697851562523,0.0,0.0,0.0
PMC3596303_table_0,1,89.23750000000001,28.016699999999986,0.9170490503311157,0.37955367431640497,1.1053023925781247,0.6875187622070342,0.9918158935547012,0.004253297933227678,0.039451555414382326,0.007704370496787048,0.03540088210084349,0.37955367431640497,0.6875187622070342,1.1053023925781247,0.9918158935547012,1.1053023925781247,0.039451555414382326,1.1053023925781247,0.0,0.0,0.0
PMC3608654_table_4,1,122.4308,43.42830000000001,0.9045872688293457,0.13812148437499872,1.5578099731445292,5.278795800781239,0.9728958618164114,0.0011281596164935516,0.035870848574421035,0.0431165670793725,0.02240234735912783,0.13812148437499872,5.278795800781239,1.5578099731445292,0.9728958618164114,5.278795800781239,0.0431165670793725,5.278795800781239,0.0,0.0,0.0
PMC3608654_table_4,1,286.68240000000003,26.080800000000004,0.8787515163421631,6.852785668945302,1.281648779296873,0.025930712890612995,1.4726401245117202,0.02390375436003501,0.04914146725931999,9.045101091177202e-05,0.056464530402124166,6.852785668945302,0.026030712890644736,1.281648779296873,1.4726401245117202,6.852785668945302,0.056464530402124166,6.852785668945302,0.0,0.0,0.0
PMC3608654_table_4,1,190.67430000000002,26.080800000000004,0.9101790189743042,0.060232470703112995,1.3940488342285136,0.7609629882812214,0.9699545776367202,0.00031589191990275033,0.05345115311756209,0.0039909048481165076,0.03719036906984142,0.060332470703144736,0.7609629882812214,1.3940488342285136,0.9699545776367202,1.3940488342285136,0.05345115311756209,1.3940488342285136,0.0,0.0,0.0
PMC3616988_table_1,1,54.722300000000004,32.2085,0.8679826855659485,0.2226970825195309,1.643982794189455,1.3886768920898476,1.9817056640625026,0.004069585571504321,0.05104189248768042,0.025376800538169035,0.06152741245517496,0.2226970825195309,1.3886768920898476,1.643982794189455,1.9817056640625026,1.9817056640625026,0.06152741245517496,1.9817056640625026,0.0,0.0,0.0
PMC3616988_table_1,1,107.01479999999998,32.2085,0.8574191927909851,2.4950242919921948,1.33670130004883,4.482010205078097,1.5201349243164088,0.02331475919211357,0.04150150736758402,0.04188215279641786,0.04719670038394861,2.4950242919921948,4.482010205078097,1.33670130004883,1.5201349243164088,4.482010205078097,0.04719670038394861,4.482010205078097,0.0,0.0,0.0
PMC3616988_table_1,1,34.89930000000004,32.2085,0.801149308681488,3.9759677246093474,1.3616570495605487,1.4703604980468867,1.083222387695315,0.11392686170236489,0.04227632611144724,0.04213151834125284,0.03363156892420681,3.9759677246093474,1.4703604980468867,1.3616570495605487,1.083222387695315,3.9759677246093474,0.11392686170236489,3.9759677246093474,0.0,0.0,0.0
PMC3616988_table_1,1,87.09980000000002,32.2085,0.9115708470344543,0.23491738281251173,0.763325598144533,1.2030023437499722,1.6814508422851588,0.0026971058809837876,0.023699507836270953,0.013811769300847671,0.05220518938432894,0.23491738281251173,1.203102343750004,0.763325598144533,1.6814508422851588,1.6814508422851588,0.05220518938432894,1.6814508422851588,0.0,0.0,0.0
PMC3616988_table_1,1,34.936999999999955,32.2085,0.8837843537330627,0.32174741210940283,1.2193154357910174,2.552753759765608,0.12928104248047134,0.009209360051218,0.03785694570659973,0.07306734292485363,0.004013879642966029,0.3216474121093711,2.552753759765608,1.2193154357910174,0.12928104248047134,2.552753759765608,0.07306734292485363,2.552753759765608,0.0,0.0,0.0
PMC3616988_table_1,1,34.891200000000026,32.2085,0.6804371476173401,6.828532861328142,0.7689522766113299,4.975266210937491,0.5212182983398463,0.19570931528087704,0.023874203288303704,0.14259372595203051,0.0161826318623918,6.828532861328142,4.975266210937491,0.7689522766113299,0.5212182983398463,6.828532861328142,0.19570931528087704,6.828532861328142,0.0,0.0,0.0
PMC3616988_table_1,1,34.89280000000002,32.2085,0.9143412709236145,0.550978906250009,0.585774328613283,0.9122237304687815,0.9608163818359401,0.015790618874094615,0.018186948433279507,0.026143609296725424,0.029831143388730927,0.550978906250009,0.9122237304687815,0.585774328613283,0.9608163818359401,0.9608163818359401,0.029831143388730927,0.9608163818359401,0.0,0.0,0.0
PMC3616988_table_1,1,60.87819999999999,32.2085,0.8416458964347839,4.2586747070312185,1.0291222595214862,1.917462011718726,1.2844705566406276,0.06995401813836839,0.031951884115108936,0.031496693590131214,0.03987986266484399,4.2586747070312185,1.917462011718726,1.0291222595214862,1.2844705566406276,4.2586747070312185,0.06995401813836839,4.2586747070312185,0.0,0.0,0.0
PMC3616988_table_1,1,38.19290000000001,32.2085,0.8671087622642517,1.527813574218726,0.6538781188964862,1.7342666015624673,1.2530450805664088,0.04000255477375967,0.020301414809646093,0.045408088978906205,0.03890417376054175,1.527813574218726,1.7342666015624673,0.6538781188964862,1.2530450805664088,1.7342666015624673,0.045408088978906205,1.7342666015624673,0.0,0.0,0.0
PMC3616988_table_1,1,54.722300000000004,34.74979999999999,0.9513316750526428,0.1736248168945309,0.1749734863281276,1.7290165527343788,0.35339423828125405,0.003172834783891227,0.005035237219440907,0.031596196664511154,0.010169676898320396,0.1736248168945309,1.7290165527343788,0.1749734863281276,0.35349423828124316,1.7290165527343788,0.031596196664511154,1.7290165527343788,0.0,0.0,0.0
PMC3616988_table_1,1,54.722300000000004,52.9281,0.8528195023536682,0.29039270019531216,2.511597363281254,1.8099110229492226,3.514876049804684,0.005306661090548316,0.047453004420737833,0.03307446914601949,0.06640850606397516,0.29039270019531216,1.8099110229492226,2.511697363281243,3.514876049804684,3.514876049804684,0.06640850606397516,3.514876049804684,0.0,0.0,0.0
PMC3616988_table_1,1,54.722300000000004,35.28550000000001,0.908672571182251,0.16428869628906284,1.320601147460934,2.05159498291016,0.7366875488281153,0.0030022257158244963,0.03742617073474752,0.03749102254309779,0.020877911573539132,0.16428869628906284,2.05159498291016,1.320601147460934,0.7366875488281153,2.05159498291016,0.03749102254309779,2.05159498291016,0.0,0.0,0.0
PMC3616988_table_1,1,54.722300000000004,32.07819999999998,0.8940376043319702,0.15328103637695278,1.0875617187500097,2.760907421875004,0.9094335937500091,0.0028010707952142505,0.03390345214974688,0.05045305884209917,0.028350518225773568,0.15328103637695278,2.760907421875004,1.0875617187500097,0.9094335937500091,2.760907421875004,0.05045305884209917,2.760907421875004,0.0,0.0,0.0
PMC3641966_table_2,1,128.14690000000002,30.576900000000002,0.9248623251914978,0.5559665527343753,1.1806494262695324,2.3379885009765644,0.5521432373046906,0.0043385095756071764,0.0386124632081582,0.018244596638518483,0.018057528307470365,0.5559665527343753,2.3380885009765677,1.1806494262695324,0.5521432373046906,2.3379885009765644,0.0386124632081582,2.3380885009765677,0.0,0.0,0.0
PMC3641966_table_2,1,167.96949999999998,14.005600000000001,0.9034185409545898,1.5686708740234394,0.914967205810548,0.6738062499999842,0.35171192016601793,0.0093390221083199,0.06532866894746016,0.0040114797626949195,0.025112235117811296,1.5687708740234427,0.6738062499999842,0.914967205810548,0.35171192016601793,1.5686708740234394,0.06532866894746016,1.5687708740234427,0.0,0.0,0.0
PMC3641966_table_2,1,167.9995,14.005600000000001,0.9354298114776611,2.235098779296891,0.4810606506347668,3.140414453125004,0.021994897460935192,0.013304198996407076,0.0343477359509601,0.018692998807288138,0.0015704359299805214,2.235098779296891,3.140414453125004,0.4810606506347668,0.021994897460935192,3.140414453125004,0.0343477359509601,3.140414453125004,0.0,0.0,0.0
PMC3641966_table_2,1,143.08640000000003,14.005600000000001,0.8150343298912048,4.024752832031254,1.3811499145507824,3.250669726562478,0.8576857360839867,0.028128129801513305,0.098614119677185,0.022718229870640937,0.06123877135460006,4.024752832031254,3.250669726562478,1.3811499145507824,0.8576857360839867,4.024752832031254,0.098614119677185,4.024752832031254,0.0,0.0,0.0
PMC3644285_table_2,1,173.916,32.208600000000004,0.9479491114616394,0.21440774536132778,0.746794256591798,0.8023353271484268,0.790305603027349,0.0012328235778268117,0.023186175636066078,0.004613349704158483,0.024537098881272357,0.21440774536132778,0.8023353271484268,0.746794256591798,0.790305603027349,0.8023353271484268,0.024537098881272357,0.8023353271484268,0.0,0.0,0.0
PMC3644285_table_2,1,118.53619999999998,32.208600000000004,0.9111282825469971,2.6934333496093643,0.6129250854492199,2.3369818847656347,1.037436950683599,0.02272245398122569,0.019029858033233975,0.019715343369921045,0.032209936187341234,2.6934333496093643,2.3370818847656096,0.6129250854492199,1.037436950683599,2.6934333496093643,0.032209936187341234,2.6934333496093643,0.0,0.0,0.0
PMC3644285_table_2,1,136.7504,32.208600000000004,0.9312072396278381,1.6957160156250097,0.5092568725585949,5.2276341308593715,0.19254254150391148,0.012400080845284617,0.015811207955595548,0.038227560071922066,0.005977985429478818,1.6958160156249846,5.2276341308593715,0.5092568725585949,0.19254254150391148,5.2276341308593715,0.038227560071922066,5.2276341308593715,0.0,0.0,0.0
PMC3644285_table_2,1,121.54540000000003,32.208600000000004,0.918423056602478,1.3437840332031215,0.7204461425781261,3.9516127929687173,0.6608347778320365,0.011055819744746582,0.02236812971001925,0.0325114137842215,0.02051733940103067,1.3437840332031215,3.9516127929687173,0.7204461425781261,0.6608347778320365,3.9516127929687173,0.0325114137842215,3.9516127929687173,0.0,0.0,0.0
PMC3644285_table_2,1,56.428800000000024,32.208600000000004,0.9558484554290771,1.5044692382812173,0.09036878051757924,0.7938699218749434,0.04759265136718227,0.02666137217664059,0.0028057345093415805,0.014068523907560379,0.0014776380024956771,1.5044692382812173,0.7938699218749434,0.09036878051757924,0.04759265136718227,1.5044692382812173,0.02666137217664059,1.5044692382812173,0.0,0.0,0.0
PMC3655107_table_2,1,28.8301,47.148199999999996,0.9680933952331543,0.37564459228515545,0.6605119506835919,0.04752620849609457,0.1878776000976501,0.013029597271086657,0.0140092718424795,0.0016484926689846573,0.003984830812155079,0.37564459228515545,0.04752620849609457,0.6605119506835919,0.1878776000976501,0.6605119506835919,0.0140092718424795,0.6605119506835919,0.0,0.0,0.0
PMC3655107_table_2,1,115.74950000000001,30.576900000000002,0.9329138398170471,1.1931942382812508,1.3731088439941388,0.42600112304688764,0.37825729980468736,0.010308418077669888,0.044906738223761684,0.0036803711726347637,0.012370688323691655,1.1931942382812508,0.42600112304688764,1.3731088439941388,0.37825729980468736,1.3731088439941388,0.044906738223761684,1.3731088439941388,0.0,0.0,0.0
PMC3655107_table_2,1,109.65049999999997,30.576900000000002,0.9264698028564453,0.011849829101549858,0.7902192871093732,2.910956152343772,0.7797312988281249,0.00010806908405843896,0.025843669145968792,0.02654758667168661,0.02550066549676798,0.011849829101549858,2.910956152343772,0.7902192871093732,0.7797312988281249,2.910956152343772,0.02654758667168661,2.910956152343772,0.0,0.0,0.0
PMC3674896_table_1,1,267.5287,30.682700000000004,0.9498398303985596,0.35862844848632847,1.23318543701172,0.9051675292968753,0.22938488769531773,0.0013405232727790642,0.04019155540456738,0.0033834408394197526,0.007476033324815537,0.35862844848632847,0.9051675292968753,1.23318543701172,0.22938488769531773,1.23318543701172,0.04019155540456738,1.23318543701172,0.0,0.0,0.0
PMC3674896_table_1,1,110.43970000000002,30.682700000000004,0.9226512908935547,0.9878396484375003,1.12924256591797,1.0084722656250165,0.8122858886718802,0.008944606409085683,0.036803885118257836,0.00913142887589351,0.02647374216323466,0.9878396484375003,1.0084722656250165,1.12924256591797,0.8122858886718802,1.12924256591797,0.036803885118257836,1.12924256591797,0.0,0.0,0.0
PMC3674896_table_1,1,229.23009999999994,14.005600000000001,0.8493934869766235,3.1412469726562335,1.035034802246095,0.1830585937500473,1.055283239746096,0.013703466397546545,0.07390149670461064,0.0007985800893950984,0.07534723537342891,3.1412469726562335,0.1830585937500473,1.035034802246095,1.055283239746096,3.1412469726562335,0.07534723537342891,3.1412469726562335,0.0,0.0,0.0
PMC3695856_table_1,1,76.72149999999999,30.682800000000007,0.8771975636482239,1.641268634033203,1.376300616455076,3.3828461791992197,0.7342066650390677,0.021392551423436757,0.04485576989241776,0.044092544843351865,0.023928932986528855,1.641268634033203,3.3828461791992197,1.376300616455076,0.7342066650390677,3.3828461791992197,0.04485576989241776,3.3828461791992197,0.0,0.0,0.0
PMC3695856_table_1,1,167.1586,14.005600000000001,0.8049964904785156,1.6220887329101572,1.4722555114746072,4.447163427734381,1.121200390624999,0.009703890394572322,0.1051190603383366,0.02660445485744904,0.08005372069922023,1.6220887329101572,4.447163427734381,1.4722555114746072,1.1213003906250023,4.447163427734381,0.1051190603383366,4.447163427734381,0.0,0.0,0.0
PMC3695856_table_1,1,50.780899999999974,30.682800000000007,0.8288630247116089,2.150431787109369,1.849189562988279,3.816919482421895,0.5104517822265677,0.042347256293397126,0.060267953478439995,0.07516447094127707,0.016636414611005762,2.150431787109369,3.816919482421895,1.849189562988279,0.5104517822265677,3.816919482421895,0.07516447094127707,3.816919482421895,0.0,0.0,0.0
PMC3695856_table_1,1,50.780899999999974,36.0838,0.6474693417549133,3.777049218749994,8.856507751464846,3.53417412109377,3.0706330688476555,0.07437932802983004,0.24544276798632203,0.06959652391142677,0.0850972754767418,3.777049218749994,3.53417412109377,7.452492248535151,3.0706330688476555,8.856507751464846,0.24544276798632203,7.452492248535151,0.0,1.0,1.0
PMC3695856_table_1,1,50.780899999999974,36.012399999999985,0.7916809320449829,2.869395410156244,3.1502914062500054,2.042017138671895,2.397748657226572,0.05650540676034189,0.087477963319579,0.04021230696328533,0.06658119584439173,2.869395410156244,2.042017138671895,3.1502914062500054,2.397748657226572,3.1502914062500054,0.087477963319579,3.1502914062500054,0.0,0.0,0.0
PMC3695856_table_1,1,50.780899999999974,89.01189999999997,0.8141093850135803,3.279643212890619,5.584455371093725,2.419397509765645,2.607559374999994,0.06458418840332922,0.06273830095856539,0.04764384856837209,0.029294503038357733,3.279643212890619,2.419397509765645,5.584455371093725,2.607559374999994,5.584455371093725,0.06458418840332922,5.584455371093725,0.0,0.0,0.0
PMC3695856_table_1,1,50.780899999999974,71.36939999999998,0.8290191888809204,3.388163720703119,2.924485302734354,3.04174248046877,1.4856556640625058,0.06672122236319405,0.040976739369174384,0.05989934169084777,0.02081642362220372,3.388163720703119,3.04174248046877,2.9245853027343856,1.4856556640625058,3.388163720703119,0.06672122236319405,3.388163720703119,0.0,0.0,0.0
PMC3695856_table_1,1,50.780899999999974,53.65519999999998,0.7755222320556641,2.437022363281244,3.2761117187499735,3.56841484375002,4.547242285156244,0.047990924998990665,0.06105860603911596,0.07027080740494993,0.0847493306362896,2.437022363281244,3.56841484375002,3.2760117187499986,4.547242285156244,4.547242285156244,0.0847493306362896,4.547242285156244,0.0,0.0,0.0
PMC3695856_table_1,1,50.780899999999974,36.04830000000004,0.6400797367095947,3.691569482421869,1.1592959960937606,2.97521416015627,12.63052724609372,0.07269602315874416,0.03215951920322898,0.05858923650735358,0.3503778887241203,3.691569482421869,2.97521416015627,1.1591959960937857,4.2142727539062435,12.63052724609372,0.3503778887241203,4.2142727539062435,0.0,1.0,1.0
PMC3695856_table_1,1,50.780899999999974,50.51940000000002,0.8221100568771362,5.596018945312494,2.0825412109375065,1.4930974609375198,0.5237735351562378,0.11019928645046655,0.04122260381036801,0.02940273726809727,0.010367770305194392,5.596018945312494,1.4930974609375198,2.0825412109375065,0.5237735351562378,5.596018945312494,0.11019928645046655,5.596018945312494,0.0,0.0,0.0
PMC3695856_table_1,0,50.780899999999974,36.084,0.0,,,,,,,,,,,,,,,,,,
PMC3695856_table_1,0,50.780899999999974,36.04819999999998,0.0,,,,,,,,,,,,,,,,,,
PMC3699476_table_0,1,193.3525,31.80700000000001,0.9662691950798035,0.5877429565429679,0.7133293212890592,0.2508810058593838,0.25484005126952525,0.0030397484208529394,0.022426802945548434,0.0012975317405225367,0.008012074426054805,0.5877429565429679,0.2508810058593838,0.7133293212890592,0.25484005126952525,0.7133293212890592,0.022426802945548434,0.7133293212890592,0.0,0.0,0.0
PMC3699476_table_0,1,366.2785,15.364000000000004,0.899786114692688,0.6032674804687588,0.4954147399902311,2.528808007812472,0.9785210327148448,0.0016470185404514836,0.03224516662263935,0.006904057999070303,0.06368921066876103,0.6032674804687588,2.528808007812472,0.4954147399902311,0.9785210327148448,2.528808007812472,0.06368921066876103,2.528808007812472,0.0,0.0,0.0
PMC4347569_table_0,1,112.4515,30.576900000000002,0.9476379156112671,0.013104614257812841,1.6635152465820298,0.08133972167968295,0.0003029418945317275,0.00011653569990451742,0.05440431327512042,0.0007233315845469643,9.907541135030936e-06,0.013104614257812841,0.08143972167968627,1.6635152465820298,0.0003029418945317275,1.6635152465820298,0.05440431327512042,1.6635152465820298,0.0,0.0,0.0
PMC4347569_table_0,1,193.44780000000003,14.005600000000001,0.8430776000022888,0.46886718749999545,1.4073964721679673,1.3474929687499753,0.8963300598144528,0.0024237400864729162,0.10048812419089273,0.0069656670623805235,0.06399797651042817,0.46896718749999877,1.3474929687499753,1.4073964721679673,0.8963300598144528,1.4073964721679673,0.10048812419089273,1.4073964721679673,0.0,0.0,0.0
PMC4347569_table_0,1,297.5584,30.576900000000002,0.9236664772033691,4.9134414550781,1.2256833679199204,3.8155822265624693,0.3684180664062495,0.016512528145997896,0.040085272474316244,0.012822969294640881,0.012048901831325265,4.9134414550781,3.8155822265624693,1.2256833679199204,0.3684180664062495,4.9134414550781,0.040085272474316244,4.9134414550781,0.0,0.0,0.0
PMC4349827_table_2,1,96.17790000000001,15.3534,0.8583207130432129,0.820421057128911,1.6963310913085934,0.9917368896484504,0.45922358398437524,0.008530245068034454,0.1104856964130807,0.010311484131473553,0.029910220796981465,0.820421057128911,0.9917368896484504,1.6963310913085934,0.45922358398437524,1.6963310913085934,0.1104856964130807,1.6963310913085934,0.0,0.0,0.0
PMC4349827_table_2,1,95.67009999999999,15.3534,0.7233966588973999,6.224663256835925,2.0575485900878903,6.843340185546879,1.0012615478515627,0.06506383140433558,0.1340125698599587,0.07153060554496002,0.06521432046657827,6.224663256835925,6.843340185546879,2.0575485900878903,1.0012615478515627,6.843340185546879,0.1340125698599587,6.843340185546879,0.0,0.0,0.0
PMC4349827_table_2,1,95.0609,15.3534,0.7769722938537598,1.7350594726562463,1.195694036865234,11.946812207031257,0.6301662170410154,0.018252083376616948,0.0778781271161589,0.12567535345269462,0.041044082551162306,1.7350594726562463,11.946812207031257,1.195694036865234,0.6301662170410154,11.946812207031257,0.12567535345269462,11.946812207031257,0.0,0.0,0.0
PMC4349827_table_2,1,107.40780000000001,15.3534,0.763155460357666,12.067347949218743,1.9728203491210934,1.1409891601562663,0.4878757751464846,0.11235075990029347,0.12849403709413507,0.010622963696828965,0.031776399699511806,12.067347949218743,1.1409891601562663,1.9728203491210934,0.4878757751464846,12.067347949218743,0.12849403709413507,12.067347949218743,0.0,0.0,0.0
PMC4349827_table_2,1,107.40780000000001,15.3534,0.8139967918395996,3.3869303222656413,1.7397461608886715,5.367026464843775,0.32937510375976586,0.03153337394738223,0.11331341337349847,0.0499686844423196,0.02145290969816235,3.3869303222656413,5.367026464843775,1.7397461608886715,0.32937510375976586,5.367026464843775,0.11331341337349847,5.367026464843775,0.0,0.0,0.0
PMC4349827_table_2,1,104.27839999999992,15.3534,0.8691071271896362,1.977378027343775,1.706100531005859,0.0357462890624447,0.24508555297851586,0.018962489138151108,0.11112200105552249,0.0003427966775712394,0.01596294976868419,1.977378027343775,0.0357462890624447,1.706100531005859,0.24508555297851586,1.977378027343775,0.11112200105552249,1.977378027343775,0.0,0.0,0.0
PMC4357215_table_1,1,47.905100000000004,184.14360000000002,0.9063002467155457,0.09970361328124966,8.238710656738277,1.6393403564453166,3.5051667968750166,0.0020812734610980805,0.044740684209162176,0.03422058103302814,0.01903496400024229,0.09970361328124966,1.6393403564453166,8.238710656738277,3.5051667968750166,8.238710656738277,0.044740684209162176,8.238710656738277,0.0,0.0,0.0
PMC4357215_table_1,1,281.0136,97.7509,0.5280960202217102,0.5372648681640584,0.3195626586914102,2.7480178710937366,85.58830834960938,0.0019118820874294282,0.0032691531094998635,0.009778949741556055,0.8755756555654155,0.5372648681640584,2.7480178710937366,0.3195626586914102,0.8043916503906416,85.58830834960938,0.8755756555654155,2.7480178710937366,0.0,1.0,1.0
PMC4357215_table_1,1,47.905100000000004,122.25919999999996,0.9315720796585083,1.0937069091796872,0.8903111328124851,1.7603044067382854,0.49569150390630057,0.022830698801999935,0.007282160629322664,0.036745657701127546,0.004054431109530413,1.0937069091796872,1.7603044067382854,0.8903111328124851,0.49569150390630057,1.7603044067382854,0.036745657701127546,1.7603044067382854,0.0,0.0,0.0
PMC4358912_table_0,1,179.23059999999998,15.600999999999999,0.9222809672355652,0.41372807617187846,0.6344800781250015,1.3017804199218972,0.4883067687988287,0.0023083562526258266,0.04066919288026419,0.0072631594154229095,0.0312997095570046,0.41372807617187846,1.3017804199218972,0.6344800781250015,0.4883067687988287,1.3017804199218972,0.04066919288026419,1.3017804199218972,0.0,0.0,0.0
PMC4358912_table_0,1,171.8064,15.600999999999999,0.9141230583190918,0.9959332519531472,0.6823049377441421,1.2769050781250257,0.5252177795410162,0.005796834413346343,0.043734692503310184,0.007432232315705502,0.033665648326454474,0.9959332519531472,1.2769050781250257,0.6823049377441421,0.5252177795410162,1.2769050781250257,0.043734692503310184,1.2769050781250257,0.0,0.0,0.0
PMC4358912_table_0,1,149.8979,15.600999999999999,0.8993605375289917,2.4449958984375257,0.7188649963378921,1.821204785156283,0.5153415283203131,0.016311075061341926,0.04607813578218654,0.012149635085990417,0.03303259587977137,2.4449958984375257,1.821204785156283,0.7188649963378921,0.5153415283203131,2.4449958984375257,0.04607813578218654,2.4449958984375257,0.0,0.0,0.0
PMC4382224_table_3,1,103.9195,37.2343,0.9224452376365662,0.1286180419921905,1.4794977722167957,2.0868143310546827,0.7748977783203088,0.0012376699463737847,0.03973480828743378,0.020081065931366902,0.02081139643609008,0.1286180419921905,2.0868143310546827,1.4794977722167957,0.7748977783203088,2.0868143310546827,0.03973480828743378,2.0868143310546827,0.0,0.0,0.0
PMC4382224_table_3,1,577.958,16.784100000000002,0.9161675572395325,0.016060424804692275,1.0368631896972644,1.0580742187499936,0.4284804321289073,2.778822129755497e-05,0.061776514063742724,0.0018307112605933193,0.025528948953408716,0.016060424804692275,1.0580742187499936,1.0368631896972644,0.4284804321289073,1.0580742187499936,0.061776514063742724,1.0580742187499936,0.0,0.0,0.0
PMC4404307_table_4,1,211.8428,48.94930000000001,0.9857000112533569,0.3722525024414054,0.19479949951171704,1.0236636230468719,0.18999793701172507,0.0017572110189319882,0.003979617676079474,0.0048321851063471205,0.003881525108872344,0.3722525024414054,1.0236636230468719,0.19479949951171704,0.18999793701172507,1.0236636230468719,0.0048321851063471205,1.0236636230468719,0.0,0.0,0.0
PMC4404307_table_4,1,262.9361,28.789100000000005,0.9796151518821716,1.5188723632812469,0.20752151489257642,0.15941513671873508,0.2023977294921906,0.005776583600659045,0.007208336311054405,0.0006062885116145522,0.007030359736573583,1.5188723632812469,0.15941513671873508,0.20752151489257642,0.2023977294921906,1.5188723632812469,0.007208336311054405,1.5188723632812469,0.0,0.0,0.0
PMC4422521_table_0,1,128.449,16.784100000000002,0.945338785648346,0.11445407104492489,0.09562478637695193,3.4154544677734293,0.40000314941406145,0.0008910468049180988,0.005697343698914563,0.026589965416417637,0.02383226681288013,0.11445407104492489,3.4155544677734326,0.09562478637695193,0.40000314941406145,3.4154544677734293,0.026589965416417637,3.4155544677734326,0.0,0.0,0.0
PMC4422521_table_0,1,139.40120000000002,16.784100000000002,0.8887726664543152,2.718387207031242,0.21467413330078244,9.647936718749975,0.33211679687499895,0.01950045772225233,0.012790327351528078,0.0692098541386299,0.01978758449216812,2.718487207031245,9.647936718749975,0.21467413330078244,0.33211679687499895,9.647936718749975,0.0692098541386299,9.647936718749975,0.0,0.0,0.0
PMC4422521_table_0,1,139.40479999999997,16.784100000000002,0.8762129545211792,1.0921505859374747,0.17587484741211057,13.438876464843759,0.38664789428710833,0.00783438293328117,0.01047865821891615,0.09640182020162694,0.023036558069071816,1.0921505859374747,13.438776464843727,0.17587484741211057,0.38664789428710833,13.438876464843759,0.09640182020162694,13.438776464843727,0.0,0.0,0.0
PMC4422521_table_0,1,139.4051,16.784100000000002,0.8106451630592346,13.831607177734384,0.15208258056640744,10.453820410156254,0.4611985229492177,0.09921880316957116,0.00906111025115481,0.07498879460045761,0.027478299280224595,13.831507177734352,10.453820410156254,0.15208258056640744,0.4611985229492177,13.831607177734384,0.09921880316957116,13.831507177734352,0.0,0.0,0.0
PMC4422521_table_0,1,135.2097,16.784100000000002,0.9368963837623596,3.459679785156254,0.1359769287109387,3.155436328125006,0.14246149291992083,0.025587511732932285,0.008101532325888113,0.023337351744179644,0.008487883944919348,3.459679785156254,3.155436328125006,0.1359769287109387,0.14246149291992083,3.459679785156254,0.025587511732932285,3.459679785156254,0.0,0.0,0.0
PMC4448174_table_0,1,117.6183,36.235200000000006,0.8131494522094727,0.058352685546871896,4.03288724365234,0.540513769531259,3.340230798339846,0.0004961191034632527,0.11129750197742358,0.004595490408646094,0.09218193354362182,0.058352685546871896,0.540513769531259,4.03288724365234,3.340230798339846,4.03288724365234,0.11129750197742358,4.03288724365234,0.0,0.0,0.0
PMC4448174_table_0,1,117.6183,69.22570000000002,0.9677926898002625,0.6918365722656219,0.13504404296875805,1.3462541259765715,0.945980395507803,0.005882048731070096,0.0019507790165900528,0.011445958035242572,0.013665161861964599,0.6918365722656219,1.3462541259765715,0.13504404296875805,0.945980395507803,1.3462541259765715,0.013665161861964599,1.3462541259765715,0.0,0.0,0.0
PMC4448174_table_0,1,117.4582,35.9144,0.7977128028869629,1.563642724609366,2.552181298828117,1.471064843750014,5.60261730957032,0.013312333448063788,0.07106289674415045,0.012524156199822695,0.1559991900065244,1.563642724609366,1.471064843750014,2.552181298828117,5.60261730957032,5.60261730957032,0.1559991900065244,5.60261730957032,0.0,0.0,0.0
PMC4448174_table_0,1,117.4582,33.31130000000002,0.7301864624023438,1.830671533203116,9.17967028808593,2.205378808593764,1.9439204589843655,0.015585727801065536,0.27557226190769873,0.01877586076232876,0.05835618720927627,1.830671533203116,2.205378808593764,8.635029711914058,1.9439204589843655,9.17967028808593,0.27557226190769873,8.635029711914058,0.0,1.0,1.0
PMC4460960_table_2,1,207.25029999999998,14.005600000000001,0.9037231802940369,0.8247528076171875,0.7638434570312498,1.3019662597656065,0.5265464233398447,0.003979501152071614,0.05453843155818028,0.0062820958993333505,0.03759542064173221,0.8247528076171875,1.3019662597656065,0.7638434570312498,0.5265464233398447,1.3019662597656065,0.05453843155818028,1.3019662597656065,0.0,0.0,0.0
PMC4460960_table_2,1,208.22510000000005,14.005600000000001,0.8463942408561707,3.7003225585937685,1.1217688720703123,3.360781640624964,0.7879790710449228,0.017770780557165144,0.08009431028090994,0.01614013699897353,0.056261714674481836,3.7003225585937685,3.360781640624964,1.1217688720703123,0.7879790710449228,3.7003225585937685,0.08009431028090994,3.7003225585937685,0.0,0.0,0.0
PMC4462176_table_1,1,85.13250000000001,29.440499999999993,0.7995477914810181,0.6614940795898434,3.8808445617675815,4.732012878417976,1.4810197875976598,0.007770170963966093,0.13181992703138815,0.055584093952579516,0.050305524281097816,0.6614940795898434,4.732012878417976,3.8808445617675815,1.4810197875976598,4.732012878417976,0.13181992703138815,4.732012878417976,0.0,0.0,0.0
PMC4462176_table_1,1,71.5813,29.440499999999993,0.783364474773407,4.057498107910163,2.813274829101566,3.262607226562494,1.8416612670898473,0.05668377226887698,0.09555798403904711,0.04557904405986611,0.06255536648799605,4.057498107910163,3.262607226562494,2.813274829101566,1.8416612670898473,4.057498107910163,0.09555798403904711,4.057498107910163,0.0,0.0,0.0
PMC4462176_table_1,0,36.640799999999984,29.440499999999993,0.10950210690498352,74.34841572265626,4.099789111328128,107.80491269531251,16.481420703124996,2.0291155139259045,0.13925677591508737,2.9422095777197157,0.559821358439055,2.767115722656257,6.498612695312488,4.099789111328128,0.4101207031250027,107.80491269531251,2.9422095777197157,6.498612695312488,1.0,1.0,1.0
PMC4462176_table_1,0,71.53059999999999,29.440499999999993,0.32663875818252563,31.399402490234365,4.129150836181644,39.10936518554689,11.307565875244137,0.43896461780321105,0.14025410017430565,0.5467501347052436,0.3840819916524563,5.241397509765619,9.333665185546863,4.129150836181644,4.763734124755857,39.10936518554689,0.5467501347052436,9.333665185546863,1.0,1.0,1.0
PMC4462176_table_1,0,29.77570000000003,29.440499999999993,0.0,30.292623242187517,3.551453082275394,35.08393984374999,3.027505688476566,1.0173605739642557,0.12063154777518707,1.1782742250811888,0.10283472388296962,0.5169232421874881,35.08393984374999,3.551453082275394,3.027505688476566,35.08393984374999,1.1782742250811888,35.08393984374999,1.0,0.0,1.0
PMC4477319_table_0,1,398.6012999999999,13.637700000000002,0.917066752910614,4.311995434570321,1.0088979370117173,1.3075450195312897,0.016638830566407137,0.010817815783767693,0.07397859881150906,0.0032803330534328158,0.001220061342191655,4.311995434570321,1.3075450195312897,1.0088979370117173,0.016638830566407137,4.311995434570321,0.07397859881150906,4.311995434570321,0.0,0.0,0.0
PMC4477319_table_0,1,208.5238,68.9023,0.8135818839073181,0.9933002624511715,14.166518286132813,0.16116435546874186,0.9491207153320289,0.004763486290059799,0.20560298112157088,0.0007728823063302216,0.013774877113420436,0.9933002624511715,0.16116435546874186,0.528818286132811,0.9491207153320289,14.166518286132813,0.20560298112157088,0.9933002624511715,0.0,1.0,1.0
PMC4477319_table_0,0,137.7875,17.474900000000005,0.33077019453048706,0.6495198486328206,0.11155231323242276,3.4573292968750025,34.54266374511718,0.0047139243300939535,0.006383573767656623,0.025091748503129837,1.976701654665673,0.6495198486328206,3.4573292968750025,0.11155231323242276,0.6261637451171822,34.54266374511718,1.976701654665673,3.4573292968750025,0.0,1.0,1.0
PMC4477319_table_0,0,122.9574,17.474900000000005,0.3291291296482086,2.4581212890625466,0.453442498779296,1.3639415039062897,33.315506152343744,0.01999164986460796,0.02594821708732501,0.01109279721193104,1.9064776423523873,2.4581212890625466,1.3639415039062897,0.453442498779296,0.6009938476562553,33.315506152343744,1.9064776423523873,2.4581212890625466,0.0,1.0,1.0
PMC4477319_table_0,0,137.85639999999995,17.2748,0.3315782845020294,3.4933237792968725,17.16621381835938,3.6245813476562034,16.71718930664062,0.025340309041124488,0.993714185886921,0.026292441610663013,0.9677211491097217,3.4933237792968725,3.6245813476562034,0.3086861816406241,0.0754893066406197,17.16621381835938,0.993714185886921,3.6245813476562034,0.0,1.0,1.0
PMC4477319_table_0,1,122.9574,17.2748,0.8369064927101135,2.1787805664062034,1.2711713989257873,0.5446666015625397,1.4363904052734426,0.017719800243061443,0.073585303385613,0.004429717947537437,0.08314946657984132,2.1787805664062034,0.5446666015625397,1.2711713989257873,1.4363904052734426,2.1787805664062034,0.08314946657984132,2.1787805664062034,0.0,0.0,0.0
PMC4477319_table_0,1,122.9574,16.6417,0.8361252546310425,0.9863195312500466,1.8129849487304739,1.7787586914062103,0.8911626098632865,0.008021636202864134,0.10894229247796042,0.014466463111664773,0.053549974453528576,0.9863195312500466,1.7787586914062103,1.8129849487304739,0.8911626098632865,1.8129849487304739,0.10894229247796042,1.8129849487304739,0.0,0.0,0.0
PMC4477319_table_0,0,137.85639999999995,17.474900000000005,0.0,,,,,,,,,,,,,,,,,,
PMC4477319_table_0,0,137.7875,17.2748,0.0,,,,,,,,,,,,,,,,,,
PMC4477319_table_0,0,137.7875,16.6417,0.0,,,,,,,,,,,,,,,,,,
PMC4537032_table_0,1,209.4341,44.104000000000006,0.6835228204727173,0.6908353271484344,0.9754746215820305,2.599254785156262,12.838698559570318,0.0032985809242546196,0.022117599800064173,0.012410848019287508,0.29110054778637573,0.6908353271484344,2.599254785156262,0.9754746215820305,12.838698559570318,12.838698559570318,0.29110054778637573,12.838698559570318,0.0,0.0,0.0
PMC4537032_table_0,1,44.576899999999995,110.9325,0.8562849164009094,2.0827905517578245,0.5097153442382805,1.3036572265625068,8.97112236328124,0.046723539585700774,0.004594824278171685,0.029245129799571234,0.08087009995520915,2.0827905517578245,1.3036572265625068,0.5097153442382805,8.97112236328124,8.97112236328124,0.08087009995520915,8.97112236328124,0.0,0.0,0.0
PMC4537032_table_0,1,84.69069999999999,110.9325,0.9053370952606201,0.4813610839843818,0.23239586181640703,0.8364838378906256,9.472556689453114,0.005683753753179296,0.002094930356896374,0.009876926721477396,0.08539027507225667,0.4813610839843818,0.8364838378906256,0.23239586181640703,9.472556689453114,9.472556689453114,0.08539027507225667,9.472556689453114,0.0,0.0,0.0
PMC4537032_table_0,1,68.851,110.9325,0.8925809264183044,0.04443061523437564,0.33700111083984297,2.1661479003906265,9.150718310546864,0.0006453154672317851,0.003037893411217118,0.03146138618742831,0.08248906596846609,0.04443061523437564,2.1661479003906265,0.33700111083984297,9.150718310546864,9.150718310546864,0.08248906596846609,9.150718310546864,0.0,0.0,0.0
PMC4537032_table_0,1,54.58969999999999,110.9325,0.9097886085510254,0.8210246093750015,0.25478294067382734,0.0736985839843669,8.896430590820302,0.015039917958424421,0.0022967384731600506,0.0013500455943954064,0.08019679165997612,0.8210246093750015,0.0736985839843669,0.25478294067382734,8.896430590820302,8.896430590820302,0.08019679165997612,8.896430590820302,0.0,0.0,0.0
PMC4537032_table_0,1,42.90289999999999,110.9325,0.8390167951583862,2.623963769531258,0.4343102233886711,1.2568303710937698,9.84166679687499,0.0611605222381531,0.003915085510456098,0.029294764948145,0.08871761473756554,2.623963769531258,1.2568303710937698,0.4343102233886711,9.84166679687499,9.84166679687499,0.08871761473756554,9.84166679687499,0.0,0.0,0.0
PMC4537032_table_0,1,77.98720000000003,110.9325,0.8666538596153259,1.6248834960937302,1.0823281066894523,2.28263085937499,9.878669360351552,0.02083525881290429,0.009756636753786782,0.029269301364518652,0.08905117400537761,1.6248834960937302,2.28263085937499,1.0823281066894523,9.878669360351552,9.878669360351552,0.08905117400537761,9.878669360351552,0.0,0.0,0.0
PMC4537032_table_0,1,68.7659,180.8364,0.9136754274368286,0.9686063232421844,7.139518359374989,1.9549119018554677,1.4410272949218665,0.014085561640903186,0.039480537985576956,0.02842850747035184,0.00796867939707861,0.9686063232421844,1.9549119018554677,7.139518359374989,1.4410272949218665,7.139518359374989,0.039480537985576956,7.139518359374989,0.0,0.0,0.0
PMC4567825_table_1,1,97.17,37.9286,0.8964110612869263,0.07537553100586081,2.8297041503906257,0.9980898925781219,0.99866822509766,0.0007757078419868356,0.07460607959140662,0.010271584774911205,0.02633021585551958,0.07537553100586081,0.9980898925781219,2.8297041503906257,0.99866822509766,2.8297041503906257,0.07460607959140662,2.8297041503906257,0.0,0.0,0.0
PMC4567825_table_1,1,196.845,16.1723,0.7203203439712524,0.7547579833984344,2.6885946838378914,3.299726855468748,2.3413405456542975,0.0038342756148158925,0.16624689647346955,0.01676307173394675,0.14477474111006458,0.7547579833984344,3.299726855468748,2.6885946838378914,2.3413405456542975,3.299726855468748,0.16624689647346955,3.299726855468748,0.0,0.0,0.0
PMC4587829_table_1,1,145.8481,30.2594,0.9374250173568726,0.6451252136230465,1.4696207885742183,1.145984765625002,0.1592423461914052,0.004423267863092125,0.048567413384740556,0.007857385633580431,0.00526257447905131,0.6451252136230465,1.145984765625002,1.4696207885742183,0.15934234619140852,1.4696207885742183,0.048567413384740556,1.4696207885742183,0.0,0.0,0.0
PMC4587829_table_1,1,154.95360000000002,30.2594,0.9372000694274902,1.1384011474609395,1.3958445434570308,0.9027650878906002,0.20382089843749895,0.007346722809027601,0.04612928688133376,0.005826034941366964,0.006735787835763398,1.1384011474609395,0.9026650878906253,1.3958445434570308,0.20392089843750227,1.3958445434570308,0.04612928688133376,1.3958445434570308,0.0,0.0,0.0
PMC4587829_table_1,1,306.43379999999996,13.899900000000002,0.8735370635986328,0.6750124023437252,1.1534777526855464,0.5676894531250127,0.7001329711914082,0.0022028000904068847,0.08298460799613999,0.001852568003676529,0.05036964087449608,0.6749124023437503,0.5676894531250127,1.1534777526855464,0.7001329711914082,1.1534777526855464,0.08298460799613999,1.1534777526855464,0.0,0.0,0.0
PMC4602069_table_0,0,95.5515,64.7226,0.0,,,,,,,,,,,,,,,,,,
PMC4636288_table_7,1,172.12,37.2343,0.9240137338638306,0.4570108886718742,2.1434249511718733,0.19981406249999623,0.7124036010742145,0.0026551875939569733,0.05756587209030043,0.0011608997356495248,0.019132992995013056,0.4570108886718742,0.1997140624999929,2.1434249511718733,0.7124036010742145,2.1434249511718733,0.05756587209030043,2.1434249511718733,0.0,0.0,0.0
PMC4636288_table_7,1,432.3139,16.784,0.7999652028083801,1.7143099121093712,2.069351159667967,4.335499023437478,1.5088191467285128,0.003965428620521735,0.12329308625285791,0.010028590391004033,0.08989627899955391,1.714209912109368,4.335499023437478,2.069351159667967,1.5088191467285128,4.335499023437478,0.12329308625285791,4.335499023437478,0.0,0.0,0.0
PMC4636288_table_7,1,77.44749999999999,37.2343,0.8744350075721741,3.136768554687478,1.8465003601074201,2.9709458007812373,0.33164340820312077,0.04050186971416093,0.049591381068193045,0.03836077085485313,0.008906932806662696,3.136768554687478,2.9709458007812373,1.8465003601074201,0.33164340820312077,3.136768554687478,0.049591381068193045,3.136768554687478,0.0,0.0,0.0
PMC4640420_table_0,1,117.8664,38.575300000000006,0.948005735874176,0.87133109741211,0.3671646240234381,0.7811766845703119,1.1469934326171938,0.007392531691916526,0.00951812750706898,0.006627645237067662,0.029733882370770768,0.87133109741211,0.7811766845703119,0.3671646240234381,1.1469934326171938,1.1469934326171938,0.029733882370770768,1.1469934326171938,0.0,0.0,0.0
PMC4640420_table_0,1,106.26929999999999,60.635,0.9845620393753052,0.47094428710937564,0.13631437988281192,0.17359863281251364,0.43700196533202984,0.004431611830598072,0.0022481137937298908,0.0016335727516085424,0.007207091042005935,0.47094428710937564,0.17359863281251364,0.13631437988281192,0.43700196533202984,0.47094428710937564,0.007207091042005935,0.47094428710937564,0.0,0.0,0.0
PMC4640420_table_0,1,73.85880000000003,38.575300000000006,0.9552749395370483,0.42665039062501364,0.1391181823730463,1.190408984374983,0.7890680175781313,0.005776568135753809,0.0036064057148757437,0.016117361565243172,0.020455265871636284,0.42665039062501364,1.190408984374983,0.1391181823730463,0.7890680175781313,1.190408984374983,0.020455265871636284,1.190408984374983,0.0,0.0,0.0
PMC4640420_table_0,1,128.07209999999998,38.575300000000006,0.9446249008178711,2.984751025390608,0.33917235107421817,1.6900406249999946,0.416471276855475,0.023305239981155995,0.008792474746125581,0.0131960093181887,0.010796319843409513,2.984751025390608,1.6900406249999946,0.33917235107421817,0.416471276855475,2.984751025390608,0.023305239981155995,2.984751025390608,0.0,0.0,0.0
PMC4640420_table_0,1,180.6212,38.575300000000006,0.961814820766449,3.6617965332031304,0.03170012207031192,1.3993306640625178,0.3833139282226625,0.02027334849509986,0.0008217725350240158,0.007747322374463894,0.009936771152075615,3.6617965332031304,1.3993306640625178,0.03170012207031192,0.3833139282226625,3.6617965332031304,0.02027334849509986,3.6617965332031304,0.0,0.0,0.0
PMC4652359_table_0,1,70.7406,52.3924,0.9245753288269043,0.9339740905761715,1.205274133300783,1.0011922851562503,1.4967677612304726,0.013202801369739182,0.023004751324634545,0.014153008105052123,0.028568413762883025,0.9339740905761715,1.0011922851562503,1.205274133300783,1.4967677612304726,1.4967677612304726,0.028568413762883025,1.4967677612304726,0.0,0.0,0.0
PMC4652359_table_0,1,70.7406,52.9281,0.9617897868156433,0.6431720886230465,0.025522949218753865,1.1854345336914065,0.6792200683593705,0.009091979550965733,0.0004822192600670318,0.016757484862885055,0.01283288212422835,0.6431720886230465,1.1854345336914065,0.025522949218753865,0.6792200683593705,1.1854345336914065,0.016757484862885055,1.1854345336914065,0.0,0.0,0.0
PMC4652359_table_0,1,70.7406,52.9281,0.94905024766922,0.9108226928710934,0.31411184082031696,1.6302968994140628,0.55460502929688,0.012875529651587538,0.005934689528252799,0.023046127675112493,0.010478460955463734,0.9108226928710934,1.6302968994140628,0.31411184082031696,0.55460502929688,1.6302968994140628,0.023046127675112493,1.6302968994140628,0.0,0.0,0.0
PMC4652359_table_0,1,70.7406,52.85650000000001,0.9368078112602234,0.6252048645019528,0.12357185058593245,1.339899255371094,1.8309658691406412,0.00883799210781295,0.002337874255501829,0.01894102192193866,0.034640316122721726,0.6252048645019528,1.339899255371094,0.12357185058593245,1.8309658691406412,1.8309658691406412,0.034640316122721726,1.8309658691406412,0.0,0.0,0.0
PMC4652359_table_0,1,70.7406,52.92809999999997,0.9212908148765564,0.5172756347656247,1.3191555664062662,1.4338857666015628,1.5796225097656134,0.0073122879190397685,0.024923539035148944,0.020269629697819397,0.029844685710721037,0.5172756347656247,1.4338857666015628,1.3191555664062662,1.5796225097656134,1.5796225097656134,0.029844685710721037,1.5796225097656134,0.0,0.0,0.0
PMC4652359_table_0,1,70.7406,49.72090000000003,0.9457761645317078,0.6207454833984372,0.43988251953123836,1.527551843261719,0.8558495605468579,0.008774953610775666,0.008847034537412599,0.02159370776133817,0.017213074593317043,0.6207454833984372,1.527551843261719,0.43988251953123836,0.8558495605468579,1.527551843261719,0.02159370776133817,1.527551843261719,0.0,0.0,0.0
PMC4657899_table_0,1,242.7536,16.6342,0.8751437067985535,1.043153564453128,1.3607291503906254,0.13504091796875173,0.8132961547851565,0.0042971703177754235,0.08180310146509152,0.0005562880137256532,0.048893012876192216,1.043153564453128,0.13504091796875173,1.3607291503906254,0.8133961547851527,1.3607291503906254,0.08180310146509152,1.3607291503906254,0.0,0.0,0.0
PMC4657899_table_0,1,439.12780000000004,16.6342,0.9005199074745178,2.7034613281250017,1.0075110717773441,0.30550449218753783,0.6427524841308596,0.006156434022453148,0.06056865204081616,0.0006957074732857674,0.038640420587155354,2.7034613281250017,0.30550449218753783,1.0075110717773441,0.6428524841308558,2.7034613281250017,0.06056865204081616,2.7034613281250017,0.0,0.0,0.0
PMC4657899_table_0,1,242.7536,13.656799999999976,0.8599095344543457,0.09899731445312199,1.0198622558593797,0.23577817382812327,1.1840250000000196,0.00040780987162753504,0.0746779813616207,0.0009712654058606062,0.08669856774647222,0.09899731445312199,0.23577817382812327,1.0198622558593797,1.1840250000000196,1.1840250000000196,0.08669856774647222,1.1840250000000196,0.0,0.0,0.0
PMC4657899_table_0,0,242.7536,15.784199999999998,0.0,,,,,,,,,,,,,,,,,,
PMC4710813_table_3,1,113.8623,33.2508,0.9338361620903015,0.09416424560546943,0.9734712463378941,1.4202124755859415,0.8723921264648453,0.000827001084691504,0.029276626316897463,0.012473070327807725,0.02623672592734146,0.09416424560546943,1.4202124755859415,0.9734712463378941,0.8723921264648453,1.4202124755859415,0.029276626316897463,1.4202124755859415,0.0,0.0,0.0
PMC4710813_table_3,1,116.03549999999998,33.2508,0.9390186071395874,0.47146538085937095,1.2684427124023472,2.362740673828114,0.05486435546875157,0.0040631132787756425,0.03814773516433732,0.020362222542481517,0.0016500161039358925,0.47146538085937095,2.362740673828114,1.2684427124023472,0.05486435546875157,2.362740673828114,0.03814773516433732,2.362740673828114,0.0,0.0,0.0
PMC4710813_table_3,1,257.92530000000005,16.655699999999996,0.8942446112632751,1.7563389160156362,0.4701181274414097,4.399001562499961,0.9911478698730463,0.006809486762313103,0.028225660130850688,0.017055331766600488,0.05950802847511942,1.7563389160156362,4.399001562499961,0.4701181274414097,0.9911478698730463,4.399001562499961,0.05950802847511942,4.399001562499961,0.0,0.0,0.0
PMC4710813_table_3,1,94.46819999999991,33.2508,0.9291662573814392,2.2873682617187114,1.0289407592773472,0.8525236328124493,0.3370222534179703,0.024213103051806996,0.0309448422076265,0.009024450903186999,0.010135763753593006,2.2873682617187114,0.8525236328124493,1.0289407592773472,0.3370222534179703,2.2873682617187114,0.0309448422076265,2.2873682617187114,0.0,0.0,0.0
PMC4710813_table_3,1,45.99660000000006,33.2508,0.8650829195976257,3.1060945312500507,0.9900842529296909,1.870908105468743,0.2643751586914078,0.06752878541566218,0.029776253591783985,0.04067492174353628,0.00795094129137969,3.1060945312500507,1.870908105468743,0.9900842529296909,0.2643751586914078,3.1060945312500507,0.06752878541566218,3.1060945312500507,0.0,0.0,0.0
PMC4710813_table_3,0,113.8623,27.71430000000001,0.47557729482650757,0.14568103027343682,9.001172839355462,1.594635693359379,10.049586914062502,0.0012794492143004034,0.3247844195724034,0.014004948901957706,0.36261377390237165,0.14568103027343682,1.594635693359379,4.89112716064453,3.807613085937504,10.049586914062502,0.36261377390237165,4.89112716064453,0.0,1.0,1.0
PMC4710813_table_3,1,113.8623,27.22,0.8957656621932983,0.5162407226562493,1.7447391967773456,1.2281653564453165,0.9885917968749993,0.004533903870343821,0.0640976927544947,0.01078640916655747,0.03631858181024979,0.5162407226562493,1.2281653564453165,1.7447391967773456,0.9885917968749993,1.7447391967773456,0.0640976927544947,1.7447391967773456,0.0,0.0,0.0
PMC4729253_table_3,1,92.9139,38.934599999999996,0.9039422869682312,1.2134000793457034,1.5037412170410178,1.584113891601561,1.3001843261718733,0.013059403160837113,0.03862223361845294,0.017049267026801814,0.03339405891345676,1.2134000793457034,1.584113891601561,1.5037412170410178,1.3001843261718733,1.584113891601561,0.03862223361845294,1.584113891601561,0.0,0.0,0.0
PMC4729253_table_3,1,135.4301,17.267399999999995,0.820136547088623,1.2707441406249984,1.6413373474121116,2.3884808105468665,1.3710252502441378,0.009383025934596506,0.0950541104863565,0.017636262622170894,0.07939963458564336,1.2707441406249984,2.3884808105468665,1.6413373474121116,1.3710252502441378,2.3884808105468665,0.0950541104863565,2.3884808105468665,0.0,0.0,0.0
PMC4729253_table_3,1,131.48489999999998,17.267399999999995,0.8189173340797424,0.8082806152343665,1.686835241699221,1.6183940429687595,1.4807626464843722,0.006147326538898129,0.09768901176200363,0.01230859241607789,0.08575481233332016,0.8082806152343665,1.6183940429687595,1.686835241699221,1.4807626464843722,1.686835241699221,0.09768901176200363,1.686835241699221,0.0,0.0,0.0
PMC4729253_table_3,1,131.48489999999998,17.267399999999995,0.8296037316322327,0.8949138183593845,1.7135724548339866,0.6631571289062776,1.3482591369628878,0.006806209826066603,0.09923743324611621,0.005043599142610883,0.07808118981218297,0.8949138183593845,0.6631571289062776,1.7135724548339866,1.3482591369628878,1.7135724548339866,0.09923743324611621,1.7135724548339866,0.0,0.0,0.0
PMC4729253_table_3,1,112.61919999999998,17.267399999999995,0.8161037564277649,2.5345560546875276,1.7048787597656272,1.1262935546875497,1.3121492126464815,0.02250554128148245,0.09873395877582193,0.010000901752876507,0.07598997027036392,2.5345560546875276,1.1262935546875497,1.7048787597656272,1.3121492126464815,2.5345560546875276,0.09873395877582193,2.5345560546875276,0.0,0.0,0.0
PMC4786230_table_1,1,157.6029,35.1632,0.9489815831184387,0.7297360778808581,1.0930880249023431,1.1070692138671916,0.3617567749023465,0.004630219861949609,0.031086136213494306,0.007024421592922412,0.01028793667534088,0.7297360778808581,1.1070692138671916,1.0930880249023431,0.3617567749023465,1.1070692138671916,0.031086136213494306,1.1070692138671916,0.0,0.0,0.0
PMC4786230_table_1,1,254.2004,15.893100000000004,0.9077271223068237,1.1135423583984334,0.489553326416015,2.127085839843744,0.8400736755371128,0.004380568867706083,0.030802884674230632,0.008367751741711437,0.0528577606343075,1.1135423583984334,2.127085839843744,0.489553326416015,0.8400736755371128,2.127085839843744,0.0528577606343075,2.127085839843744,0.0,0.0,0.0
PMC4786230_table_1,1,236.3768,15.893100000000004,0.9171894192695618,2.683329736328119,0.615651959228515,0.4875681640625089,0.5532504028320346,0.011351916670029034,0.03873705943009953,0.002062673511370443,0.034810729362555734,2.683329736328119,0.4875681640625089,0.615651959228515,0.5532504028320346,2.683329736328119,0.03873705943009953,2.683329736328119,0.0,0.0,0.0
PMC4807062_table_3,1,39.008599999999994,37.56900000000001,0.8555505275726318,1.9121302673339855,1.8842080993652317,1.0262831176757743,1.1963683471679758,0.04901817207831057,0.05015326730456576,0.026309150230353677,0.03184456193052718,1.9121302673339855,1.0262831176757743,1.8842080993652317,1.1963683471679758,1.9121302673339855,0.05015326730456576,1.9121302673339855,0.0,0.0,0.0
PMC4807062_table_3,1,78.7996,37.56900000000001,0.8964748978614807,1.8990019287109305,1.499450103759763,1.7985775146484286,0.9148970947265695,0.02409913157821779,0.03991189820755843,0.02282470361078519,0.0243524473562397,1.8990019287109305,1.7985775146484286,1.499450103759763,0.9148970947265695,1.8990019287109305,0.03991189820755843,1.8990019287109305,0.0,0.0,0.0
PMC4807062_table_3,1,60.024,37.56900000000001,0.877051830291748,2.2169429931640536,1.829852478027341,1.7558355712890545,0.7309371337890695,0.03693427617559732,0.04870644621968486,0.029252225298031696,0.01945585812209719,2.2169429931640536,1.7558355712890545,1.829852478027341,0.7309371337890695,2.2169429931640536,0.04870644621968486,2.2169429931640536,0.0,0.0,0.0
PMC4807062_table_3,1,361.3067,16.7333,0.8645867705345154,0.9596144042968717,1.6326745910644505,1.2775176757812687,0.7618333557128878,0.002655955187924475,0.09757038904845132,0.003535826143775548,0.045527980476826914,0.9595144042968968,1.2775176757812687,1.6326745910644505,0.7618333557128878,1.6326745910644505,0.09757038904845132,1.6326745910644505,0.0,0.0,0.0
PMC4807062_table_3,1,39.008599999999994,253.62909999999997,0.8547394275665283,1.7177218505859386,15.085848937988288,1.8627775634765555,2.0385802246093476,0.044034439856491615,0.059479960848294974,0.04775299712054665,0.008037643253906384,1.7177218505859386,1.8627775634765555,5.749851062011722,2.0385802246093476,15.085848937988288,0.059479960848294974,5.749851062011722,0.0,1.0,1.0
PMC4807062_table_3,0,142.6964,37.56900000000001,0.0,,,,,,,,,,,,,,,,,,
PMC4807062_table_3,0,39.008599999999994,300.0524,0.0,,,,,,,,,,,,,,,,,,
PMC4810510_table_5,1,152.51639999999998,13.949600000000004,0.8443762063980103,0.034520458984388824,1.642863873291013,0.3533458984375102,0.7518266662597668,0.00022633932471779317,0.1177713965483607,0.0023167731367742107,0.05389593008113255,0.034520458984388824,0.3533458984375102,1.642863873291013,0.7518266662597668,1.642863873291013,0.1177713965483607,1.642863873291013,0.0,0.0,0.0
PMC4810510_table_5,1,56.628799999999956,30.5803,0.844545304775238,0.3302478515624898,2.389556530761716,3.1007055664063046,1.1053011718749985,0.005831800277641237,0.07814038877191251,0.054754922696689794,0.03614422264905833,0.3302478515624898,3.1007055664063046,2.389556530761716,1.1053011718749985,3.1007055664063046,0.07814038877191251,3.1007055664063046,0.0,0.0,0.0
PMC4810510_table_5,1,41.83420000000001,30.5803,0.887509286403656,1.7853417968749454,1.4115444458007786,0.12514814453129475,0.928222924804686,0.04267660901546928,0.04615861995470216,0.002991527136440872,0.03035362389527526,1.7853417968749454,0.12514814453129475,1.4115444458007786,0.928222924804686,1.7853417968749454,0.04615861995470216,1.7853417968749454,0.0,0.0,0.0
PMC4810510_table_5,1,71.85040000000001,141.1098,0.9622089266777039,0.4353062805175796,0.5054247680664048,1.0333607788086,2.0130748046875055,0.0060585087976904725,0.003581783604444233,0.014382115879780763,0.014266016993061471,0.4353062805175796,1.0333607788086,0.5054247680664048,2.0130748046875055,2.0130748046875055,0.014382115879780763,2.0130748046875055,0.0,0.0,0.0
PMC4810510_table_5,1,177.6152,34.8742,0.8798829317092896,3.420659362792975,0.720215112304686,2.2086575195312435,2.602807446289063,0.019258821107613396,0.020651803118198725,0.01243507041926166,0.07463418361680162,3.420659362792975,2.2086575195312435,0.720215112304686,2.602807446289063,3.420659362792975,0.07463418361680162,3.420659362792975,0.0,0.0,0.0
PMC4810510_table_5,1,177.6152,35.4119,0.8702762722969055,1.5637333984375061,2.910577221679688,0.20783354492186845,1.7440623046875032,0.008804051671464527,0.08219206599136696,0.0011701337775250568,0.04925074070263112,1.5637333984375061,0.20783354492186845,2.910577221679688,1.7440623046875032,2.910577221679688,0.08219206599136696,2.910577221679688,0.0,0.0,0.0
PMC4810510_table_5,1,177.6152,35.1994,0.8855432868003845,2.395917236328131,3.5110911132812532,1.7334072753906185,0.14718239746093786,0.01348937048365304,0.09974860688765301,0.009759340841271572,0.004181389383368406,2.395917236328131,1.7334072753906185,3.5110911132812532,0.14718239746093786,3.5110911132812532,0.09974860688765301,3.5110911132812532,0.0,0.0,0.0
PMC4810510_table_5,1,177.6152,35.624300000000005,0.6777083277702332,2.1590855712890686,1.7893027587890629,3.7843411132812435,13.74128920898437,0.01215597297578737,0.050227029269040026,0.021306403468178647,0.3857279780650951,2.1590855712890686,3.7843411132812435,1.7893027587890629,3.9647107910156194,13.74128920898437,0.3857279780650951,3.9647107910156194,0.0,1.0,1.0
PMC4810510_table_5,0,249.4656,17.70599999999999,0.4466231167316437,61.308845251464845,14.95213120117188,3.7237026855468685,0.7427477050781306,0.24576071911904826,0.8444669152361849,0.01492671809478689,0.04194892720423196,10.541554748535162,3.7237026855468685,2.7537687988281334,0.7427477050781306,61.308845251464845,0.8444669152361849,10.541554748535162,1.0,1.0,1.0
PMC4810510_table_5,1,71.85040000000001,70.7519,0.9637504816055298,0.4377209838867202,0.1764417480468694,0.7164586181640686,1.2814606445312506,0.006092116173141975,0.0024938093259243834,0.009971532770368273,0.01811203154305751,0.4377209838867202,0.7164586181640686,0.1764417480468694,1.2814606445312506,1.2814606445312506,0.01811203154305751,1.2814606445312506,0.0,0.0,0.0
PMC4810510_table_5,1,177.6152,35.33990000000003,0.9096274971961975,0.7082188720703186,1.102626245117193,1.1760952636718685,1.918167529296852,0.003987377612221919,0.031200604560771034,0.006621591303401221,0.05427767280883224,0.7082188720703186,1.1760952636718685,1.102626245117193,1.9180675292968772,1.918167529296852,0.05427767280883224,1.9180675292968772,0.0,0.0,0.0
PMC4810510_table_5,1,177.6152,35.41199999999998,0.5812487602233887,2.8344929809570374,4.473801074218727,2.5237820312499935,16.536135791015624,0.01595861717328831,0.12633573574547413,0.014209268301643067,0.466964187027438,2.8344929809570374,2.5237820312499935,4.473701074218752,1.1697642089843612,16.536135791015624,0.466964187027438,4.473701074218752,0.0,1.0,1.0
PMC4810510_table_5,0,249.4656,17.705899999999986,0.19121693074703217,76.0027539428711,8.8320037109375,1.0507900878906185,20.788579296875014,0.30466226182235584,0.49881698817555203,0.004212164273914393,1.1741046372607453,4.152353942871088,1.0507900878906185,8.8320037109375,3.0826792968750283,76.0027539428711,1.1741046372607453,8.8320037109375,1.0,1.0,1.0
PMC4810510_table_5,1,71.85040000000001,177.05940000000004,0.973852813243866,0.4086529907226577,0.4485219238281388,0.9528554077148499,0.8505631347656504,0.005687553454436686,0.0025331720531535673,0.013261657662516142,0.004803829306806926,0.4086529907226577,0.9528554077148499,0.4485219238281388,0.8505631347656504,0.9528554077148499,0.013261657662516142,0.9528554077148499,0.0,0.0,0.0
PMC4810510_table_5,1,177.6152,35.4119,0.9218719601631165,1.073674499511725,1.3399607421874862,1.6009609863281185,1.033599023437489,0.006044947163934871,0.03783927838346675,0.009013648529676056,0.02918790077452746,1.073674499511725,1.6009609863281185,1.3399607421874862,1.033599023437489,1.6009609863281185,0.03783927838346675,1.6009609863281185,0.0,0.0,0.0
PMC4810510_table_5,0,177.6152,35.4119,0.31870463490486145,0.2189839477539124,18.091614599609386,2.7400601074218685,18.334469238281258,0.0012329122043266139,0.5108908191768695,0.015426946046407451,0.5177488143330704,0.2189839477539124,2.7400601074218685,0.38571459960940047,0.6285692382812726,18.334469238281258,0.5177488143330704,2.7400601074218685,0.0,1.0,1.0
PMC4810510_table_5,1,177.6152,35.41180000000003,0.918714165687561,0.32170361328124386,1.1241794433593668,3.5871975585937435,1.1135856445312697,0.001811239202958102,0.03174589948433477,0.020196455926034168,0.03144673935047834,0.32170361328124386,3.5871975585937435,1.1241794433593668,1.1135856445312697,3.5871975585937435,0.03174589948433477,3.5871975585937435,0.0,0.0,0.0
PMC4810510_table_5,1,177.6152,35.4119,0.7980585694313049,0.24062854003906864,1.7475288574218553,2.4075100585937435,6.2295497558593524,0.001354774478980789,0.0493486330138133,0.01355463979768479,0.17591684591505544,0.24062854003906864,2.4075100585937435,1.7475288574218553,6.2295497558593524,6.2295497558593524,0.17591684591505544,6.2295497558593524,0.0,0.0,0.0
PMC4810510_table_5,0,177.6152,35.4119,0.41919925808906555,17.095601379394537,12.609310498046852,6.8309109374999935,13.89394370117185,0.0962507790965781,0.35607551410816285,0.038459044819925285,0.39235239287278706,17.095601379394537,6.8309109374999935,5.096589501953133,3.811956298828136,17.095601379394537,0.39235239287278706,17.095601379394537,0.0,1.0,1.0
PMC4810510_table_5,1,249.4656,32.193100000000015,0.6293731927871704,47.55875369873047,9.84165200195315,6.9675076171874935,0.07024394531254075,0.1906425322719063,0.30570687513638467,0.027929733066152183,0.0021819565469787224,24.291646301269537,6.9675076171874935,7.864347998046867,0.07024394531254075,47.55875369873047,0.30570687513638467,24.291646301269537,1.0,1.0,1.0
PMC4832246_table_1,1,169.5592,44.5798,0.9622430801391602,0.6000981567382837,0.5462220153808559,0.051830078124993406,0.9776812255859397,0.0035391660065527773,0.01225267980970879,0.00030567541085941316,0.021931036603707054,0.6000981567382837,0.051930078124996726,0.5462220153808559,0.9776812255859397,0.9776812255859397,0.021931036603707054,0.9776812255859397,0.0,0.0,0.0
PMC4832246_table_1,1,70.07980000000003,117.4822,0.7967306971549988,6.151457421875023,11.387313171386715,1.6655905273437384,1.3113556396484398,0.08777789636778387,0.0969279871451736,0.023767055946845417,0.011162164478094892,6.151457421875023,1.6655905273437384,3.469686828613277,1.3113556396484398,11.387313171386715,0.0969279871451736,6.151457421875023,0.0,1.0,1.0
PMC4832246_table_1,1,169.5592,29.718400000000003,0.9403752684593201,0.09985020141601808,0.014340466308595978,0.1181223144531316,1.8306369140624952,0.0005888810599248999,0.00048254503299625744,0.0006966434994570132,0.06159944391563796,0.09985020141601808,0.11802231445312827,0.014340466308595978,1.8306369140624952,1.8306369140624952,0.06159944391563796,1.8306369140624952,0.0,0.0,0.0
PMC4832246_table_1,1,169.5592,43.184,0.9458935856819153,0.9865689514160181,0.2675533935546923,0.9657938232421941,1.6911010253906227,0.005818433629175049,0.006195660280536595,0.005695909294465851,0.039160360906600196,0.9865689514160181,0.9656938232421908,0.2675533935546923,1.6911010253906227,1.6911010253906227,0.039160360906600196,1.6911010253906227,0.0,0.0,0.0
PMC4835069_table_0,1,135.0923,39.5828,0.8847054243087769,1.6574918823242157,1.6823175964355457,0.020280224609365405,2.6349410522460914,0.012269329061124993,0.04250122771596617,0.00015012124754234998,0.06656782876012034,1.6574918823242157,0.020280224609365405,1.6823175964355457,2.6349410522460914,2.6349410522460914,0.06656782876012034,2.6349410522460914,0.0,0.0,0.0
PMC4835069_table_0,1,546.7549,27.630499999999998,0.7964285016059875,1.3534990722656346,4.868735522460938,1.0898469726562325,0.6572646606445289,0.002475513383173401,0.17620873753500435,0.0019933007873477356,0.02378764990298869,1.3534990722656346,1.0898469726562325,4.868735522460938,0.6572646606445289,4.868735522460938,0.17620873753500435,4.868735522460938,0.0,0.0,0.0
PMC4860226_table_0,1,102.52289999999999,44.235299999999995,0.940306544303894,0.0015183532714857506,0.5932627319335921,4.412849902343737,0.1757820800781218,1.4809893901613695e-05,0.01341152274164733,0.043042577827429165,0.0039737964946122625,0.0015183532714857506,4.412849902343737,0.5932627319335921,0.1757820800781218,4.412849902343737,0.043042577827429165,4.412849902343737,0.0,0.0,0.0
PMC4860226_table_0,1,165.28160000000003,15.344899999999996,0.8604767918586731,3.6486439697265496,0.8970881103515609,2.101143359374987,0.9112655639648466,0.022075318545600655,0.05846164591177271,0.012712506167504349,0.059385565495040496,3.6486439697265496,2.101143359374987,0.8970881103515609,0.9112655639648466,3.6486439697265496,0.059385565495040496,3.6486439697265496,0.0,0.0,0.0
PMC4860226_table_0,1,178.08229999999998,15.344899999999996,0.8688077330589294,2.720589160156237,0.7369318603515609,2.784163183593762,0.983313751220706,0.015277145230919846,0.048024546289096776,0.015634137607127504,0.06408081846220609,2.720589160156237,2.784163183593762,0.7369318603515609,0.983313751220706,2.784163183593762,0.06408081846220609,2.784163183593762,0.0,0.0,0.0
PMC4860226_table_0,1,169.5188,15.344899999999996,0.8846892714500427,3.453932470703137,0.6164560913085921,2.068280664062513,0.7908126831054716,0.02037492284456436,0.040173353446981884,0.012200892550339626,0.0515358642353793,3.453932470703137,2.068280664062513,0.6164560913085921,0.7908126831054716,3.453932470703137,0.0515358642353793,3.453932470703137,0.0,0.0,0.0
PMC4867558_table_3,1,290.404,15.999600000000001,0.8837645649909973,0.801842126464841,1.0544343627929678,2.305411230468735,0.7738982543945312,0.0027611263152878093,0.06590379526944222,0.007938634558989322,0.048369850145911844,0.801842126464841,2.305411230468735,1.0544343627929678,0.7738982543945312,2.305411230468735,0.06590379526944222,2.305411230468735,0.0,0.0,0.0
PMC4873252_table_1,1,75.72980000000001,111.9052,0.9270318150520325,2.0103332763671844,0.015401831054688842,2.210195532226564,2.25261782226562,0.026546132121928013,0.00013763284507501745,0.029185281517006032,0.020129697478451582,2.0103332763671844,2.210195532226564,0.015401831054688842,2.25261782226562,2.25261782226562,0.029185281517006032,2.25261782226562,0.0,0.0,0.0
PMC4873252_table_1,1,75.72980000000001,108.62439999999998,0.9305076599121094,2.1854698425292938,0.5210809570312449,1.769773474121095,1.716091308593775,0.02885878270547781,0.004797089392726174,0.02336957808050589,0.01579839620374221,2.1854698425292938,1.769773474121095,0.5210809570312449,1.716091308593775,2.1854698425292938,0.02885878270547781,2.1854698425292938,0.0,0.0,0.0
PMC4913737_table_2,1,242.65799999999996,19.1935,0.9457021951675415,1.3857684326171835,0.06549233398437337,1.2845148925781018,0.7747094787597675,0.005710788157065432,0.0034122142383813986,0.0052935196555568,0.040363116615508766,1.3857684326171835,1.2845148925781018,0.06549233398437337,0.7747094787597675,1.3857684326171835,0.040363116615508766,1.3857684326171835,0.0,0.0,0.0
PMC4913737_table_2,1,236.9667,19.1935,0.9519996643066406,2.574707519531273,0.031797705078126626,1.4131833007812702,0.5833070434570331,0.010865271447554755,0.0016566913318637364,0.005963636666169846,0.03039086375372043,2.574707519531273,1.4131833007812702,0.031797705078126626,0.5833070434570331,2.574707519531273,0.03039086375372043,2.574707519531273,0.0,0.0,0.0
PMC4928964_table_2,1,508.05229999999995,14.135199999999998,0.9468469619750977,1.0268307128906144,0.5504149597167967,0.48424003906245616,0.20092449951172142,0.0020211122218925385,0.03893931176897368,0.0009531302959605856,0.014214478713546428,1.0268307128906144,0.48424003906245616,0.5504149597167967,0.20092449951172142,1.0268307128906144,0.03893931176897368,1.0268307128906144,0.0,0.0,0.0
PMC4928964_table_2,0,94.62610000000001,29.5976,0.0004463396908249706,93.69873759765625,33.38063698730468,144.76135830078124,25.63274748535156,0.9901997186574977,1.1278156670576223,1.5298248400893752,0.8660414184039097,0.9273624023437606,1.0075416992187343,0.8830369873046848,3.964952514648431,144.76135830078124,1.5298248400893752,3.964952514648431,1.0,1.0,1.0
PMC4939065_table_0,1,63.2145,57.6343,0.8975593447685242,0.5441916198730468,0.7747301086425793,0.00788323974609284,4.788413195800786,0.008608651810471438,0.013442170871210014,0.00012470619471945267,0.08308269894491276,0.5441916198730468,0.00788323974609284,0.7747301086425793,4.788313195800782,4.788413195800786,0.08308269894491276,4.788313195800782,0.0,0.0,0.0
PMC4939065_table_0,1,57.93939999999998,57.6343,0.8603103160858154,3.7217817382812655,0.044659234619139454,1.3996913085937877,3.3989783813476606,0.06423576596031831,0.0007748725085433405,0.02415784955649848,0.05897492259553184,3.7217817382812655,1.3996913085937877,0.044659234619139454,3.3988783813476573,3.7217817382812655,0.06423576596031831,3.7217817382812655,0.0,0.0,0.0
PMC4939065_table_0,1,63.2145,58.172,0.8985493779182434,0.07096697998046864,3.539305834960942,0.05425817871093841,2.6167776367187514,0.001122637685664976,0.06084208614042739,0.0008583185615790429,0.044983456589403004,0.07096697998046864,0.05425817871093841,3.5392058349609385,2.616677636718748,3.539305834960942,0.06084208614042739,3.5392058349609385,0.0,0.0,0.0
PMC4939065_table_0,1,57.93939999999998,58.172,0.8165314793586731,2.1310834960937655,5.282736926269536,0.28152207031246235,4.295397021484376,0.036781248961738754,0.09081236550693694,0.004858905517013681,0.07383959673871238,2.1310834960937655,0.28152207031246235,5.282636926269532,4.295297021484373,5.282736926269536,0.09081236550693694,5.282636926269532,0.0,0.0,0.0
PMC4939065_table_0,1,63.2145,58.135999999999996,0.9298830628395081,0.010454437255859261,2.696932055664064,0.11195166015625091,1.4634252197265596,0.00016538036772986042,0.046390051872575756,0.0017709807110117284,0.02517244426390807,0.010454437255859261,0.11195166015625091,2.6968320556640606,1.4634252197265596,2.696932055664064,0.046390051872575756,2.6968320556640606,0.0,0.0,0.0
PMC4939065_table_0,1,63.2145,58.20780000000002,0.9228654503822327,0.023431518554687614,3.0413060791015596,0.42023260498046966,1.3034426269531423,0.0003706668336329104,0.05224911573881093,0.006647724888759219,0.022392920312280174,0.023431518554687614,0.42023260498046966,3.0413060791015596,1.3034426269531423,3.0413060791015596,0.05224911573881093,3.0413060791015596,0.0,0.0,0.0
PMC4939065_table_0,1,57.93939999999998,58.20780000000002,0.8194171786308289,2.7992963867187655,3.6101842529296846,1.9906947265625377,3.4035708007812673,0.04831421082577256,0.06202234499379264,0.034358221289183845,0.058472761395917144,2.7992963867187655,1.9906947265625377,3.6101842529296846,3.4035708007812673,3.6101842529296846,0.06202234499379264,3.6101842529296846,0.0,0.0,0.0
PMC4939065_table_0,1,63.2145,54.91739999999999,0.9102743864059448,0.146433135986328,3.6376101074218923,0.8693521728515634,0.8702523437499963,0.0023164485361163657,0.06623784278610956,0.013752417132961004,0.015846568551133092,0.146433135986328,0.8693521728515634,3.6376101074218923,0.8702523437499963,3.6376101074218923,0.06623784278610956,3.6376101074218923,0.0,0.0,0.0
PMC4939065_table_0,1,57.93939999999998,54.91739999999999,0.9216081500053406,1.8340864257812655,1.1371523437500173,1.6097743164062877,0.12352207031250373,0.0316552540375162,0.020706594699494468,0.027783758830886896,0.002249233764025678,1.8340864257812655,1.6097743164062877,1.1371523437500173,0.12352207031250373,1.8340864257812655,0.0316552540375162,1.8340864257812655,0.0,0.0,0.0
PMC4939065_table_0,0,57.93939999999998,58.135999999999996,0.0,,,,,,,,,,,,,,,,,,
PMC4961722_table_0,1,138.44269999999997,48.830000000000005,0.9139382839202881,0.8517097900390525,0.5748762634277327,2.5382405761718587,2.797558276367184,0.0061520743964040905,0.01177301379127038,0.018334231968690724,0.0572917934951297,0.8517097900390525,2.5382405761718587,0.5748762634277327,2.797558276367184,2.797558276367184,0.0572917934951297,2.797558276367184,0.0,0.0,0.0
PMC4961722_table_0,1,83.8141,76.59120000000001,0.8906422257423401,0.3511373046874837,0.28140501708984544,0.37010205078127,7.567569335937506,0.0041894777213796214,0.0036741168318272254,0.004415749268694289,0.09880468429711906,0.3511373046874837,0.37010205078127,0.28140501708984544,7.567569335937506,7.567569335937506,0.09880468429711906,7.567569335937506,0.0,0.0,0.0
PMC4961722_table_0,1,83.25580000000002,76.59120000000001,0.8372094631195068,0.50468457031252,0.31816343994140794,5.347700488281248,8.068988403320319,0.0060618547934500645,0.004154046939353449,0.06423216746798717,0.10535137722506394,0.50468457031252,5.347700488281248,0.31816343994140794,8.068988403320319,8.068988403320319,0.10535137722506394,8.068988403320319,0.0,0.0,0.0
PMC4961722_table_0,1,116.26710000000003,98.57849999999999,0.9363895654678345,2.146379101562502,0.3331045654296858,0.19217275390622035,4.174391430664059,0.018460760624136163,0.0033790792660639574,0.001652855828572488,0.0423458607167289,2.146379101562502,0.19227275390619525,0.3331045654296858,4.174391430664059,4.174391430664059,0.0423458607167289,4.174391430664059,0.0,0.0,0.0
PMC4961722_table_0,1,83.86509999999998,98.57849999999999,0.9262737035751343,1.8235204101562204,0.17068238525390456,0.5831762695312364,4.4593187988281215,0.021743495329478182,0.0017314362183833653,0.006953742015823465,0.04523622086791868,1.8236204101561952,0.5831762695312364,0.17068238525390456,4.4593187988281215,4.4593187988281215,0.04523622086791868,4.4593187988281215,0.0,0.0,0.0
PMC4961722_table_0,0,67.7115,27.761200000000002,0.4020150899887085,1.491719775390635,1.1154132202148475,28.072421435546886,18.72658959960937,0.02203052325514329,0.04017885466820049,0.4145886804390227,0.6745598028762938,1.491719775390635,0.02082143554687832,1.1154132202148475,3.2607104003906215,28.072421435546886,0.6745598028762938,3.2607104003906215,1.0,1.0,1.0
PMC4961722_table_0,1,70.73119999999997,27.761200000000002,0.7803515195846558,9.101138476562511,3.4920916870117225,0.4215413574218587,0.09547003173828728,0.12867219100711588,0.12579037242668625,0.005959765385315941,0.003438973521976257,9.101138476562511,0.4215413574218587,3.4920916870117225,0.09547003173828728,9.101138476562511,0.12867219100711588,9.101138476562511,0.0,0.0,0.0
PMC4961722_table_0,1,109.30980000000001,98.57849999999999,0.986544668674469,0.20036629638671855,0.08920426635742018,0.963094287109385,0.19476445312500346,0.0018330131094075601,0.0009049059009562956,0.008810685657730459,0.0019757295264687886,0.20036629638671855,0.963094287109385,0.08920426635742018,0.19476445312500346,0.963094287109385,0.008810685657730459,0.963094287109385,0.0,0.0,0.0
PMC4969667_table_1,1,56.7333,30.831399999999995,0.9781376123428345,0.2688437744140657,0.2620589721679707,0.4330596069335968,0.03741201171874309,0.0047387297127800725,0.008499742865000316,0.007633252550681818,0.0012134386281110522,0.2688437744140657,0.4330596069335968,0.2620589721679707,0.03731201171875398,0.4330596069335968,0.008499742865000316,0.4330596069335968,0.0,0.0,0.0
PMC4969667_table_1,1,75.71459999999999,30.831399999999995,0.9771007299423218,0.6653594116210968,0.2377822387695332,0.3936383056640693,0.05060068359375691,0.008787729336496486,0.007712339977086128,0.005198974909252236,0.0016412061597513223,0.6653594116210968,0.3936383056640693,0.2377822387695332,0.05070068359374602,0.6653594116210968,0.008787729336496486,0.6653594116210968,0.0,0.0,0.0
PMC4969667_table_1,1,98.60000000000002,15.0522,0.9375708103179932,0.5194018554687432,0.6988112915039082,1.156324462890609,0.012768823242190308,0.005267767296843236,0.04642585744966903,0.0117274286297222,0.0008483027891065963,0.5194018554687432,1.156324462890609,0.6988112915039082,0.012768823242190308,1.156324462890609,0.04642585744966903,1.156324462890609,0.0,0.0,0.0
PMC4969667_table_1,1,64.67849999999999,30.831399999999995,0.8833304047584534,1.593610839843734,0.7942206848144551,3.3078415527343736,0.7784296630859444,0.02463895792023214,0.025760123926077155,0.0511428303491017,0.02524795056617424,1.593610839843734,3.3078415527343736,0.7942206848144551,0.7785296630859335,3.3078415527343736,0.0511428303491017,3.3078415527343736,0.0,0.0,0.0
PMC4969667_table_1,1,56.7333,35.67530000000001,0.9448341131210327,0.22348320922851883,0.5038884521484306,0.25893393554687805,1.2066542724609377,0.003939189316125077,0.014124294740294559,0.0045640555995663575,0.033823241078867944,0.22348320922851883,0.25893393554687805,0.5037884521484415,1.2066542724609377,1.2066542724609377,0.033823241078867944,1.2066542724609377,0.0,0.0,0.0
PMC4969667_table_1,1,56.7333,35.41189999999999,0.9286489486694336,0.2315512939453157,1.067013464355469,0.5151061157226593,1.1742466308593862,0.004081400058613119,0.030131494338215947,0.00907943158114651,0.033159661889347554,0.2315512939453157,0.5151061157226593,1.067013464355469,1.1742466308593862,1.1742466308593862,0.033159661889347554,1.1742466308593862,0.0,0.0,0.0
PMC4977681_table_0,1,355.3167,30.5803,0.5910910964012146,1.6667183593749968,1.684825543212888,129.22252192382814,0.966644555664061,0.00469079657492878,0.0550951280142081,0.3636826581014293,0.03161004161712151,1.6667183593749968,8.441178076171866,1.684825543212888,0.966644555664061,129.22252192382814,0.3636826581014293,8.441178076171866,1.0,0.0,1.0
PMC4977681_table_0,1,139.49299999999994,13.949600000000004,0.7807999849319458,3.6415893066406397,1.7314487731933568,2.145043261718797,1.2380250915527355,0.026105892816418324,0.12412175067337819,0.01537742583297225,0.08874986318982159,3.6415893066406397,2.145043261718797,1.7314487731933568,1.2380250915527355,3.6415893066406397,0.12412175067337819,3.6415893066406397,0.0,0.0,0.0
PMC4977681_table_0,1,114.4873,30.5803,0.9164103865623474,1.5390251953125471,1.3400608337402318,0.8816812500000424,0.7231371704101548,0.013442759112255656,0.04382104929448801,0.00770112711191584,0.023647157497151915,1.5390251953125471,0.8816812500000424,1.3400608337402318,0.7231371704101548,1.5390251953125471,0.04382104929448801,1.5390251953125471,0.0,0.0,0.0
PMC4977681_table_0,1,355.3167,17.168300000000002,0.7291790246963501,0.47666085205078446,3.16896846923828,30.059954785156265,1.1613270019531257,0.001341509847555109,0.18458254278165453,0.0846004558332222,0.06764368061794852,0.47666085205078446,9.849745214843722,3.16896846923828,1.1613270019531257,30.059954785156265,0.18458254278165453,9.849745214843722,1.0,0.0,1.0
PMC4977681_table_0,1,355.3167,17.179900000000004,0.7379674315452576,1.4919289306640593,3.193164465332032,4.500933789062515,1.9277443359375042,0.004198870840194281,0.18586630104552596,0.012667385994135695,0.11220928736124795,1.4919289306640593,4.500933789062515,3.193164465332032,1.9277443359375042,4.500933789062515,0.18586630104552596,4.500933789062515,0.0,0.0,0.0
PMC4977681_table_0,0,315.40700000000004,18.2825,0.46609219908714294,2.2716873840332,6.262113146972652,13.937452734374972,6.548109851074216,0.007202400022932908,0.34251952123465895,0.044188786978015614,0.35816271577050274,2.2716873840332,13.937452734374972,6.262113146972652,6.548109851074216,13.937452734374972,0.35816271577050274,13.937452734374972,0.0,0.0,0.0
PMC4977681_table_0,0,315.40700000000004,17.12939999999999,0.0,1.0499428466796843,38.860947766113284,6.989332617187472,37.58968248291015,0.003328850807622165,2.2686695252672777,0.02215972574225515,2.194454124657616,1.0499428466796843,6.989332617187472,3.398547766113282,2.1777824829101604,38.860947766113284,2.2686695252672777,6.989332617187472,0.0,1.0,1.0
PMC4977681_table_0,1,315.40700000000004,18.2825,0.9297489523887634,1.5318175598144563,0.6878520019531322,8.481642187499972,0.07951127929686663,0.004856637803899267,0.03762351986616339,0.026891103201577553,0.004349037565807009,1.5318175598144563,8.481642187499972,0.6878520019531322,0.07951127929686663,8.481642187499972,0.03762351986616339,8.481642187499972,0.0,0.0,0.0
PMC4977681_table_0,1,217.65300000000002,50.726999999999975,0.9744179248809814,0.08733450927734054,0.8910571777343534,0.829787500000009,0.202661914062503,0.0004012557110508035,0.01756573772812021,0.003812433093042636,0.00399514881744442,0.08733450927734054,0.829787500000009,0.8910571777343534,0.202661914062503,0.8910571777343534,0.01756573772812021,0.8910571777343534,0.0,0.0,0.0
PMC4977681_table_0,0,217.65300000000002,52.94540000000001,0.0,,,,,,,,,,,,,,,,,,
PMC4977681_table_0,0,315.40700000000004,17.353800000000007,0.0,,,,,,,,,,,,,,,,,,
PMC4977681_table_0,0,315.40700000000004,17.67009999999999,0.0,,,,,,,,,,,,,,,,,,
PMC4977681_table_0,0,315.40700000000004,17.669999999999987,0.0,,,,,,,,,,,,,,,,,,
PMC4977681_table_0,0,315.40700000000004,17.705900000000042,0.0,,,,,,,,,,,,,,,,,,
PMC4977681_table_0,0,315.40700000000004,18.231899999999996,0.0,,,,,,,,,,,,,,,,,,
PMC5007685_table_4,0,81.29660000000001,35.4119,0.0,,,,,,,,,,,,,,,,,,
PMC5007685_table_4,0,55.283500000000004,35.4119,0.0,,,,,,,,,,,,,,,,,,
PMC5007685_table_4,0,81.29660000000001,35.41189999999999,0.0,,,,,,,,,,,,,,,,,,
PMC5007685_table_4,0,145.34660000000002,35.41189999999999,0.0,,,,,,,,,,,,,,,,,,
PMC5007685_table_4,0,55.283500000000004,35.41189999999999,0.0,,,,,,,,,,,,,,,,,,
PMC5007685_table_4,0,81.29660000000001,35.4118,0.0,,,,,,,,,,,,,,,,,,
PMC5007685_table_4,0,55.283500000000004,35.4118,0.0,,,,,,,,,,,,,,,,,,
PMC5007685_table_4,0,81.29660000000001,35.339999999999975,0.0,,,,,,,,,,,,,,,,,,
PMC5007685_table_4,0,55.283500000000004,35.339999999999975,0.0,,,,,,,,,,,,,,,,,,
PMC5007685_table_4,0,81.29660000000001,35.41180000000003,0.0,,,,,,,,,,,,,,,,,,
PMC5007685_table_4,0,55.283500000000004,35.41180000000003,0.0,,,,,,,,,,,,,,,,,,
PMC5007685_table_4,0,81.29660000000001,35.41180000000003,0.0,,,,,,,,,,,,,,,,,,
PMC5007685_table_4,0,55.283500000000004,35.41180000000003,0.0,,,,,,,,,,,,,,,,,,
PMC5007685_table_4,0,81.29660000000001,35.41179999999997,0.0,,,,,,,,,,,,,,,,,,
PMC5007685_table_4,0,55.283500000000004,35.41179999999997,0.0,,,,,,,,,,,,,,,,,,
PMC5007685_table_4,0,81.29660000000001,35.4119,0.0,,,,,,,,,,,,,,,,,,
PMC5007685_table_4,0,145.34660000000002,35.4119,0.0,,,,,,,,,,,,,,,,,,
PMC5007685_table_4,0,55.283500000000004,35.4119,0.0,,,,,,,,,,,,,,,,,,
PMC5007685_table_4,0,81.29660000000001,35.411899999999946,0.0,,,,,,,,,,,,,,,,,,
PMC5007685_table_4,0,145.34660000000002,35.411899999999946,0.0,,,,,,,,,,,,,,,,,,
PMC5007685_table_4,0,55.283500000000004,35.411899999999946,0.0,,,,,,,,,,,,,,,,,,
PMC5007685_table_4,0,81.29660000000001,35.552400000000034,0.0,,,,,,,,,,,,,,,,,,
PMC5007685_table_4,0,145.34660000000002,35.552400000000034,0.0,,,,,,,,,,,,,,,,,,
PMC5007685_table_4,0,55.283500000000004,35.552400000000034,0.0,,,,,,,,,,,,,,,,,,
PMC5007685_table_4,0,81.29660000000001,36.23039999999992,0.0,,,,,,,,,,,,,,,,,,
PMC5007685_table_4,0,81.29660000000001,35.411800000000085,0.0,,,,,,,,,,,,,,,,,,
PMC5007685_table_4,0,145.34660000000002,35.411800000000085,0.0,,,,,,,,,,,,,,,,,,
PMC5007685_table_4,0,55.283500000000004,35.411800000000085,0.0,,,,,,,,,,,,,,,,,,
PMC5007685_table_4,0,81.29660000000001,36.26400000000001,0.0,,,,,,,,,,,,,,,,,,
PMC5007685_table_4,0,145.34660000000002,36.26400000000001,0.0,,,,,,,,,,,,,,,,,,
PMC5007685_table_4,0,55.283500000000004,36.26400000000001,0.0,,,,,,,,,,,,,,,,,,
PMC5007685_table_4,0,81.29660000000001,32.19309999999996,0.0,,,,,,,,,,,,,,,,,,
PMC5009308_table_0,1,168.08329999999998,13.622200000000007,0.9224899411201477,0.22970338134766166,0.7935295166015592,0.34230820312501464,0.2794570861816439,0.0013666044238045164,0.05825266965699805,0.002036539044182347,0.0205148277210468,0.22970338134766166,0.34230820312501464,0.7935295166015592,0.2794570861816439,0.7935295166015592,0.05825266965699805,0.7935295166015592,0.0,0.0,0.0
PMC5009308_table_0,1,76.7577,28.6402,0.9398574829101562,0.12969223632813964,0.6379394592285124,2.664259082031265,0.12403262939453441,0.001689631611266878,0.02227426691253945,0.03470999107622121,0.004330717990605317,0.12969223632813964,2.664259082031265,0.6379394592285124,0.12403262939453441,2.664259082031265,0.03470999107622121,2.664259082031265,0.0,0.0,0.0
PMC5068414_table_0,1,80.8172,48.617999999999995,0.9427535533905029,0.4061643371582022,1.3282267333984379,1.0182284057617181,0.7117601806640579,0.0050257165202234454,0.02731964978811218,0.012599154706692612,0.014639849040767986,0.4061643371582022,1.0182284057617181,1.3282267333984379,0.7117601806640579,1.3282267333984379,0.02731964978811218,1.3282267333984379,0.0,0.0,0.0
PMC5068414_table_0,1,80.8172,51.32260000000001,0.9447535872459412,0.7302152404785147,0.8095105712890671,0.7182558715820306,1.2125117675781212,0.009035393956713605,0.01577298444133904,0.008887413466217967,0.023625298943898417,0.7302152404785147,0.7182558715820306,0.8095105712890671,1.2125117675781212,1.2125117675781212,0.023625298943898417,1.2125117675781212,0.0,0.0,0.0
PMC5068414_table_0,1,80.8172,82.267,0.9738075137138367,0.7807180175781241,0.3947880371093788,0.31818568115234314,0.6841287109375003,0.009660295303204319,0.004798862692323518,0.003937103502130031,0.00831595549779985,0.7807180175781241,0.31818568115234314,0.3947880371093788,0.6841287109375003,0.7807180175781241,0.009660295303204319,0.7807180175781241,0.0,0.0,0.0
PMC5068414_table_0,1,80.8172,51.32330000000002,0.9567281007766724,0.7594815979003897,1.3958291503906253,0.2620714843749994,0.2035023437500172,0.009397524263404197,0.02719679269241504,0.003242768672695904,0.003965106369816771,0.7594815979003897,0.2620714843749994,1.3958291503906253,0.2035023437500172,1.3958291503906253,0.02719679269241504,1.3958291503906253,0.0,0.0,0.0
PMC5068414_table_0,1,80.8172,49.66289999999998,0.9443790316581726,0.18727700805663972,0.8981434570312672,0.24282252197265564,1.7539589843750036,0.002317291468358712,0.01808479684092688,0.0030045896414705735,0.0353172888489195,0.18727700805663972,0.24282252197265564,0.8981434570312672,1.7539589843750036,1.7539589843750036,0.0353172888489195,1.7539589843750036,0.0,0.0,0.0
PMC5073815_table_0,1,105.12540000000001,30.58030000000001,0.9230802059173584,0.29420876464843815,1.0017902404785133,0.9852679443359307,1.0848711547851622,0.002798645851986657,0.03275933331192019,0.009372311014616169,0.03547614492942064,0.29420876464843815,0.9852679443359307,1.0017902404785133,1.0848711547851622,1.0848711547851622,0.03547614492942064,1.0848711547851622,0.0,0.0,0.0
PMC5073815_table_0,1,190.6164,13.949600000000004,0.8737910985946655,1.5098492431640693,0.7122051269531227,4.4943714843749945,0.7554979064941421,0.007920877968338869,0.051055594924092625,0.023578094457638452,0.054159108970446596,1.5098492431640693,4.4943714843749945,0.7122051269531227,0.7554979064941421,4.4943714843749945,0.054159108970446596,4.4943714843749945,0.0,0.0,0.0
PMC5085225_table_2,1,108.74669999999999,39.332600000000006,0.9343881011009216,0.7018558837890652,1.053803991699219,0.7879553466796949,1.0930308837890692,0.006454043054079482,0.026792126421828683,0.0072457862783854125,0.02778943888248092,0.7018558837890652,0.7879553466796949,1.053803991699219,1.0930308837890692,1.0930308837890692,0.02778943888248092,1.0930308837890692,0.0,0.0,0.0
PMC5085225_table_2,1,232.9199,17.58,0.9221250414848328,1.1681280761718824,0.901795935058594,2.724454882812495,0.25821271362304543,0.005015149311724255,0.05129669710230911,0.011696960555162932,0.014687867669115213,1.1681280761718824,2.724454882812495,0.901795935058594,0.25821271362304543,2.724454882812495,0.05129669710230911,2.724454882812495,0.0,0.0,0.0
PMC5085225_table_2,1,238.69149999999996,17.58,0.9294208884239197,5.866117480468745,0.6645675415039065,1.8250691406250326,0.0838321166992202,0.02457614737210477,0.03780247676358968,0.007646142156821809,0.004768607320774756,5.866117480468745,1.8250691406250326,0.6645675415039065,0.0838321166992202,5.866117480468745,0.03780247676358968,5.866117480468745,0.0,0.0,0.0
PMC5091897_table_0,1,194.61880000000002,37.2024,0.9398204684257507,2.419136010742193,0.9805454101562532,2.315732128906234,0.4676969848632808,0.012430124996876934,0.026357047130191956,0.011898810027120883,0.012571688516420468,2.419136010742193,2.3158321289062656,0.9805454101562532,0.4676969848632808,2.419136010742193,0.026357047130191956,2.419136010742193,0.0,0.0,0.0
PMC5091897_table_0,1,190.22789999999998,37.2024,0.9120951890945435,1.2762118652343588,1.476387390136722,6.501645410156243,0.5231169067382808,0.006708857455895581,0.039685272728015454,0.034178190529129765,0.01406137525370086,1.2763118652343906,6.501645410156243,1.476387390136722,0.5231169067382808,6.501645410156243,0.039685272728015454,6.501645410156243,0.0,0.0,0.0
PMC5091897_table_0,1,95.31690000000003,37.2024,0.9135524034500122,3.896853125000007,1.5901798095703157,0.7221650390624745,0.03768905029296832,0.04088312906735328,0.042744011396316256,0.0075764637652134545,0.001013081153177438,3.896853125000007,0.7221650390624745,1.5901798095703157,0.03768905029296832,3.896853125000007,0.042744011396316256,3.896853125000007,0.0,0.0,0.0
PMC5091897_table_0,1,52.53470000000004,65.6401,0.8056288361549377,3.8101208496093477,5.093811193847657,2.475857861328109,2.035765014648433,0.0725257943722786,0.07760212421747767,0.04712804796311974,0.031014044991528548,3.8101208496093477,2.4759578613281406,5.093811193847657,2.035765014648433,5.093811193847657,0.07760212421747767,5.093811193847657,0.0,0.0,0.0
PMC5091897_table_0,1,74.9581,65.6401,0.8174394369125366,1.7170437500000162,3.0331346191406254,0.4900546386718929,9.394422851562496,0.02290671388415683,0.046208561826393095,0.006537714251987349,0.14312017884741943,1.7169437499999844,0.4900546386718929,3.0331346191406254,6.711377148437492,9.394422851562496,0.14312017884741943,6.711377148437492,0.0,1.0,1.0
PMC5091897_table_0,1,64.77550000000002,65.6401,0.7641162276268005,3.032314746093732,0.6661909423828121,7.79612138671871,7.070753417968746,0.04681267988813256,0.010149145756676362,0.12035602020391517,0.10772002812257668,3.032314746093732,7.79612138671871,0.6661909423828121,7.070753417968746,7.79612138671871,0.12035602020391517,7.79612138671871,0.0,0.0,0.0
PMC5091897_table_0,1,50.49429999999995,65.6401,0.707321047782898,6.48636796874996,5.515266577148438,1.449160253906257,6.972306884765629,0.12845742922963516,0.0840228241143514,0.02869948199908224,0.10622023556889201,6.48636796874996,1.449160253906257,5.515266577148438,6.972306884765629,6.972306884765629,0.12845742922963516,6.972306884765629,0.0,0.0,0.0
PMC5091897_table_0,1,47.24879999999996,65.6401,0.7438660860061646,5.129152929687507,1.1313096679687504,5.699139550781297,3.9128249511718707,0.1085562581417414,0.01723503876393775,0.12061977342877071,0.059610283213643346,5.129152929687507,5.699039550781208,1.1313096679687504,3.9128249511718707,5.699139550781297,0.12061977342877071,5.699039550781208,0.0,0.0,0.0
PMC5091897_table_0,1,48.06810000000007,65.6401,0.8087641596794128,2.3279847656250467,3.274734655761719,1.5584077148437245,6.341261230468746,0.048430971176831275,0.04988923928759583,0.03242083033953333,0.0966065138607154,2.327884765624958,1.5584077148437245,3.274734655761719,6.341261230468746,6.341261230468746,0.0966065138607154,6.341261230468746,0.0,0.0,0.0
PMC5091897_table_0,0,77.30610000000001,65.6401,0.0,,,,,,,,,,,,,,,,,,
PMC5091897_table_0,0,64.77799999999996,65.6401,0.0,,,,,,,,,,,,,,,,,,
PMC5100194_table_5,1,40.477199999999996,87.99199999999999,0.9216840267181396,0.1454407958984376,4.2512709106445286,0.5465214355468788,1.5476456054687446,0.003593153575307522,0.04831428891995328,0.013501957535276127,0.017588480833129656,0.1454407958984376,0.5465214355468788,4.2512709106445286,1.5476456054687446,4.2512709106445286,0.04831428891995328,4.2512709106445286,0.0,0.0,0.0
PMC5100194_table_5,1,40.477199999999996,141.57569999999998,0.9409452676773071,0.40733554077148426,5.853874243164057,0.07510114746094132,1.212701074218728,0.0100633329571088,0.041348015536310664,0.0018553938380357665,0.008565743091637395,0.40733554077148426,0.07510114746094132,5.853874243164057,1.212701074218728,5.853874243164057,0.041348015536310664,5.853874243164057,0.0,0.0,0.0
PMC5100194_table_5,1,40.477199999999996,106.23560000000003,0.9563689827919006,0.2248900146484374,0.17299770507810308,1.01424146728516,1.3951699707031366,0.005555967671885343,0.0016284343956084685,0.02505710541453362,0.01313279136845969,0.2248900146484374,1.01424146728516,0.17299770507810308,1.3951699707031366,1.3951699707031366,0.02505710541453362,1.3951699707031366,0.0,0.0,0.0
PMC5100194_table_5,1,40.477199999999996,70.8238,0.9152076840400696,0.03636715698242199,4.412076708984387,1.103139172363285,0.03273901367185772,0.0008984602932619349,0.06229652615341716,0.027253346880794255,0.00046226005483831307,0.03636715698242199,1.103139172363285,4.412076708984387,0.03273901367185772,4.412076708984387,0.06229652615341716,4.412076708984387,0.0,0.0,0.0
PMC5100194_table_5,1,40.477199999999996,58.13599999999997,0.9161720871925354,0.5439622192382814,2.2179934082031423,1.171010266113285,0.5242109375000155,0.013438731415174009,0.038151806250914126,0.02893012031744501,0.009016976357162787,0.5439622192382814,1.171010266113285,2.2179934082031423,0.5242109375000155,2.2179934082031423,0.038151806250914126,2.2179934082031423,0.0,0.0,0.0
PMC5117546_table_1,1,102.938,13.949599999999997,0.8063464164733887,1.8036948486328157,1.4142603271484404,1.705653588867193,1.1675254882812496,0.017522147784421842,0.10138357566872461,0.016569717585995385,0.08369598327416197,1.8036948486328157,1.705653588867193,1.4142603271484404,1.1675254882812496,1.8036948486328157,0.10138357566872461,1.8036948486328157,0.0,0.0,0.0
PMC5117546_table_1,1,38.621999999999986,41.97829999999999,0.9137741923332214,0.2843889404296931,1.1027483337402373,0.47950905761717877,1.8487981201171806,0.007363392378170297,0.02626948527549323,0.012415438289502846,0.044041757768113074,0.2843889404296931,0.47950905761717877,1.1027483337402373,1.8487981201171806,1.8487981201171806,0.044041757768113074,1.8487981201171806,0.0,0.0,0.0
PMC5117546_table_1,1,105.4375,13.949599999999997,0.8237186074256897,0.19383078613282123,1.504809796142581,1.0315840820312587,1.0823127807617183,0.0018383477048756014,0.10787476315755157,0.00978384428719629,0.07758737030178059,0.19383078613282123,1.0315840820312587,1.504809796142581,1.0823127807617183,1.504809796142581,0.10787476315755157,1.504809796142581,0.0,0.0,0.0
PMC5117546_table_1,1,48.74340000000001,41.97829999999999,0.8869958519935608,1.3954451660156337,1.078887402343753,1.2221745605468755,1.743466699218743,0.028628392069811163,0.025701074182226367,0.025073641981209257,0.04153257038085734,1.3954451660156337,1.2221745605468755,1.078887402343753,1.743466699218743,1.743466699218743,0.04153257038085734,1.743466699218743,0.0,0.0,0.0
PMC5117546_table_1,1,52.73649999999999,34.8742,0.9179827570915222,0.30185234985351883,1.8348515869140556,1.449252465820308,0.0790114624023488,0.0057237842832482035,0.05261343878609561,0.027481013450272738,0.0022656136170105348,0.30185234985351883,1.449252465820308,1.8348515869140556,0.0790114624023488,1.8348515869140556,0.05261343878609561,1.8348515869140556,0.0,0.0,0.0
PMC5117546_table_1,1,52.73649999999999,35.4118,0.9130614995956421,0.5219146057128938,1.4268250244140575,0.8890794311523393,0.891023706054682,0.00989664853968113,0.04029236086316023,0.016858900972805162,0.025161773930008697,0.5219146057128938,0.8890794311523393,1.4268250244140575,0.8911237060546853,1.4268250244140575,0.04029236086316023,1.4268250244140575,0.0,0.0,0.0
PMC5117546_table_1,1,52.73649999999999,35.412000000000006,0.8426664471626282,0.7955619140625032,3.013826440429682,1.5167344604492143,1.6670831542968756,0.015085603217174127,0.08510749012847853,0.028760620451664682,0.04707678623903974,0.7955619140625032,1.5167344604492143,3.0139264404296853,1.6670831542968756,3.013826440429682,0.08510749012847853,3.0139264404296853,0.0,0.0,0.0
PMC5117546_table_1,1,52.73649999999999,35.34010000000001,0.9575768709182739,0.5940352722168001,0.5158490966796876,0.6866944824218706,0.17237121582030568,0.011264214959597245,0.01459670732905927,0.013021237329399386,0.004877496549820335,0.5940352722168001,0.6866944824218706,0.5158490966796876,0.17237121582030568,0.6866944824218706,0.01459670732905927,0.6866944824218706,0.0,0.0,0.0
PMC5117546_table_1,1,52.73649999999999,35.4119,0.9131726622581482,0.33254158935547196,1.0594229492187424,1.8146928344726518,0.8022671386718798,0.00630571974544143,0.029917145061935175,0.03441056639088017,0.022655297757868956,0.33254158935547196,1.8146928344726518,1.0594229492187424,0.8022671386718798,1.8146928344726518,0.03441056639088017,1.8146928344726518,0.0,0.0,0.0
PMC5117546_table_1,1,52.73649999999999,53.11779999999999,0.975142240524292,0.2778214172363249,0.4685879394531298,0.46804366455077684,0.11146909179689146,0.005268104960251912,0.008821674456644099,0.008875137040773978,0.0020985261399548076,0.2778214172363249,0.46804366455077684,0.4685879394531298,0.11146909179689146,0.4685879394531298,0.008875137040773978,0.4685879394531298,0.0,0.0,0.0
PMC5142350_table_0,1,101.1233,35.40379999999999,0.9111794829368591,0.5794311157226559,1.590822778320316,1.809473974609375,0.9155059570312432,0.005729946666323745,0.044933673174075,0.017893739371731096,0.025858974376514483,0.5794311157226559,1.809473974609375,1.590822778320316,0.9155059570312432,1.809473974609375,0.044933673174075,1.809473974609375,0.0,0.0,0.0
PMC5142350_table_0,1,101.1233,46.80380000000001,0.9061594009399414,0.8070121398925778,2.564637731933587,1.95385263671875,0.8749303466796903,0.007980476704108527,0.05479550232958833,0.019321488091456174,0.018693575023388916,0.8070121398925778,1.95385263671875,2.564637731933587,0.8749303466796903,2.564637731933587,0.05479550232958833,2.564637731933587,0.0,0.0,0.0
PMC5142350_table_0,1,101.1233,35.332899999999995,0.9385604858398438,0.6646972290039059,1.3533501220703101,1.3943891357421876,0.20878735351561772,0.00657313625053678,0.038302831697095634,0.013788999525749137,0.00590914851358416,0.6646972290039059,1.3943891357421876,1.3533501220703101,0.20878735351561772,1.3943891357421876,0.038302831697095634,1.3943891357421876,0.0,0.0,0.0
PMC5142350_table_0,1,101.1233,35.40390000000002,0.9278432726860046,0.7465911499023434,1.5591291503906177,2.2461957763671876,0.10996889648436081,0.007382978501515906,0.04403834465667954,0.02221244536488809,0.003106123802303157,0.7465911499023434,2.2461957763671876,1.5591291503906177,0.11006889648436413,2.2461957763671876,0.04403834465667954,2.2461957763671876,0.0,0.0,0.0
PMC5142350_table_0,1,101.1233,35.40379999999999,0.8091170787811279,1.229016839599609,2.8211096679687557,1.9572248291015626,3.5624035644531205,0.012153646485029751,0.07968380987263392,0.019354835424690083,0.10062206781343024,1.229016839599609,1.9572248291015626,2.8211096679687557,3.5624035644531205,3.5624035644531205,0.10062206781343024,3.5624035644531205,0.0,0.0,0.0
PMC5142350_table_0,1,101.1233,35.40379999999999,0.9243996143341064,0.8883300415039059,1.2081249999999955,1.341090185546875,0.8777295410156398,0.008784622747713989,0.034124161813138584,0.013261930589160708,0.024791958519018865,0.8883300415039059,1.341090185546875,1.2081249999999955,0.8777295410156398,1.341090185546875,0.034124161813138584,1.341090185546875,0.0,0.0,0.0
PMC5142350_table_0,1,101.1233,46.803800000000024,0.8933027386665344,0.9694572082519528,2.463026171875015,1.7053327392578126,1.582443945312491,0.00958688262993744,0.05262449142751258,0.01686389525715451,0.03381015954500469,0.9694572082519528,1.7053327392578126,2.463026171875015,1.582443945312491,2.463026171875015,0.05262449142751258,2.463026171875015,0.0,0.0,0.0
PMC5142350_table_0,1,101.1233,35.40379999999999,0.8990688920021057,1.1748633972167966,2.023360498046884,1.8907575439453126,0.8236939941406263,0.011618127545449927,0.05715094136920005,0.018697545906287794,0.023265694477446672,1.1748633972167966,1.8907575439453126,2.023360498046884,0.8236939941406263,2.023360498046884,0.05715094136920005,2.023360498046884,0.0,0.0,0.0
PMC5142350_table_0,1,101.1233,35.36830000000003,0.9172685146331787,0.05525440063476594,0.4040853027343587,1.8568525146484376,2.104262646484358,0.0005464062252197658,0.011425069984544305,0.018362261859021983,0.059495724885967265,0.05525440063476594,1.8568525146484376,0.4040853027343587,2.104262646484358,2.104262646484358,0.059495724885967265,2.104262646484358,0.0,0.0,0.0
PMC5142350_table_0,1,101.1233,32.18709999999999,0.8760571479797363,0.12051159057617156,1.561873730468733,1.9388990234375,2.101946582031246,0.0011917292115286146,0.04852483542999318,0.019173613039106713,0.0653040063264863,0.12051159057617156,1.9388990234375,1.561873730468733,2.101946582031246,2.101946582031246,0.0653040063264863,2.101946582031246,0.0,0.0,0.0
PMC5168842_table_1,1,69.268,30.580599999999997,0.9348185658454895,0.7207567687988288,1.1893868408203119,0.7598634887695255,0.25437709960937127,0.010405335346752162,0.038893508983483385,0.010969906576911784,0.008318250773672566,0.7207567687988288,0.7598634887695255,1.1893868408203119,0.25437709960937127,1.1893868408203119,0.038893508983483385,1.1893868408203119,0.0,0.0,0.0
PMC5168842_table_1,1,75.37210000000002,30.580599999999997,0.9110720157623291,0.3204637695312442,1.2593979797363275,1.5321633789062616,0.8715035644531213,0.00425175588223287,0.04118290614756832,0.020327991112178926,0.02849857636714523,0.3204637695312442,1.5321633789062616,1.2593979797363275,0.8715035644531213,1.5321633789062616,0.04118290614756832,1.5321633789062616,0.0,0.0,0.0
PMC5168842_table_1,1,78.62919999999997,13.148699999999998,0.8552123308181763,2.191419360351574,1.2417550048828119,0.29191420898439446,0.46569990844726306,0.027870299587832194,0.09443937460606844,0.0037125420198144527,0.03541794310063072,2.191419360351574,0.29191420898439446,1.2417550048828119,0.46569990844726306,2.191419360351574,0.09443937460606844,2.191419360351574,0.0,0.0,0.0
PMC5168842_table_1,1,72.48720000000003,13.148699999999998,0.8826286792755127,0.6186964355468945,1.1455635986328119,2.2354393066406146,0.04096007080077868,0.008535250851831691,0.08712371554851903,0.03083909030339996,0.00311514224225807,0.6186964355468945,2.2354393066406146,1.1455635986328119,0.04096007080077868,2.2354393066406146,0.08712371554851903,2.2354393066406146,0.0,0.0,0.0
PMC5168842_table_1,1,69.268,70.6893,0.9640844464302063,0.6642954345703131,0.8169991699218713,0.425009362792963,0.6834133544921883,0.00959022109156195,0.011557607302970481,0.0061357244729595625,0.009667847248341521,0.6642954345703131,0.425009362792963,0.8169991699218713,0.6834133544921883,0.8169991699218713,0.011557607302970481,0.8169991699218713,0.0,0.0,0.0
PMC5168842_table_1,1,69.268,141.61290000000002,0.8599104285240173,1.451153039550782,7.282117041015624,1.4423662353515567,8.402097119140649,0.020949833105485677,0.05142269553844052,0.020822980818726636,0.05933143886708518,1.451153039550782,1.4423662353515567,7.282117041015624,8.402097119140649,8.402097119140649,0.05933143886708518,8.402097119140649,0.0,0.0,0.0
PMC5168842_table_1,1,69.268,70.82439999999997,0.9533835649490356,1.0144236083984381,0.41088618164064883,0.9857240844726505,0.9394182617187425,0.014644909747624273,0.005801477762475206,0.014230583883938478,0.013264048290119549,1.0144236083984381,0.9857240844726505,0.41088618164064883,0.9394182617187425,1.0144236083984381,0.014644909747624273,1.0144236083984381,0.0,0.0,0.0
PMC5168842_table_1,1,69.268,67.16640000000001,0.9159552454948425,1.1382029052734381,1.4722856933593675,0.9974046874999942,2.5229659179687474,0.016431871936152885,0.021919973280678542,0.014399213020442257,0.03756291714263005,1.1382029052734381,0.9974046874999942,1.4722856933593675,2.5229659179687474,2.5229659179687474,0.03756291714263005,2.5229659179687474,0.0,0.0,0.0
PMC5694208_table_2,1,120.12540000000001,15.008499999999998,0.8241727352142334,0.8284051757812563,1.7345663818359398,3.095064501953118,0.7821441406250003,0.006896169967228048,0.1155722678372882,0.025765279465900782,0.05211341177499419,0.8284051757812563,3.095064501953118,1.7345663818359398,0.7821441406250003,3.095064501953118,0.1155722678372882,3.095064501953118,0.0,0.0,0.0
PMC5694208_table_2,1,152.3766,15.008499999999998,0.8462609648704529,1.515505175781243,1.6131674560546898,1.9629713378906217,0.6386466735839846,0.009945786792599672,0.10748358970281441,0.012882367357524854,0.04255233191751239,1.515505175781243,1.9629713378906217,1.6131674560546898,0.6386466735839846,1.9629713378906217,0.10748358970281441,1.9629713378906217,0.0,0.0,0.0
PMC5694208_table_2,1,150.49170000000004,15.008499999999998,0.8356837630271912,3.0075575195312467,1.6744200500488304,2.8917730468749596,0.5466857666015628,0.019984873049684774,0.11156478329272283,0.019215498574838074,0.03642507689652949,3.0075575195312467,2.8917730468749596,1.6744200500488304,0.5466857666015628,3.0075575195312467,0.11156478329272283,3.0075575195312467,0.0,0.0,0.0
PMC5694208_table_2,1,118.57779999999991,15.008499999999998,0.8204520344734192,4.47349912109371,1.6709028991699242,1.3308797851562986,0.6880584472656253,0.03772627862124034,0.11133043936235629,0.011223684240695135,0.04584458455312825,4.47349912109371,1.3308797851562986,1.6709028991699242,0.6880584472656253,4.47349912109371,0.11133043936235629,4.47349912109371,0.0,0.0,0.0
PMC5716779_table_1,1,141.54969999999997,39.4343,0.9524655938148499,1.188756213378909,1.1638320068359391,0.43063405761719764,0.32715880126953323,0.008398154241082171,0.029513190467079144,0.0030422816693867786,0.008296300461008137,1.188756213378909,0.43063405761719764,1.1638320068359391,0.32715880126953323,1.188756213378909,0.029513190467079144,1.188756213378909,0.0,0.0,0.0
PMC5716779_table_1,1,328.4163,17.58,0.8921340703964233,1.4026341796875101,1.109278021240236,1.1808837402343784,0.7816928771972655,0.004270903057148839,0.0630988635517768,0.0035956916274690947,0.04446489631383763,1.4026341796875101,1.1808837402343784,1.109278021240236,0.7816928771972655,1.4026341796875101,0.0630988635517768,1.4026341796875101,0.0,0.0,0.0
PMC5716779_table_1,1,97.83099999999996,39.4343,0.9421557784080505,2.4751037109375034,0.9884322265625016,0.7315060546875429,0.09394346923828323,0.02529978954459736,0.025065291549805666,0.007477241924211581,0.0023822780989717894,2.4751037109375034,0.7315060546875429,0.9884322265625016,0.09394346923828323,2.4751037109375034,0.02529978954459736,2.4751037109375034,0.0,0.0,0.0
PMC5725975_table_1,1,65.6587,35.4037,0.916317880153656,0.04580914306640693,0.5532373535156268,3.484556811523433,0.6682076049804664,0.0006976858065482097,0.01562654054563864,0.05307075546002941,0.018873948343830344,0.04580914306640693,3.484556811523433,0.5531373535156234,0.6682076049804664,3.484556811523433,0.05307075546002941,3.484556811523433,0.0,0.0,0.0
PMC5725975_table_1,0,33.12270000000001,35.4037,0.04524635151028633,1.088833300781232,43.79375401611328,1.012007958984384,31.68394998779297,0.032872721752189034,1.2369824062488746,0.030553305104486762,0.8949332975873417,1.088833300781232,1.012007958984384,1.2788540161132786,3.719850012207033,43.79375401611328,1.2369824062488746,3.719850012207033,0.0,1.0,1.0
PMC5725975_table_1,1,65.6587,88.43870000000001,0.9249852299690247,0.17003787231445244,0.9585671020507789,3.8723970825195266,0.3267744384765763,0.0025897234077807275,0.010838774224980453,0.05897766910583863,0.0036949258466777127,0.17003787231445244,3.8723970825195266,0.9585671020507789,0.3267744384765763,3.8723970825195266,0.05897766910583863,3.8723970825195266,0.0,0.0,0.0
PMC5725975_table_1,0,33.12270000000001,88.43870000000001,0.0,117.89698454589842,79.76159815063477,92.56195139160155,114.6087873779297,3.5594013937842743,0.9018856920175755,2.7945170952730765,1.2959121671613183,0.2507154541015666,0.006251391601551859,1.842998150634763,8.46818737792968,117.89698454589842,3.5594013937842743,8.46818737792968,1.0,1.0,1.0
PMC5725975_table_1,0,137.5285,29.101899999999972,0.0,69.09106315917968,167.67656310424806,59.16955095214843,166.90158245849608,0.5023763304273636,5.7617050125334845,0.4302348309779313,5.735075113944321,3.432363159179687,0.4548509521484334,1.3192631042480443,3.208517541503909,167.67656310424806,5.7617050125334845,3.432363159179687,1.0,1.0,1.0
PMC5725975_table_1,1,65.6587,102.99460000000005,0.9090988636016846,0.7766281433105462,1.1614386718749756,4.258673327636714,0.6674781738281013,0.01182825951946271,0.011276694815795926,0.06486076220876616,0.0064807103850891305,0.7766281433105462,4.258673327636714,1.1614386718749756,0.6674781738281013,4.258673327636714,0.06486076220876616,4.258673327636714,0.0,0.0,0.0
PMC5725975_table_1,0,33.12270000000001,102.99460000000005,0.0,263.5873303100586,189.26187202148435,234.5748755859375,257.1151832641602,7.957905916789951,1.8375902428038389,7.081997409206902,2.496394794136392,0.9671303100585931,4.490675585937495,0.9136720214843734,1.1761832641601586,263.5873303100586,7.957905916789951,4.490675585937495,1.0,1.0,1.0
PMC5729284_table_1,1,54.56460000000004,36.182000000000016,0.5430755615234375,5.367194238281229,1.063076220703124,1.8832102539062703,22.04526801757811,0.09836403525877996,0.02938135594226752,0.034513407115717314,0.6092882653689154,5.367194238281229,1.8832102539062703,1.063076220703124,4.343368017578143,22.04526801757811,0.6092882653689154,5.367194238281229,0.0,1.0,1.0
PMC5729284_table_1,0,54.56460000000004,36.22120000000001,0.0,,,,,,,,,,,,,,,,,,
PMC5729284_table_1,0,54.56460000000004,36.14529999999999,0.0,,,,,,,,,,,,,,,,,,
PMC5729284_table_1,0,54.56460000000004,47.6182,0.0,,,,,,,,,,,,,,,,,,
PMC5732956_table_4,1,75.68260000000001,77.15859999999999,0.9354159832000732,1.7385483093261698,2.397658312988284,0.5259494873046862,0.5252066772460893,0.02297157218866912,0.031074414426755854,0.006949410925426533,0.006806845604327831,1.7385483093261698,0.5259494873046862,2.397658312988284,0.5252066772460893,2.397658312988284,0.031074414426755854,2.397658312988284,0.0,0.0,0.0
PMC5732956_table_4,1,568.4621999999999,25.405899999999995,0.7172680497169495,3.0642948242187487,1.7253942138671903,1.6067449218750198,5.8198852172851545,0.00539049883038617,0.06791313096041433,0.0028264762755993624,0.2290761286663789,3.0642948242187487,1.6067449218750198,1.7253942138671903,5.8198852172851545,5.8198852172851545,0.2290761286663789,5.8198852172851545,0.0,0.0,0.0
PMC5732956_table_4,1,291.5108,17.389000000000003,0.7508403062820435,1.1343021484374987,5.142360650634764,3.201394433593748,0.22241213378906366,0.0038911153495427907,0.29572492096352654,0.010982078309255601,0.01279039241986679,1.1343021484374987,3.201494433593723,5.142360650634764,0.22241213378906366,5.142360650634764,0.29572492096352654,5.142360650634764,0.0,0.0,0.0
PMC5732956_table_4,1,276.9514,17.389000000000003,0.7456952929496765,2.833047265624998,5.318962060546873,0.4496404296875198,0.2943496948242199,0.010229402218674463,0.3058808476937646,0.0016235355000462893,0.01692735032631088,2.833147265624973,0.4496404296875198,5.318962060546873,0.2943496948242199,5.318962060546873,0.3058808476937646,5.318962060546873,0.0,0.0,0.0
PMC5747446_table_2,1,61.3073,56.421,0.9337873458862305,1.1980049987792967,1.3922235473632796,0.0911242431640602,1.325033850097654,0.01954098449579898,0.024675626936128032,0.001486352247840962,0.023484763653562574,1.1980049987792967,0.0911242431640602,1.3922235473632796,1.325033850097654,1.3922235473632796,0.024675626936128032,1.3922235473632796,0.0,0.0,0.0
PMC5747446_table_2,1,207.04739999999998,39.954100000000004,0.8831519484519958,0.35092801513671645,1.1523172363281233,2.392537304687494,3.5901922607421852,0.0016949163096794092,0.028841025985521466,0.011555505187157597,0.08985791848001043,0.35092801513671645,2.392537304687494,1.1523172363281233,3.5901922607421852,3.5901922607421852,0.08985791848001043,3.5901922607421852,0.0,0.0,0.0
PMC5747446_table_2,1,201.1445,39.954100000000004,0.8991526365280151,0.7421062500000062,1.1862642272949202,2.4804882324218624,2.6443762207031227,0.003689418552334298,0.029690675732776364,0.012331872024449402,0.06618535321038697,0.7421062500000062,2.4803882324218876,1.1862642272949202,2.6443762207031227,2.6443762207031227,0.06618535321038697,2.6443762207031227,0.0,0.0,0.0
PMC5747446_table_2,1,197.34590000000003,39.954100000000004,0.8987267017364502,0.06685297851561245,2.15324420776367,0.6086398437499838,2.1973471069335915,0.00033876041263392065,0.05389294735117722,0.0030841271277993803,0.054996786485832276,0.06675297851563755,0.6086398437499838,2.15324420776367,2.1973471069335915,2.1973471069335915,0.054996786485832276,2.1973471069335915,0.0,0.0,0.0
PMC5752228_table_1,1,144.7589,82.09030000000001,0.9009373784065247,1.3871204833984407,3.312842071533204,1.4418426269531324,3.6908427246093822,0.009582281182009815,0.040356072173365225,0.009960303835917048,0.04496076545717803,1.3871204833984407,1.4418426269531324,3.312842071533204,3.6908427246093822,3.6908427246093822,0.04496076545717803,3.6908427246093822,0.0,0.0,0.0
PMC5752228_table_1,1,144.7589,44.2303,0.8560313582420349,0.9984028320312532,5.33139143066407,1.7115417236328199,1.223663183593743,0.006897004826862135,0.12053708499974157,0.01182339547781048,0.0276657219958658,0.9984028320312532,1.7115417236328199,5.33139143066407,1.223663183593743,5.33139143066407,0.12053708499974157,5.33139143066407,0.0,0.0,0.0
PMC5758794_table_1,1,61.77160000000001,53.0842,0.975294828414917,0.09424568481445306,0.686474621582029,0.17516567382811843,0.4150380249023442,0.0015257122174988675,0.012931806857445887,0.002835699153464026,0.007818485065280144,0.09424568481445306,0.17516567382811843,0.686474621582029,0.4150380249023442,0.686474621582029,0.012931806857445887,0.686474621582029,0.0,0.0,0.0
PMC5758794_table_1,1,172.72770000000003,13.6222,0.9080904722213745,1.5404791625976628,0.725628674316404,4.1058519042968555,0.17825241088867472,0.008918541511278518,0.053268097246876714,0.023770662750079198,0.013085434870187982,1.5404791625976628,4.1058519042968555,0.725628674316404,0.17825241088867472,4.1058519042968555,0.053268097246876714,4.1058519042968555,0.0,0.0,0.0
PMC5758794_table_1,1,88.829,24.444000000000003,0.9215895533561707,1.224222680664056,0.6522705078125028,0.8236036132812501,0.7328000488281248,0.013781790638913598,0.02668427867012366,0.00927178751625314,0.029978728883493892,1.224222680664056,0.8235036132812468,0.6522705078125028,0.7328000488281248,1.224222680664056,0.029978728883493892,1.224222680664056,0.0,0.0,0.0
PMC5758794_table_1,1,83.89870000000002,24.444000000000003,0.8990961909294128,0.4996996093749999,1.1278984069824247,3.3199937499999805,0.3862042846679685,0.005955987510831512,0.04614213741541583,0.039571456411124126,0.01579955345557063,0.49979960937500323,3.3199937499999805,1.1278984069824247,0.3862042846679685,3.3199937499999805,0.04614213741541583,3.3199937499999805,0.0,0.0,0.0
PMC5758794_table_2,1,89.8213,43.5016,0.9443458914756775,0.5208468200683569,1.0360303405761684,1.397701257324215,0.5782410888671876,0.0057987005317041386,0.02381591345091142,0.015560911023601473,0.013292409678429934,0.5208468200683569,1.397701257324215,1.0360303405761684,0.5782410888671876,1.397701257324215,0.02381591345091142,1.397701257324215,0.0,0.0,0.0
PMC5758794_table_2,1,271.8461,13.622200000000007,0.8307666778564453,1.48684310302734,1.3054509643554653,2.436366894531261,1.0544743896484405,0.005469429589121713,0.09583260885579896,0.008962302179546668,0.07740852356069064,1.48684310302734,2.436366894531261,1.3054509643554653,1.0544743896484405,2.436366894531261,0.09583260885579896,2.436366894531261,0.0,0.0,0.0
PMC5758794_table_2,1,90.8737,14.861399999999996,0.900212824344635,0.06170272216796491,0.965378320312503,0.49572673339844187,0.5813332519531258,0.0006789942763193852,0.06495877375701503,0.00545511774472088,0.039116991128233275,0.06170272216796491,0.49572673339844187,0.965378320312503,0.5813332519531258,0.965378320312503,0.06495877375701503,0.965378320312503,0.0,0.0,0.0
PMC5758794_table_2,1,95.93259999999998,14.861399999999996,0.9315032958984375,0.28034892578125437,0.9013753295898468,0.5287159179687251,0.060581115722655454,0.002922353045588824,0.06065211417429361,0.005511326889594624,0.0040764070493126804,0.28034892578125437,0.5287159179687251,0.9013753295898468,0.060581115722655454,0.9013753295898468,0.06065211417429361,0.9013753295898468,0.0,0.0,0.0
PMC5758794_table_2,1,85.03980000000001,14.861399999999996,0.898368775844574,0.5701000000000249,0.9730229736328155,3.026882031250011,0.037609008789061704,0.006703919811664948,0.06547317033609322,0.03559371060668076,0.002530650462881136,0.5701000000000249,3.026882031250011,0.9730229736328155,0.037609008789061704,3.026882031250011,0.06547317033609322,3.026882031250011,0.0,0.0,0.0
PMC5758794_table_2,1,90.8737,13.465599999999995,0.6808180809020996,3.680049902343754,1.6487948242187258,0.6565254638671831,3.216367431640606,0.04049631414087634,0.12244495783468441,0.007224592636452386,0.23885808516817722,3.680049902343754,0.6565254638671831,1.6487948242187258,3.216367431640606,3.680049902343754,0.23885808516817722,3.680049902343754,0.0,0.0,0.0
PMC5758794_table_2,1,95.93259999999998,13.465599999999995,0.524267852306366,0.6265877197265581,3.907095605468726,2.507536718749975,4.312040039062481,0.006531541099965583,0.29015384427494706,0.026138525576810966,0.3202263574636468,0.6265877197265581,2.507536718749975,3.907095605468726,4.312040039062481,4.312040039062481,0.3202263574636468,4.312040039062481,0.0,0.0,0.0
PMC5758794_table_2,1,85.03980000000001,13.465599999999995,0.7883403897285461,4.01287954101565,0.5954806152343508,4.134639599609386,1.461759277343731,0.04718825233614907,0.044222360328121366,0.048620053194026625,0.10855507941300287,4.01287954101565,4.134639599609386,0.5954806152343508,1.461759277343731,4.134639599609386,0.10855507941300287,4.134639599609386,0.0,0.0,0.0
PMC5784668_table_0,1,94.8919,48.74159999999999,0.9677833914756775,0.2674361511230501,0.4134882446289083,0.3110123291015725,0.8829019653320245,0.0028183243366720454,0.008483271879234748,0.0032775434900299445,0.0181139307148724,0.2674361511230501,0.3110123291015725,0.4134882446289083,0.8828019653320354,0.8829019653320245,0.0181139307148724,0.8828019653320354,0.0,0.0,0.0
PMC5784668_table_0,1,192.1551,32.1109,0.9179072976112366,0.9068985595703225,0.5961667541503886,1.3063638671874855,1.724942138671878,0.004719617431805466,0.01856586872838782,0.006798486572500473,0.053718274438644756,0.9068985595703225,1.3063638671874855,0.5961667541503886,1.724942138671878,1.724942138671878,0.053718274438644756,1.724942138671878,0.0,0.0,0.0
PMC5822665_table_4,1,102.31830000000001,31.381500000000003,0.9651921987533569,0.20088494262695633,0.4034012573242194,0.401398535156261,0.5410035888671842,0.001963333466515338,0.012854747457075644,0.003923037571541561,0.01723957073011756,0.20088494262695633,0.401398535156261,0.4034012573242194,0.5410035888671842,0.5410035888671842,0.01723957073011756,0.5410035888671842,0.0,0.0,0.0
PMC5822665_table_4,1,264.33959999999996,14.750599999999999,0.9453839063644409,0.324616308593761,0.3873642700195319,0.5883496093749727,0.39114572753906174,0.0012280275395504913,0.0262609161674462,0.002225733902052408,0.026517275740584233,0.324616308593761,0.5883496093749727,0.3873642700195319,0.39114572753906174,0.5883496093749727,0.026517275740584233,0.5883496093749727,0.0,0.0,0.0
PMC5822665_table_4,1,242.7151,14.750599999999999,0.928843080997467,2.2060839843750273,0.4339684265136725,1.0636768554687706,0.46035959472656174,0.009089191337395271,0.029420391476527908,0.0043824090691875804,0.03120955044042695,2.2060839843750273,1.0636768554687706,0.4339684265136725,0.46035959472656174,2.2060839843750273,0.03120955044042695,2.2060839843750273,0.0,0.0,0.0
PMC5863360_table_2,1,89.43849999999999,43.58050000000001,0.9231904745101929,0.5447760864257845,0.9422813354492163,0.7727282470703187,1.8978194824218804,0.006091069130472721,0.02162162745836363,0.008639771989359378,0.04354744627578573,0.5447760864257845,0.7727282470703187,0.9422813354492163,1.8978194824218804,1.8978194824218804,0.04354744627578573,1.8978194824218804,0.0,0.0,0.0
PMC5863360_table_2,1,265.7518,15.5518,0.8785157799720764,1.3427584594726625,0.8380332885742163,1.65119252929685,0.9992578796386695,0.005052678700474136,0.053886578310820374,0.0062132882234357395,0.06425351918354592,1.3427584594726625,1.651092529296875,0.8380332885742163,0.9992578796386695,1.65119252929685,0.06425351918354592,1.651092529296875,0.0,0.0,0.0
PMC5863360_table_2,1,254.16539999999998,15.5518,0.8816770315170288,3.8244713378906,0.8085800109863257,0.808576953124998,0.8736551574707008,0.015047175335000752,0.05199269608574735,0.003181302227309453,0.05617710859647763,3.824371337890625,0.808576953124998,0.8085800109863257,0.8736551574707008,3.8244713378906,0.05617710859647763,3.824371337890625,0.0,0.0,0.0
PMC5871766_table_1,1,23.6948,28.916299999999993,0.938228189945221,0.4251713989257837,1.0140394897460965,0.1691581054687532,0.13843187255859846,0.017943658478897635,0.03506809272784197,0.007139039176053531,0.0047873300719178625,0.4251713989257837,0.1691581054687532,1.0140394897460965,0.13843187255859846,1.0140394897460965,0.03506809272784197,1.0140394897460965,0.0,0.0,0.0
PMC5871766_table_1,1,100.59409999999998,28.916299999999993,0.9416956901550293,0.4046279235839876,1.0405363769531277,0.7742632568359511,0.37966505126952654,0.0040223822628164835,0.03598442321296736,0.007696905254244048,0.013129793620536744,0.4046279235839876,0.7742632568359511,1.0405363769531277,0.37966505126952654,1.0405363769531277,0.03598442321296736,1.0405363769531277,0.0,0.0,0.0
PMC5871766_table_1,1,147.78850000000003,14.324599999999997,0.8713155388832092,0.009279125976576097,1.0334181518554715,2.181640332031236,0.7542889038085931,6.278652247350839e-05,0.07214289766244585,0.014761908619623555,0.05265689120873136,0.009279125976576097,2.181640332031236,1.0334181518554715,0.7542889038085931,2.181640332031236,0.07214289766244585,2.181640332031236,0.0,0.0,0.0
PMC5871766_table_1,1,27.723599999999976,28.916299999999993,0.8971812129020691,0.2867129394531389,0.17268130493164335,2.35330400390626,0.3388789550781297,0.010341836538297304,0.005971763501265494,0.0848845028750329,0.011719305550092155,0.2867129394531389,2.35330400390626,0.17268130493164335,0.3388789550781297,2.35330400390626,0.0848845028750329,2.35330400390626,0.0,0.0,0.0
PMC5875840_table_1,1,41.0521,106.26850000000002,0.9490672945976257,0.24202661132812153,4.411415771484371,0.04019211425780611,0.5518041992187364,0.005895596359945569,0.04151197929287014,0.0009790513580987602,0.00519254717266863,0.24202661132812153,0.04019211425780611,4.411415771484371,0.5518041992187364,4.411415771484371,0.04151197929287014,4.411415771484371,0.0,0.0,0.0
PMC5918169_table_0,1,412.91730000000007,15.366899999999987,0.608984112739563,99.45473037109375,0.834896972656253,70.61207636718746,0.35755869140623986,0.24085871522237923,0.05433086521395035,0.17100779349082115,0.02326810816796102,34.388569628906225,0.3405763671875093,0.834896972656253,0.35755869140623986,99.45473037109375,0.24085871522237923,34.388569628906225,1.0,0.0,1.0
PMC5918169_table_0,1,412.91730000000007,16.093199999999996,0.6175398826599121,16.361660620117192,3.5678705810546774,24.997542773437544,2.874037499999986,0.03962454617454195,0.22170050586922913,0.06053886038060779,0.17858707404369464,16.361660620117192,24.997542773437544,3.5678705810546774,2.874037499999986,24.997542773437544,0.22170050586922913,24.997542773437544,0.0,0.0,0.0
PMC5918169_table_0,1,70.27149999999995,31.876800000000003,0.8529419898986816,5.698104296875044,1.4668126464843851,0.08795146484374072,1.1721964843750072,0.0810869882793885,0.04601505315729261,0.0012515950967851945,0.03677271508981476,5.698104296875044,0.08795146484374072,1.4668126464843851,1.1721964843750072,5.698104296875044,0.0810869882793885,5.698104296875044,0.0,0.0,0.0
PMC5918169_table_0,1,412.91730000000007,15.783600000000007,0.6773476600646973,29.204281469726567,2.675459619140611,1.2180944335937056,2.4831227294921803,0.07072670839833198,0.1695088331648426,0.0029499719038018155,0.15732296367699253,29.204281469726567,1.2180944335937056,2.675459619140611,2.4831227294921803,29.204281469726567,0.1695088331648426,29.204281469726567,0.0,0.0,0.0
PMC5918169_table_0,1,412.91730000000007,15.7483,0.8651745915412903,3.5559876953124956,0.9664601318359303,9.130936230468706,0.9567333984375068,0.008611864156121564,0.06136917202719851,0.022113232432907762,0.06075153498711015,3.5559876953124956,9.130936230468706,0.9664601318359303,0.9567333984375068,9.130936230468706,0.06136917202719851,9.130936230468706,0.0,0.0,0.0
PMC5918169_table_0,1,70.27149999999995,31.531900000000007,0.8051348328590393,6.464095507812544,2.5816966064453197,0.5521242187500093,1.3952403320312499,0.09198744167710309,0.08187570702828942,0.007857014845990334,0.0442485334544144,6.464095507812544,0.5521242187500093,2.5816966064453197,1.3952403320312499,6.464095507812544,0.09198744167710309,6.464095507812544,0.0,0.0,0.0
PMC5918169_table_0,1,412.91730000000007,15.783600000000007,0.5233004093170166,10.468960424804692,4.224464111328132,5.997176562500044,5.63046982421875,0.02535364932591754,0.26764895913024467,0.014523916925980198,0.35672912543518254,10.468960424804692,5.997176562500044,4.224464111328132,5.63046982421875,10.468960424804692,0.35672912543518254,10.468960424804692,0.0,0.0,0.0
PMC5918169_table_0,0,412.91730000000007,15.783699999999982,0.25585123896598816,1.5158570800781206,11.533455346679688,9.993240917968706,8.663758740234357,0.003671091233227865,0.7307193716732896,0.024201555415500158,0.5489054366361732,1.5158570800781206,9.993240917968706,4.250144653320319,7.119941259765625,11.533455346679688,0.7307193716732896,9.993240917968706,0.0,1.0,1.0
PMC5918169_table_0,1,70.27149999999995,31.567300000000017,0.8151088356971741,1.4197545898437056,1.9892048583984376,0.8023683593750093,3.3980423339843924,0.02020384636507982,0.06301472911520582,0.011418119143251672,0.1076443767437947,1.4197545898437056,0.8023683593750093,1.9892048583984376,3.3980423339843924,3.3980423339843924,0.1076443767437947,3.3980423339843924,0.0,0.0,0.0
PMC5918169_table_0,1,412.91730000000007,15.783600000000035,0.7383589148521423,19.024386743164058,0.646211132812482,71.8911901367187,1.0119034179687674,0.04607311619824128,0.04094193547812163,0.1741055415617575,0.0641110657878282,19.024386743164058,1.6196901367187593,0.646211132812482,1.0119034179687674,71.8911901367187,0.1741055415617575,19.024386743164058,1.0,0.0,1.0
PMC5918169_table_0,1,412.91730000000007,15.783599999999979,0.8231762647628784,0.2982298339843794,0.9836441406250174,7.186050976562456,2.065427978515629,0.0007222507605866341,0.06232064551971785,0.017403124007064986,0.1308591182313054,0.2982298339843794,7.186050976562456,0.9836441406250174,2.065427978515629,7.186050976562456,0.1308591182313054,7.186050976562456,0.0,0.0,0.0
PMC5918169_table_0,0,70.27149999999995,31.567799999999977,0.13062012195587158,376.29237309570317,0.45236362304689237,2.9954225585937593,16.307913867187494,5.354836215189707,0.014329906520153216,0.04262642121761684,0.51659963213108,36.62492690429687,2.9954225585937593,0.45236362304689237,0.5237138671874959,376.29237309570317,5.354836215189707,36.62492690429687,1.0,1.0,1.0
PMC5918169_table_0,1,412.91730000000007,15.784199999999998,0.8052909970283508,33.96765456542968,0.1621416015624959,52.967728222656206,0.009255322265630639,0.08226260940248732,0.010272399080250879,0.12827684435274617,0.0005863662564862736,33.96765456542968,17.30377177734374,0.1621416015624959,0.009255322265630639,52.967728222656206,0.12827684435274617,33.96765456542968,1.0,0.0,1.0
PMC5918169_table_0,1,412.91730000000007,15.783599999999979,0.8987456560134888,4.843868872070317,0.01799687499999436,41.146317089843706,0.00023579101559789706,0.011730845067693497,0.0011402262474970466,0.09964784011191515,1.4938988291511275e-05,4.843868872070317,29.12518291015624,0.01799687499999436,0.00023579101559789706,41.146317089843706,0.09964784011191515,29.12518291015624,1.0,0.0,1.0
PMC5918169_table_0,1,70.27149999999995,31.98399999999998,0.6112747192382812,4.044112597656294,6.085501757812494,1.3123781250000093,7.278364062499975,0.05754982599853849,0.19026706346337224,0.018675823413475026,0.2275626582822655,4.044112597656294,1.3123781250000093,6.085501757812494,7.278364062499975,7.278364062499975,0.2275626582822655,7.278364062499975,0.0,0.0,0.0
PMC5918169_table_0,1,412.91730000000007,16.200400000000002,0.7579654455184937,50.008099218750004,0.2795937011718479,40.273331249999956,1.1722849609374748,0.12110923717352118,0.017258444308279292,0.09753364959520938,0.0723614824903999,50.008099218750004,29.99816874999999,0.2795937011718479,1.1722849609374748,50.008099218750004,0.12110923717352118,50.008099218750004,1.0,0.0,1.0
PMC5918169_table_0,1,412.91730000000007,28.343700000000013,0.5078999400138855,4.130343774414058,0.4349538085937752,35.042557324218706,12.705590673828112,0.01000283537263771,0.015345696172122024,0.08486580078921058,0.44826859844791284,4.130343774414058,35.042557324218706,0.4349538085937752,0.16350932617189073,35.042557324218706,0.44826859844791284,35.042557324218706,0.0,1.0,1.0
PMC5918169_table_0,1,70.27149999999995,28.343700000000013,0.7484611868858337,3.8803552734375444,4.366804003906225,2.0250246093750093,1.9247984374999874,0.05521947408889162,0.15406612417949042,0.028817153602456343,0.06790921571636684,3.8803552734375444,2.0250246093750093,4.366804003906225,1.9247984374999874,4.366804003906225,0.15406612417949042,4.366804003906225,0.0,0.0,0.0
PMC5919007_table_0,1,81.2192,40.642399999999995,0.9081657528877258,1.115195861816403,1.4350475097656243,0.8410486938476538,1.5320068359374943,0.013730692518719749,0.03530912322514479,0.01035529399264772,0.03769479253039915,1.115195861816403,0.8410486938476538,1.4350475097656243,1.5320068359374943,1.5320068359374943,0.03769479253039915,1.5320068359374943,0.0,0.0,0.0
PMC5919007_table_0,1,119.148,40.642399999999995,0.9064216613769531,0.3666834594726538,1.7562831665039056,1.0434844238281187,1.771501159667963,0.003077546072721773,0.0432130771436703,0.008757884511935732,0.043587513524495684,0.3666834594726538,1.0434844238281187,1.7562831665039056,1.771501159667963,1.771501159667963,0.043587513524495684,1.771501159667963,0.0,0.0,0.0
PMC5919007_table_0,1,119.75710000000001,40.642399999999995,0.9184191823005676,0.2508270996093813,1.3976482177734368,1.922254931640623,1.3526092529296818,0.002094465377078948,0.03438891939879134,0.016051281566108588,0.03328074259713211,0.2508270996093813,1.922254931640623,1.3976482177734368,1.3526092529296818,1.922254931640623,0.03438891939879134,1.922254931640623,0.0,0.0,0.0
PMC5919007_table_0,1,81.75760000000002,40.642399999999995,0.8970462679862976,3.633924853515623,0.9583209777832025,1.814313134765598,0.7783599853515568,0.04444754803853858,0.023579340240320518,0.02219136979027757,0.019151427704849046,3.633924853515623,1.814313134765598,0.9583209777832025,0.7783599853515568,3.633924853515623,0.04444754803853858,3.633924853515623,0.0,0.0,0.0
PMC5944059_table_1,1,291.2364,25.3476,0.9504436254501343,0.3456271423339814,0.18327064819335703,2.0872583007812295,0.8852445800781226,0.0011867580506213556,0.00723029589362926,0.007166886765463484,0.03492419716573256,0.3456271423339814,2.0872583007812295,0.18327064819335703,0.8852445800781226,2.0872583007812295,0.03492419716573256,2.0872583007812295,0.0,0.0,0.0
PMC5945226_table_0,0,479.38750000000005,15.476299999999995,0.0,0.7057082885742219,137.80265068359375,448.8094238525391,156.3521227783203,0.0014721040673238701,8.904108261250673,0.9362142814581921,10.102681052856326,0.7057082885742219,3.4601238525390556,3.0909493164062383,0.17542277832032482,448.8094238525391,10.102681052856326,3.4601238525390556,1.0,1.0,1.0
PMC5945226_table_0,0,677.6827,14.1218,0.0,,,,,,,,,,,,,,,,,,
PMC5993845_table_0,1,75.8049,56.867599999999996,0.9002686738967896,0.20675475463867343,0.44605211791991906,5.756119628906248,0.9130974609374931,0.0027274589721597606,0.007843695143102911,0.07593334505957065,0.01605654996760006,0.20675475463867343,5.756119628906248,0.44605211791991906,0.9130974609374931,5.756119628906248,0.07593334505957065,5.756119628906248,0.0,0.0,0.0
PMC5993845_table_0,1,34.43960000000001,56.867599999999996,0.7509758472442627,9.011307617187498,0.6746974426269503,0.7105664306640733,1.5136376220703056,0.26165540880810156,0.01186435584809189,0.020632249813124226,0.02661687185797019,9.011307617187498,0.7105664306640733,0.6746974426269503,1.5136376220703056,9.011307617187498,0.26165540880810156,9.011307617187498,0.0,0.0,0.0
PMC5993845_table_0,1,48.92149999999998,56.867599999999996,0.9293045997619629,1.3801983886718858,0.39456896362304406,0.8275925537109288,1.2504158813476494,0.028212511649722237,0.006938379035215906,0.0169167452696857,0.021988195059183955,1.3801983886718858,0.8275925537109288,0.39456896362304406,1.2504158813476494,1.3801983886718858,0.028212511649722237,1.3801983886718858,0.0,0.0,0.0
PMC5993845_table_0,1,103.7781,18.5561,0.9047478437423706,1.6243422607421962,0.4950824218749972,4.225316357421889,0.36053403930664274,0.015652071687014855,0.026680305768722802,0.04071491342992297,0.01942940808179751,1.6243422607421962,4.225316357421889,0.4950824218749972,0.36053403930664274,4.225316357421889,0.04071491342992297,4.225316357421889,0.0,0.0,0.0
PMC5993845_table_0,1,360.832,18.5561,0.9214218854904175,3.643559765625014,0.13106493530273156,2.33988007812502,1.1322625549316427,0.010097662528891601,0.007063172504067749,0.006484680067524555,0.06101834733223267,3.643559765625014,2.33988007812502,0.13106493530273156,1.1322625549316427,3.643559765625014,0.06101834733223267,3.643559765625014,0.0,0.0,0.0
PMC6006697_table_0,1,37.532500000000006,34.8742,0.9160357117652893,0.4720575805664069,1.6689984619140574,1.0814008422851629,0.019469384765628206,0.012577301820193348,0.04785768453223464,0.02881238506055186,0.0005582747350656992,0.4720575805664069,1.0814008422851629,1.6689984619140574,0.019469384765628206,1.6689984619140574,0.04785768453223464,1.6689984619140574,0.0,0.0,0.0
PMC6006697_table_0,1,37.532500000000006,72.62339999999999,0.9237020611763,1.0329210754394538,0.6214836791992155,1.0700330444336004,1.1388367187500137,0.02752071072908689,0.008557623014059044,0.02850950627945381,0.01568140184499781,1.0329210754394538,1.0700330444336004,0.6214836791992155,1.1388367187500137,1.1388367187500137,0.02850950627945381,1.1388367187500137,0.0,0.0,0.0
PMC6006697_table_0,0,40.45760000000001,72.62339999999999,0.0,,,,,,,,,,,,,,,,,,
PMC6080384_table_1,1,69.0576,30.578700000000005,0.8944197297096252,0.7077704711914095,2.436919812011716,0.27242766113280936,0.6426187133789085,0.010248987384319895,0.07969337519291912,0.003944933810801554,0.02101523980348767,0.7077704711914095,0.27242766113280936,2.436919812011716,0.6426187133789085,2.436919812011716,0.07969337519291912,2.436919812011716,0.0,0.0,0.0
PMC6080384_table_1,1,50.04570000000001,30.578700000000005,0.8796648383140564,0.1648968627929719,2.9375950134277318,0.9853391357421799,0.4317727661132835,0.0032949256937753264,0.0960667070028396,0.019688787163376267,0.0141200497769128,0.1648968627929719,0.9853391357421799,2.9375950134277318,0.4317727661132835,2.9375950134277318,0.0960667070028396,2.9375950134277318,0.0,0.0,0.0
PMC6080384_table_1,1,96.72319999999999,30.578700000000005,0.869297444820404,1.808367700195305,2.7486339843749974,2.296273046875001,0.4085717773437523,0.018696317948489142,0.08988720855938928,0.02374066456522325,0.013361319393687508,1.808367700195305,2.296273046875001,2.7486339843749974,0.4085717773437523,2.7486339843749974,0.08988720855938928,2.7486339843749974,0.0,0.0,0.0
PMC6080384_table_1,1,393.52259999999995,13.949100000000001,0.7587769627571106,0.0076057373046864996,2.18462336425781,2.3152379882812966,1.6422949890136707,1.9327320221726783e-05,0.1566139295193102,0.005883367278731379,0.11773483515163491,0.0076057373046864996,2.3152379882812966,2.18462336425781,1.6422949890136707,2.3152379882812966,0.1566139295193102,2.3152379882812966,0.0,0.0,0.0
PMC6080384_table_1,1,162.80139999999994,17.165800000000004,0.8392841219902039,7.582885546874991,0.712275085449221,0.19719599609379657,1.4396671875000067,0.04657752050581256,0.04149384738545368,0.001211267200981052,0.08386834213960354,7.582785546875016,0.19719599609379657,0.712275085449221,1.4396671875000067,7.582885546874991,0.08386834213960354,7.582785546875016,0.0,0.0,0.0
PMC6080384_table_1,1,69.0576,35.40380000000002,0.7038891315460205,0.6496688171386751,6.574190478515618,0.5419741699218719,5.414788574218761,0.009407636771892958,0.18569166243498197,0.007848146618502118,0.1529437115286709,0.6496688171386751,0.5419741699218719,6.574190478515618,5.414788574218761,6.574190478515618,0.18569166243498197,6.574190478515618,0.0,0.0,0.0
PMC6080384_table_1,1,69.0576,35.333,0.9417418837547302,0.5398818298339876,0.32732263183592636,0.2892504760742156,1.403746459960928,0.007817848141753951,0.009263935466445713,0.004188539365315557,0.03972904819746209,0.5398818298339876,0.2892504760742156,0.32732263183592636,1.403746459960928,1.403746459960928,0.03972904819746209,1.403746459960928,0.0,0.0,0.0
PMC6080384_table_1,1,230.7212,17.666499999999985,0.8407154679298401,3.0720588623046865,1.1109555664062611,5.358490185546884,1.3268635253906211,0.013315026370808952,0.06288487059724689,0.02322495802530016,0.07510619111825331,3.0720588623046865,5.358590185546859,1.1109555664062611,1.3268635253906211,5.358490185546884,0.07510619111825331,5.358590185546859,0.0,0.0,0.0
PMC6080384_table_1,1,69.0576,35.40380000000002,0.9770504832267761,0.2349082275390657,0.18965080566405845,0.5295306274414031,0.2454926757812359,0.0034016274463500866,0.005356792368730429,0.007667955843258427,0.006934077013801789,0.2349082275390657,0.5295306274414031,0.18965080566405845,0.2454926757812359,0.5295306274414031,0.007667955843258427,0.5295306274414031,0.0,0.0,0.0
PMC6080384_table_1,1,162.80139999999994,14.48520000000002,0.879228413105011,4.123931689453116,0.03281997070314446,1.9307775390625466,1.3832522949218742,0.025331057899091267,0.002265758892051502,0.011859710905818667,0.0954941799161815,4.123831689453141,1.9307775390625466,0.03281997070314446,1.3832522949218742,4.123931689453116,0.0954941799161815,4.123831689453141,0.0,0.0,0.0
PMC6080384_table_1,0,162.80139999999994,17.666499999999985,0.0,,,,,,,,,,,,,,,,,,
PMC6084955_table_1,1,118.14699999999999,30.051299999999998,0.9161254167556763,0.2707515869140593,1.4275932983398434,0.2567021484375118,1.088390368652341,0.0022916501215778594,0.04750520936997213,0.0021727352233870674,0.03621774660837771,0.2707515869140593,0.2567021484375118,1.4275932983398434,1.088390368652341,1.4275932983398434,0.04750520936997213,1.4275932983398434,0.0,0.0,0.0
PMC6084955_table_1,1,319.3577,14.379600000000003,0.8311108946800232,0.21704455566407432,0.8546410278320309,6.793472363281239,1.4665522766113313,0.0006796283780352699,0.059434269926286594,0.021272298627154563,0.10198839165285063,0.21704455566407432,6.793472363281239,0.8546410278320309,1.4665522766113313,6.793472363281239,0.10198839165285063,6.793472363281239,0.0,0.0,0.0
PMC6097158_table_0,0,96.0773,11.983800000000002,0.03901444375514984,91.91676500244141,10.454330670166016,97.19197778320313,10.165986352539065,0.9566959625472553,0.8723719246120608,1.0116018849739026,0.8483107488892557,1.7724650024414075,5.3450777832031235,1.5175693298339823,1.8178136474609374,97.19197778320313,1.0116018849739026,5.3450777832031235,1.0,1.0,1.0
PMC6097158_table_0,0,90.1443,11.983800000000002,0.0,,,,,,,,,,,,,,,,,,
PMC6097158_table_0,0,91.8469,11.983800000000002,0.0,,,,,,,,,,,,,,,,,,
PMC6100161_table_1,1,78.957,57.920899999999996,0.9569747447967529,0.08975356445312599,1.049694049072265,0.223790930175781,1.2665420776367142,0.0011367398008172295,0.018122889131078162,0.002834339326162101,0.021866754101485204,0.08975356445312599,0.223790930175781,1.049694049072265,1.2665420776367142,1.2665420776367142,0.021866754101485204,1.2665420776367142,0.0,0.0,0.0
PMC6100161_table_1,1,93.50359999999999,33.064,0.9546769261360168,0.18370266113281275,1.014457690429687,0.5018494873046961,0.2944992553710932,0.001964658699053435,0.030681638350764786,0.005367167545470936,0.00890694578305992,0.18370266113281275,0.5018494873046961,1.014457690429687,0.2944992553710932,1.014457690429687,0.030681638350764786,1.014457690429687,0.0,0.0,0.0
PMC6100161_table_1,1,89.5711,33.064,0.9379835724830627,0.6686433105468836,1.4130096313476557,0.20389707031250737,0.4186142456054682,0.007464944725998493,0.042735592528056365,0.002276371176780316,0.012660726034522993,0.6686433105468836,0.20389707031250737,1.4130096313476557,0.4186142456054682,1.4130096313476557,0.042735592528056365,1.4130096313476557,0.0,0.0,0.0
PMC6100161_table_1,1,34.861500000000035,57.920899999999996,0.8328403234481812,1.1975921874999926,1.2124366638183588,3.8518880371093474,1.7499786621093705,0.03435285881273013,0.020932628184616588,0.11049117327451037,0.030213250521130896,1.1975921874999926,3.8518880371093474,1.2124366638183588,1.7499786621093705,3.8518880371093474,0.11049117327451037,3.8518880371093474,0.0,0.0,0.0
PMC6112758_table_4,1,79.84259999999999,39.230799999999995,0.9132986664772034,1.4630634643554714,1.5248702148437516,0.9606775024413992,0.8971649658203091,0.018324346456095764,0.038869210284871884,0.012032142019941726,0.02286889295707223,1.4630634643554714,0.9606775024413992,1.5248702148437516,0.8971649658203091,1.5248702148437516,0.038869210284871884,1.5248702148437516,0.0,0.0,0.0
PMC6112758_table_4,1,99.14440000000002,39.230799999999995,0.9190938472747803,0.8663781860351492,1.1991751770019548,2.8975198242187616,0.6573120605468716,0.008738548884608198,0.03056718641990362,0.029225249476710343,0.016755000166880914,0.8663781860351492,2.8975198242187616,1.1991751770019548,0.6573120605468716,2.8975198242187616,0.03056718641990362,2.8975198242187616,0.0,0.0,0.0
PMC6112758_table_4,1,138.83769999999998,39.230799999999995,0.9446700215339661,1.3929464843749884,1.1436293701171891,2.5404871582031205,0.010282849121097115,0.010032912417700586,0.029151314021564415,0.01829825154265103,0.00026211163476393845,1.3929464843749884,2.5404871582031205,1.1436293701171891,0.010282849121097115,2.5404871582031205,0.029151314021564415,2.5404871582031205,0.0,0.0,0.0
PMC6112758_table_4,1,294.9789,17.58,0.899883508682251,4.1316014648437545,1.0899565795898454,1.2026892578124944,0.4868244079589843,0.014006430510262782,0.061999805437420105,0.004077204362117068,0.02769194584522095,4.1316014648437545,1.2026892578124944,1.0899565795898454,0.4868244079589843,4.1316014648437545,0.061999805437420105,4.1316014648437545,0.0,0.0,0.0
PMC6125819_table_1,1,202.2892,55.6939,0.9168953895568848,0.9288207763671892,1.4626107543945324,0.3204618896484419,2.980584545898438,0.004591549011846352,0.02626159695037576,0.001584176958772104,0.053517253162347005,0.9288207763671892,0.3203618896484386,1.4626107543945324,2.980584545898438,2.980584545898438,0.053517253162347005,2.980584545898438,0.0,0.0,0.0
PMC6125819_table_1,1,145.3273,55.6939,0.9052075743675232,1.8794740234374956,1.5918794006347667,0.6669791015625037,2.967103405761719,0.01293269759664905,0.028582652689697917,0.0045894962719496175,0.053275195412095744,1.879574023437499,0.6669791015625037,1.5918794006347667,2.967103405761719,2.967103405761719,0.053275195412095744,2.967103405761719,0.0,0.0,0.0
PMC6125819_table_1,1,151.38859999999994,55.6939,0.9013839364051819,2.0734732421875037,1.4594979614257824,1.9724970703125564,2.869042797851563,0.013696363148793928,0.026205705856939134,0.013029363309473482,0.051514488980867974,2.0734732421875037,1.9724970703125564,1.4594979614257824,2.869042797851563,2.869042797851563,0.051514488980867974,2.869042797851563,0.0,0.0,0.0
PMC6125819_table_1,1,109.6441000000001,31.479100000000003,0.8676316142082214,2.7561884765625564,1.6910729736328136,0.8910191406249623,1.7682412109375036,0.02513759040899195,0.053720499430822785,0.008126466819691727,0.05617191123435878,2.7561884765625564,0.8910191406249623,1.6910729736328136,1.7682412109375036,2.7561884765625564,0.05617191123435878,2.7561884765625564,0.0,0.0,0.0
PMC6132986_table_2,1,120.41069999999999,51.3173,0.9478630423545837,1.5990963684082047,0.2784823364257818,2.420665966796861,0.753134985351565,0.013280351068536308,0.005426675534873849,0.020103412460826663,0.014676044635075597,1.5990963684082047,2.420665966796861,0.2784823364257818,0.753134985351565,2.420665966796861,0.020103412460826663,2.420665966796861,0.0,0.0,0.0
PMC6132986_table_2,1,177.27720000000002,16.3712,0.9598693251609802,1.1028101318359234,0.3342684692382818,1.9533791503906173,0.05872963256835817,0.0062208232747128405,0.02041807987430865,0.011018783861605536,0.0035873749369843486,1.1028101318359234,1.9533791503906173,0.3342684692382818,0.05872963256835817,1.9533791503906173,0.02041807987430865,1.9533791503906173,0.0,0.0,0.0
PMC6132986_table_2,1,174.98199999999997,16.3712,0.9646786451339722,0.6757912597656173,0.4088839477539068,0.3476914062500214,0.08009956665038942,0.0038620615821376904,0.02497580798926815,0.001987012414134148,0.004892711997311706,0.6757912597656173,0.3476914062500214,0.4088839477539068,0.08009956665038942,0.6757912597656173,0.02497580798926815,0.6757912597656173,0.0,0.0,0.0
PMC6132986_table_2,1,150.97250000000003,16.3712,0.9499577879905701,2.1669052734375214,0.38370313110351617,1.7606284179687464,0.02972556762695433,0.014352980002566832,0.023437691256811725,0.01166191470611367,0.0018157231984799115,2.1669052734375214,1.7606284179687464,0.38370313110351617,0.02972556762695433,2.1669052734375214,0.023437691256811725,2.1669052734375214,0.0,0.0,0.0
PMC6151016_table_3,1,127.29690000000001,30.578700000000005,0.9339633584022522,0.5070655456542994,1.785106304931638,0.00920007324219796,0.23047119140625227,0.003983329881986909,0.05837744262940013,7.227256313545702e-05,0.007536984613677241,0.5070655456542994,0.00920007324219796,1.785106304931638,0.23047119140625227,1.785106304931638,0.05837744262940013,1.785106304931638,0.0,0.0,0.0
PMC6151016_table_3,1,251.0824,13.949100000000001,0.8194102644920349,0.583327270507823,1.507152203369138,1.4963973632812326,1.1872397521972644,0.002323250337370612,0.10804655521640377,0.005959785963815993,0.08511228338726257,0.583327270507823,1.4963973632812326,1.507152203369138,1.1872397521972644,1.507152203369138,0.10804655521640377,1.507152203369138,0.0,0.0,0.0
PMC6151016_table_3,1,230.9884,13.949100000000001,0.8238434791564941,3.2458785644531076,1.4162365234374974,0.8073137695312198,1.0849753479003894,0.014052128004926254,0.10152888167964222,0.0034950403116832695,0.07778102873306444,3.2458785644531076,0.8073137695312198,1.4162365234374974,1.0849753479003894,3.2458785644531076,0.10152888167964222,3.2458785644531076,0.0,0.0,0.0
PMC6162424_table_0,1,91.80980000000001,63.8899,0.9514319896697998,0.16649266967773713,0.7817837219238299,0.7639089843750071,1.7368654541015616,0.0018134520462710637,0.012236421123273476,0.00832056037999219,0.027185289914392754,0.16649266967773713,0.7639089843750071,0.7817837219238299,1.7368654541015616,1.7368654541015616,0.027185289914392754,1.7368654541015616,0.0,0.0,0.0
PMC6162424_table_0,1,91.80980000000001,37.810800000000015,0.8947861194610596,0.04798146972656525,1.6168027587890634,0.8366934082031321,2.2711974609374863,0.000522618170680747,0.04276034251560567,0.00911333439570865,0.06006742679174959,0.04798146972656525,0.8366934082031321,1.6168027587890634,2.2711974609374863,2.2711974609374863,0.06006742679174959,2.2711974609374863,0.0,0.0,0.0
PMC6163768_table_0,1,50.7058,42.9265,0.9110121726989746,0.7489166320800749,0.7167274963378887,2.924538562011719,0.15239421386718277,0.014769841558166418,0.01669662088308827,0.05767660823834194,0.003550119713165126,0.7489166320800749,2.924538562011719,0.7167274963378887,0.15239421386718277,2.924538562011719,0.05767660823834194,2.924538562011719,0.0,0.0,0.0
PMC6163768_table_0,1,205.08659999999998,14.374400000000001,0.8629432320594788,1.330880114746094,1.09558034057617,0.6608654296874761,0.9027424865722651,0.0064893567631726995,0.07621746581256747,0.0032223725474383805,0.06280209863175262,1.330880114746094,0.6608654296874761,1.09558034057617,0.9027424865722651,1.330880114746094,0.07621746581256747,1.330880114746094,0.0,0.0,0.0
PMC6163768_table_0,1,197.51460000000003,14.374400000000001,0.9237364530563354,2.793403271484351,0.5885460388183574,1.085948144531244,0.2863026672363276,0.01414276854209436,0.04094404210390398,0.005498065178631067,0.019917538626748076,2.793403271484351,1.085948144531244,0.5885460388183574,0.2863026672363276,2.793403271484351,0.04094404210390398,2.793403271484351,0.0,0.0,0.0
PMC6169061_table_2,1,166.06349999999998,41.9065,0.9592339396476746,0.2510367675781282,0.5944968994140609,2.1609423583984437,0.5536702392578121,0.001511691416705828,0.014186269419160772,0.013012747282807144,0.013212037255743431,0.2510367675781282,2.1609423583984437,0.5944968994140609,0.5536702392578121,2.1609423583984437,0.014186269419160772,2.1609423583984437,0.0,0.0,0.0
PMC6169061_table_2,1,244.5273,25.275800000000004,0.9253554344177246,4.260826391601569,0.6808082397460922,0.6550504394531345,0.7784122863769554,0.017424747222913633,0.02693518067661922,0.002678843791483137,0.030796741799545623,4.260826391601569,0.6550504394531345,0.6808082397460922,0.7784122863769554,4.260826391601569,0.030796741799545623,4.260826391601569,0.0,0.0,0.0
PMC6169061_table_2,1,198.76390000000004,25.275800000000004,0.9324936270713806,3.7397977539062595,0.8896972473144515,1.3266057617187244,0.260349694824221,0.018815276586473997,0.03519956825558247,0.006674279191134427,0.01030035428450221,3.7397977539062595,1.3266057617187244,0.8896972473144515,0.260349694824221,3.7397977539062595,0.03519956825558247,3.7397977539062595,0.0,0.0,0.0
PMC6211744_table_5,1,195.07340000000002,40.67830000000001,0.9375133514404297,2.1598499511718785,1.5494442077636705,2.3592875488281493,0.18844307861327536,0.01107198598666901,0.03809019078387421,0.012094358066390132,0.004632520990633221,2.1598499511718785,2.3592875488281493,1.5494442077636705,0.18844307861327536,2.3592875488281493,0.03809019078387421,2.3592875488281493,0.0,0.0,0.0
PMC6211744_table_5,1,192.89759999999995,40.67830000000001,0.948335587978363,1.8089253417968507,1.695314416503905,0.5780428710937713,0.007511987304681611,0.009377645661723376,0.04167613731409387,0.0029966307050672035,0.00018466817208884366,1.8089253417968507,0.5780428710937713,1.695314416503905,0.007511987304681611,1.8089253417968507,0.04167613731409387,1.8089253417968507,0.0,0.0,0.0
PMC6211744_table_5,1,184.47390000000007,40.67830000000001,0.9147593379020691,1.8683871093750213,2.103311547851561,0.4780714843750502,1.064005957031256,0.01012819216905492,0.05170598446472839,0.002591539965138971,0.026156598408273102,1.8683871093750213,0.4780714843750502,2.103311547851561,1.064005957031256,2.103311547851561,0.05170598446472839,2.103311547851561,0.0,0.0,0.0
