model,detected,iou,max_norm,max_snap,grid_err
v1.0,1,0.9844262599945068,0.00803974879057775,0.6289526428222629,0.0
v1.0,1,0.9641587138175964,0.01747020841129422,3.013534082031242,0.0
v1.0,1,0.9655724167823792,0.010941591230863145,1.85505664062498,0.0
v1.0,1,0.9854668378829956,0.0064217676285133075,0.82044970703123,0.0
v1.0,1,0.9852595329284668,0.010542777858805365,0.5069009765625054,0.0
v1.0,1,0.9691263437271118,0.013750603100002963,1.1689387695312519,0.0
v1.0,1,0.7952855229377747,0.18655015165256159,4.814141406250002,1.0
v1.0,0,0.0,,,
v1.0,1,0.9149564504623413,0.07267764866627745,3.086445312500004,0.0
v1.0,1,0.8754182457923889,0.05844304210109604,13.658628540039075,1.0
v1.0,1,0.8901268839836121,0.07897105401474995,3.213426953124994,0.0
v1.0,1,0.9358757734298706,0.01905403826295234,3.1987217529296856,0.0
v1.0,1,0.948817253112793,0.022717136123104015,1.555483154296894,0.0
v1.0,1,0.9086754322052002,0.055135008448060324,2.243509655761713,0.0
v1.0,1,0.9776400327682495,0.008472766811997183,0.592084570312494,0.0
v1.0,1,0.9820442199707031,0.008513335962734537,0.49787946777342995,0.0
v1.0,1,0.9397293329238892,0.03232770085340075,2.2590888305664123,0.0
v1.0,1,0.9532305598258972,0.025899613967903773,1.3919297851562646,0.0
v1.0,1,0.9476659297943115,0.02929383253690346,1.745173022460932,0.0
v1.0,0,0.00845310278236866,3.65418281740218,7.276606127929682,1.0
v1.0,1,0.9691759347915649,0.012824833187763911,0.9470882812499894,0.0
v1.0,1,0.9283384680747986,0.04073187512288687,1.1380933959960942,0.0
v1.0,1,0.965488851070404,0.028086655435402327,0.6343764343261711,0.0
v1.0,1,0.967422604560852,0.009992185585739008,0.2741182373046911,0.0
v1.0,1,0.8920379877090454,0.04400830898302124,1.3864905761718802,0.0
v1.0,1,0.9056738018989563,0.04834475112458684,1.521370642089849,0.0
v1.0,1,0.9497895240783691,0.026282961864367686,0.7363671142578028,0.0
v1.0,0,0.3610196113586426,1.5518284134373006,5.094134082031246,1.0
v1.0,1,0.9813448190689087,0.012151364924918114,0.5012182128906488,0.0
v1.0,1,0.9599721431732178,0.015486719653227905,1.1144610107421897,0.0
v1.0,1,0.9527324438095093,0.02026729419617565,0.6746697753906119,0.0
v1.0,1,0.9614966511726379,0.017214586407383277,0.563010339355472,0.0
v1.0,1,0.9764692783355713,0.009417875065397732,0.599326257324222,0.0
v1.0,1,0.9603940844535828,0.022515984106810313,1.330461816406256,0.0
v1.0,1,0.9842109084129333,0.0068379840024862856,0.3914773193359409,0.0
v1.0,1,0.981050431728363,0.013716078969790966,0.774472912597659,0.0
v1.0,1,0.9921732544898987,0.0033477444548444734,0.44702915039061963,0.0
v1.0,1,0.9423564076423645,0.026313730861660518,1.4158155517578166,0.0
v1.0,1,0.7800169587135315,0.1732701445598005,16.02795620117186,0.0
v1.0,1,0.9187742471694946,0.06153236448300591,1.071993066406236,0.0
v1.0,1,0.9471368193626404,0.036557088782997814,1.8496721679687766,0.0
v1.0,1,0.8511492013931274,0.07857114600091093,2.3492222656250306,0.0
v1.0,1,0.9586118459701538,0.027064161962634444,1.0999849731445295,0.0
v1.0,1,0.9459489583969116,0.03141036410807335,1.1766416625976603,0.0
v1.0,1,0.9491744041442871,0.01783985917333193,1.1216633056640717,0.0
v1.0,1,0.850210428237915,0.05893846747996794,2.752795800781257,0.0
v1.0,1,0.8660644292831421,0.10293118908191341,6.5663305175781375,0.0
v1.0,1,0.821208119392395,0.06989993793765233,3.7239702636719016,0.0
v1.0,1,0.9048380851745605,0.03954723354885466,2.0424176757812234,0.0
v1.0,1,0.9490863680839539,0.01949508052368535,0.7451598632812875,0.0
v1.0,1,0.9423546195030212,0.023918708984182194,1.1649963867187125,0.0
v1.0,1,0.9395147562026978,0.041053140953869104,1.5378629760742228,0.0
v1.0,0,0.0,56.92074040669029,8.410111035156262,1.0
v1.0,1,0.9530543684959412,0.01754366294380815,1.1644069702148414,0.0
v1.0,1,0.9567369818687439,0.0164973934251563,0.5396610839843703,0.0
v1.0,1,0.968196451663971,0.012047772329997288,0.7699383300781051,0.0
v1.0,1,0.9678382873535156,0.012516436518974433,0.9820471191406455,0.0
v1.0,1,0.951797366142273,0.023154942112164126,1.0010290527343955,0.0
v1.0,1,0.8905305862426758,0.04402022064745447,4.017498095703104,0.0
v1.0,1,0.9457540512084961,0.022075842565325018,1.241174511718782,0.0
v1.0,1,0.9585459232330322,0.0300584144399477,0.4198619445800773,0.0
v1.0,1,0.9093272089958191,0.051718017345955124,3.475176660156251,0.0
v1.0,1,0.9397290349006653,0.03604701375205345,5.627784155273446,0.0
v1.0,1,0.9205671548843384,0.059331274249741335,4.939132788085942,0.0
v1.0,1,0.9117168188095093,0.0732037588288504,6.093971350097661,0.0
v1.0,1,0.9669724702835083,0.0185235005736055,1.8871279296874945,0.0
v1.0,1,0.9642325043678284,0.015009334400528913,0.48045629882813046,0.0
v1.0,1,0.8208226561546326,0.20469176907395745,7.408984765624993,1.0
v1.0,1,0.9767597317695618,0.013945060224975705,2.785731176757821,0.0
v1.0,1,0.9761078953742981,0.008591420802225889,1.2403797851562217,0.0
v1.0,1,0.9470735192298889,0.02354591353025472,1.6813524658203107,0.0
v1.0,1,0.9487199783325195,0.022585938168384913,2.412286608886717,0.0
v1.0,1,0.8033079504966736,0.1347597192828045,14.390262719726564,0.0
v1.0,1,0.9538357853889465,0.014786741489242044,1.5789977539062647,0.0
v1.0,1,0.9637657403945923,0.02024912023443059,2.402536621093759,0.0
v1.0,1,0.9643521904945374,0.014614940938085262,0.42619213867187966,0.0
v1.0,1,0.9861127734184265,0.0050233891073613824,0.42473809814453034,0.0
v1.0,1,0.9557204246520996,0.019970639067307276,2.1296509765624876,0.0
v1.0,1,0.9617032408714294,0.015236985878687867,0.7900759277343923,0.0
v1.0,1,0.9625353217124939,0.015405378692632598,0.8783795410156188,0.0
v1.0,1,0.8632401823997498,0.07447670893333218,6.855850195312485,0.0
v1.0,1,0.8921667337417603,0.06053478183298464,3.0577544921874846,0.0
v1.0,1,0.8852831721305847,0.07232457673522788,2.8261527343750004,0.0
v1.0,1,0.9001251459121704,0.08062819968315879,1.0026922912597627,0.0
v1.0,1,0.9691876173019409,0.01216616201960108,0.4396402221679665,0.0
v1.0,1,0.9502221345901489,0.02611819210025156,0.8062478881835915,0.0
v1.0,1,0.951158881187439,0.019261169104582757,0.6937443481445342,0.0
v1.0,1,0.936136782169342,0.03490159617730058,1.0496724853515502,0.0
v1.0,1,0.9424774646759033,0.027634348903996103,0.8329540283203016,0.0
v1.0,1,0.9453269839286804,0.021437292310071476,1.2066685424804717,0.0
v1.0,1,0.9712488055229187,0.012794168884551375,0.9077526794433624,0.0
v1.0,1,0.9749321937561035,0.00857026928333704,0.7203045654297,0.0
v1.0,1,0.9374509453773499,0.029566828681166106,1.992490844726575,0.0
v1.0,1,0.9199415445327759,0.05453350089740194,6.98046262207032,0.0
v1.0,1,0.8690488338470459,0.0666705228250414,7.716205566406245,1.0
v1.0,1,0.960270345211029,0.020768003443765077,1.4849247070312686,0.0
v1.0,1,0.9801881909370422,0.012640743922724908,0.3564993164062571,0.0
v1.0,1,0.9855318665504456,0.0062895495636096956,0.40934464111327884,0.0
v1.0,1,0.9646782875061035,0.0207966532199872,1.129397607421879,0.0
v1.0,1,0.9894168376922607,0.004315779830950622,0.4604144531249972,0.0
v1.0,1,0.953785240650177,0.01731230096855132,1.488251855468775,0.0
v1.0,1,0.9798526167869568,0.010024397345981284,0.7732532714843501,0.0
v1.0,1,0.9621073603630066,0.017983259173514267,1.6716745117187202,0.0
v1.0,1,0.7291480898857117,0.28135402399984233,10.660250750732423,0.0
v1.0,1,0.884454071521759,0.08612357063319338,3.2631445800781265,0.0
v1.0,1,0.7190811634063721,0.2491835297362676,3.230639544677736,0.0
v1.0,0,0.0,1.8116004586708028,2.3291350280761733,1.0
v1.0,1,0.6873610019683838,0.20373487890712386,27.932730029296863,0.0
v1.0,1,0.9770035743713379,0.007379039675328638,1.842749267578128,0.0
v1.0,1,0.955807089805603,0.015068666736882563,1.194190332031269,0.0
v1.0,1,0.9649295806884766,0.012214141750627634,1.2994704589843877,0.0
v1.0,1,0.9630472660064697,0.012766993350346853,0.9621704101562045,0.0
v1.0,1,0.9735662341117859,0.011304702083387021,0.3389127075195262,0.0
v1.0,1,0.9762095212936401,0.008586494759317007,0.430829541015612,0.0
v1.0,1,0.9779526591300964,0.00911478472457521,0.833875195312487,0.0
v1.0,1,0.964531660079956,0.01970670327440295,0.9713493164063038,0.0
v1.0,1,0.969149112701416,0.008926726780010247,1.3140449707031223,0.0
v1.0,1,0.9815757870674133,0.006661663254694391,0.7625274414062346,0.0
v1.0,1,0.9759472012519836,0.011871571941451546,0.648097070312474,0.0
v1.0,1,0.9767246842384338,0.011628140237313057,0.7779365356445282,0.0
v1.0,1,0.9812175035476685,0.01099139257696936,0.949136425781262,0.0
v1.0,1,0.9679638147354126,0.017204462741566243,0.7770602050781292,0.0
v1.0,1,0.9787936806678772,0.015394049847188264,0.2635365234375513,0.0
v1.0,1,0.9878965020179749,0.005847899930635781,0.8599443359374845,0.0
v1.0,1,0.9626650214195251,0.014327447581017977,3.7638139648437345,0.0
v1.0,1,0.8880184888839722,0.08781197742864182,5.894466796875008,0.0
v1.0,1,0.9541367292404175,0.029080388453554595,1.1399570434570307,0.0
v1.0,1,0.8394017815589905,0.08486169064757876,5.435747705078143,0.0
v1.0,1,0.9149206280708313,0.035664851395596595,1.9635711914062455,0.0
v1.0,1,0.9554930329322815,0.01760330952936295,1.036787402343748,0.0
v1.0,0,0.375282883644104,0.5767355293579792,5.251952709960932,1.0
v1.0,1,0.9755229949951172,0.01218605050689381,2.6316312255859486,0.0
v1.0,0,0.3758622407913208,0.5192607189531118,12.630510595703129,1.0
v1.0,0,0.0,,,
v1.0,0,0.0,,,
v1.0,1,0.9720761775970459,0.011700767987843943,1.0747396972656134,0.0
v1.0,1,0.9778195023536682,0.014949529549231481,1.8858053710937384,0.0
v1.0,1,0.9666045308113098,0.01715580845872915,0.8375071105957019,0.0
v1.0,1,0.9844286441802979,0.0063239740491459594,0.5917745361328173,0.0
v1.0,1,0.954602837562561,0.02883840621468308,2.072656628417974,0.0
v1.0,1,0.9636628031730652,0.012216984095853377,2.87176704101563,0.0
v1.0,1,0.963392436504364,0.017560956793959522,1.874382714843705,0.0
v1.0,1,0.9773645401000977,0.007770388001719111,0.41706250000004275,0.0
v1.0,1,0.9729933142662048,0.015332594496026811,0.6305984619140759,0.0
v1.0,1,0.9690751433372498,0.01638602064253659,1.4601730468750134,0.0
v1.0,1,0.9813845753669739,0.00932308637909688,0.9787658203125034,0.0
v1.0,1,0.9631752371788025,0.012765303977915289,2.10091406250001,0.0
v1.0,1,0.9699984192848206,0.013888584725230056,0.455760852050787,0.0
v1.0,1,0.9675463438034058,0.012233938604346356,0.9357788574218944,0.0
v1.0,1,0.9554983377456665,0.021249459434847958,0.8885376464843944,0.0
v1.0,1,0.9378569722175598,0.03912756831470142,1.2727258911132822,0.0
v1.0,1,0.9740670323371887,0.014085552551609965,0.9176596557617245,0.0
v1.0,1,0.9477975368499756,0.027631449192141416,1.0676459228515682,0.0
v1.0,1,0.9572662711143494,0.018633052890915925,0.9782446777343807,0.0
v1.0,1,0.8725855350494385,0.062144798190374884,2.1520619323730443,0.0
v1.0,1,0.9075503349304199,0.05704851827259092,1.9755787780761693,0.0
v1.0,1,0.9079892039299011,0.054812341497322586,1.8981404235839818,0.0
v1.0,1,0.8806989192962646,0.06022069475522158,3.3705624511718497,0.0
v1.0,1,0.8064889907836914,0.14279347239417356,3.1403073242187247,0.0
v1.0,1,0.9253719449043274,0.034600215844314344,4.130450903320309,0.0
v1.0,1,0.9145604968070984,0.04326590616209132,2.736061865234376,0.0
v1.0,1,0.9194830060005188,0.041807929871148286,2.5753183105468906,0.0
v1.0,1,0.8879830837249756,0.07519246670090085,2.372585498046874,0.0
v1.0,1,0.9390376210212708,0.027084326532471132,1.7662556030273464,0.0
v1.0,1,0.903316080570221,0.04425634890366094,2.8860981323242214,0.0
v1.0,1,0.8429691195487976,0.13310054856952921,8.412527001953094,0.0
v1.0,1,0.8326402902603149,0.13185064075074324,4.123800195312469,0.0
v1.0,1,0.9176245927810669,0.053697531525148307,1.6917729492187163,0.0
v1.0,1,0.9220293164253235,0.03056905736695705,1.898228869628909,0.0
v1.0,1,0.9101254343986511,0.04851390605131279,3.1637470581054714,0.0
v1.0,1,0.9164926409721375,0.053135062633512836,1.6721285400390684,0.0
v1.0,1,0.9338926672935486,0.027099761899645816,0.6734372131347683,0.0
v1.0,1,0.9743360280990601,0.012023531570125529,0.5309735107422,0.0
v1.0,1,0.9478405714035034,0.027603448428056954,0.8910890014648487,0.0
v1.0,1,0.9807665944099426,0.015850742877742612,0.47318430175781145,0.0
v1.0,1,0.9551353454589844,0.030664458023988917,2.041123083496089,0.0
v1.0,1,0.9451550245285034,0.041337457616189725,1.03268823242189,0.0
v1.0,1,0.9739915728569031,0.01038899256847077,0.9933871582031202,0.0
v1.0,1,0.9871022701263428,0.007699831879675039,0.4297392578125141,0.0
v1.0,1,0.9766561985015869,0.011138319699528183,0.8510039062500141,0.0
v1.0,1,0.973253071308136,0.01587005673396837,0.925885937500027,0.0
v1.0,0,0.0,,,
v1.0,1,0.9797414541244507,0.015531088577532815,0.5996833740234422,0.0
v1.0,1,0.9330905675888062,0.038672560866364024,1.3113537109375102,0.0
v1.0,1,0.9621424078941345,0.027115043962109807,1.1515732055664074,0.0
v1.0,1,0.9417110681533813,0.04140757251293713,1.7585754638671887,0.0
v1.0,1,0.9746645092964172,0.0163541394522723,1.4040246093750284,0.0
v1.0,1,0.9905959367752075,0.0034976631777350283,0.3298275390625065,0.0
v1.0,1,0.9799626469612122,0.011021741815969073,0.9334652343750065,0.0
v1.0,1,0.9767209887504578,0.011004853168247276,0.45865771484375273,0.0
v1.0,1,0.9858048558235168,0.005393584658137495,0.3584423828125409,0.0
v1.0,1,0.8967942595481873,0.07029631202211967,3.702787939453131,0.0
v1.0,1,0.8482372760772705,0.0821599743353382,4.552656713867194,0.0
v1.0,1,0.8893747925758362,0.09310605540815514,4.602623364257823,0.0
v1.0,1,0.9851500391960144,0.010625678163144858,0.5481999877929695,0.0
v1.0,1,0.9754918813705444,0.009519398819312814,3.4324696044921836,0.0
v1.0,1,0.9783430695533752,0.012618796853875737,0.651028967285157,0.0
v1.0,1,0.9475169777870178,0.02225631468773499,2.673909423828121,0.0
v1.0,1,0.978793203830719,0.007319011630110052,0.5800124023437547,0.0
v1.0,1,0.969399094581604,0.022259142536483575,0.840756750488282,0.0
v1.0,1,0.9138404726982117,0.0463879780947571,1.4595513427734375,0.0
v1.0,1,0.8583829998970032,0.09210826122934623,2.795872583007821,0.0
v1.0,1,0.8614370822906494,0.08726740580575007,2.8489579101562583,0.0
v1.0,1,0.9660669565200806,0.0225444291154734,0.8711483032226539,0.0
v1.0,1,0.9343544840812683,0.041415881659975354,2.5954163085937125,0.0
v1.0,1,0.8642315864562988,0.08359395558720574,2.6306599853515706,0.0
v1.0,1,0.9357622861862183,0.03233375770397105,2.220488476562508,0.0
v1.0,1,0.9696865677833557,0.023306789158180703,1.4685770996093765,0.0
v1.0,1,0.9546443223953247,0.037042550545364955,1.0956334472656408,0.0
v1.0,1,0.931016206741333,0.03407198022044715,0.9545844482422012,0.0
v1.0,1,0.9537171125411987,0.0356438847591608,4.363909326171864,0.0
v1.0,1,0.9345656633377075,0.036710474981910234,4.103945336914052,0.0
v1.0,1,0.9610324501991272,0.02989644697994435,0.7797232543945327,0.0
v1.0,1,0.9655621647834778,0.020258824067010912,1.1086094482421913,0.0
v1.0,1,0.9705047011375427,0.013134989792664847,1.4056383056640698,0.0
v1.0,1,0.8414955139160156,0.14378222133260815,5.017898876953097,0.0
v1.0,1,0.9039636850357056,0.04656166903422169,4.055412060546871,0.0
v1.0,1,0.9138639569282532,0.06455831294320906,2.255473779296892,0.0
v1.0,1,0.8432947397232056,0.12878724166122157,4.493541406250017,0.0
v1.0,1,0.9665468335151672,0.01986896405741272,0.693283789062491,0.0
v1.0,1,0.9714236855506897,0.02372871768701647,1.444561621093726,0.0
v1.0,1,0.9355197548866272,0.043347327808309286,1.655560156249976,0.0
v1.0,1,0.9060841202735901,0.043680025063765206,2.390271435546879,0.0
v1.0,1,0.9343987703323364,0.05273257926770149,2.8856480224609413,0.0
v1.0,1,0.9464360475540161,0.04302670196196873,2.3545200927734413,0.0
v1.0,1,0.9369512796401978,0.049877671637422676,2.729420910644535,0.0
v1.0,1,0.9559066891670227,0.025059807662325396,1.5504145507812552,0.0
v1.0,1,0.9366955757141113,0.02348373656257371,3.0680689697265677,0.0
v1.0,1,0.8753725290298462,0.043980353153799945,5.178458154296891,0.0
v1.0,1,0.8846914172172546,0.04956855671514884,3.692202783203129,0.0
v1.0,1,0.9764295816421509,0.0135567236955444,0.4366430908203114,0.0
v1.0,1,0.9758516550064087,0.01191281498647679,1.0595222167968643,0.0
v1.0,1,0.9776790738105774,0.017347011711958495,0.5587229614257865,0.0
v1.0,1,0.9696986079216003,0.016848864735709335,0.7949253906249965,0.0
v1.0,1,0.958601176738739,0.016450678778945262,0.5331887695311934,0.0
v1.0,1,0.9698772430419922,0.023174036935220237,0.668109802246093,0.0
v1.0,1,0.7655866742134094,0.19799696617572726,6.054133435058596,0.0
v1.0,1,0.9809420704841614,0.012290527630973075,1.3476625000000126,0.0
v1.0,1,0.9835193157196045,0.007601259156377428,2.0335549804687503,0.0
v1.0,1,0.9865800738334656,0.00618567647616525,0.3413839843749997,0.0
v1.0,1,0.9652753472328186,0.013322046761433639,3.0538141113281085,0.0
v1.0,1,0.9788398146629333,0.01378182459752969,1.057362255859374,0.0
v1.0,1,0.9388946294784546,0.02353243403740617,3.115458642578119,0.0
v1.0,1,0.974414050579071,0.014349545697350351,0.4402842407226615,0.0
v1.0,1,0.9000000357627869,0.049922654949858064,1.8013990966796882,0.0
v1.0,0,0.0,5.532441027901043,5.633102050781247,1.0
v1.0,1,0.9034232497215271,0.06265508856891805,3.181681787109369,0.0
v1.0,1,0.9443780183792114,0.0309853991378278,1.573466455078119,0.0
v1.0,1,0.9592956900596619,0.020221502834357887,1.026866113281244,0.0
v1.0,0,0.0,,,
v1.0,0,0.0,,,
v1.0,0,0.0,,,
v1.0,0,0.0,,,
v1.0,1,0.9747360944747925,0.011639821662438791,1.1287118896484287,0.0
v1.0,1,0.9719385504722595,0.02228782274424507,1.1447031005859287,0.0
v1.0,1,0.9868791699409485,0.004791119138983439,0.32085012207031127,0.0
v1.0,1,0.9449036717414856,0.02727519788331879,1.5649001953124753,0.0
v1.0,1,0.9820964336395264,0.014416034658401794,0.47960356445310026,0.0
v1.0,1,0.8490215539932251,0.08073524645434059,7.764946459960925,0.0
v1.0,1,0.8864468932151794,0.03967075938645542,3.7953055175781287,0.0
v1.0,1,0.8726723790168762,0.06577062385550346,6.252214697265629,0.0
v1.0,1,0.903762936592102,0.06779892111172924,7.282132958984391,0.0
v1.0,1,0.8785907030105591,0.04588201651703061,4.785734033203141,0.0
v1.0,1,0.9164727330207825,0.04004197722745855,2.825095312500025,0.0
v1.0,1,0.9660534858703613,0.018174076339063552,3.3466398437499834,0.0
v1.0,0,0.49121880531311035,0.9429974967382014,7.595552050781237,1.0
v1.0,1,0.9848957061767578,0.008433902463787214,0.40402694091797287,0.0
v1.0,1,0.9685311317443848,0.01971359414310371,0.4726946777343528,0.0
v1.0,1,0.9721738696098328,0.013952368202486777,2.3971061523437243,0.0
v1.0,1,0.9900742173194885,0.008257497556461936,1.2377815429687757,0.0
v1.0,1,0.9824159741401672,0.007391523753383878,0.4824594726562452,0.0
v1.0,1,0.9777960777282715,0.014938136030249672,1.2150797119140577,0.0
v1.0,1,0.9835066199302673,0.006802297109146959,0.7194851806640656,0.0
v1.0,1,0.976949155330658,0.011887724932542934,0.9201573242187351,0.0
v1.0,1,0.9659286737442017,0.01796163870481873,1.1096310058593701,0.0
v1.0,1,0.9282933473587036,0.03359802921940643,4.683505590820317,0.0
v1.0,1,0.9537770748138428,0.038192310496123594,5.324091406249977,0.0
v1.0,1,0.9453770518302917,0.028780723858022474,4.012079687499977,0.0
v1.0,1,0.9718650579452515,0.016489772894206216,2.229577246093754,0.0
v1.0,1,0.963092029094696,0.021930130469108012,0.7946426635742228,0.0
v1.0,1,0.9685339331626892,0.014913401372814637,1.033857568359366,0.0
v1.0,1,0.919151782989502,0.037411850676103926,1.449232324218741,0.0
v1.0,1,0.8620705008506775,0.09924187084928736,3.3058757324218675,0.0
v1.0,1,0.9788771867752075,0.0098107428868576,1.0188140869140625,0.0
v1.0,1,0.9685697555541992,0.0164614595881793,0.988100976562464,0.0
v1.0,1,0.9685555696487427,0.019099869590983948,0.6321212158203195,0.0
v1.0,1,0.9462894201278687,0.03109775628922104,2.226017822265618,0.0
v1.0,1,0.8444650769233704,0.07508635646388372,2.751224169921869,0.0
v1.0,1,0.9328177571296692,0.05463610905136242,3.908253662109388,0.0
v1.0,1,0.9568766355514526,0.01944525220544731,0.5789959960937381,0.0
v1.0,0,0.0,2.537542268692954,2.985688281249992,1.0
v1.0,1,0.7975133061408997,0.16720150080258572,4.193894580078123,1.0
v1.0,0,0.48882991075515747,0.9887132032497318,1.4620829345703044,1.0
v1.0,1,0.5852084755897522,0.6458831429628168,5.988056665039068,1.0
v1.0,1,0.6421853303909302,0.5429143241420099,7.787426477050786,1.0
v1.0,1,0.9105881452560425,0.04689805053368955,2.4775624511718775,0.0
v1.0,0,0.0,1.0331696985022776,4.5726552246093775,1.0
v1.0,1,0.9184519648551941,0.05294422247969254,1.3356409179687034,0.0
v1.0,1,0.8793095350265503,0.041878743390802865,5.355666088867196,0.0
v1.0,1,0.5038983821868896,0.3586776631530755,5.969006066894536,0.0
v1.0,1,0.6479077339172363,0.3263538030537551,14.393508129882818,0.0
v1.0,1,0.9126003980636597,0.052268458754478976,5.798270800781239,0.0
v1.0,1,0.8866665363311768,0.0679359782764856,7.536307910156239,0.0
v1.0,1,0.8979766964912415,0.08192951169982299,9.088645556640614,0.0
v1.0,1,0.9132618308067322,0.06728041395879804,7.463584521484364,0.0
v1.0,1,0.9101638197898865,0.0938860640109835,10.415015795898427,0.0
v1.0,1,0.9107287526130676,0.05645665846074298,10.209418872070302,0.0
v1.0,0,0.0,,,
v1.0,1,0.9721092581748962,0.014843475114415207,0.7733029296875031,0.0
v1.0,1,0.9509252905845642,0.04560380680696116,0.737518444824218,0.0
v1.0,1,0.9914129972457886,0.004730718588428341,0.14304870605468523,0.0
v1.0,1,0.976781964302063,0.015655650398883506,2.4258993896484355,0.0
v1.0,1,0.990426778793335,0.003927974720001495,0.9619302246093753,0.0
v1.0,0,0.0,,,
v1.0,1,0.99074786901474,0.004911304741612619,0.1995168945312571,0.0
v1.0,1,0.9593676924705505,0.01336052382570352,5.775840161132805,0.0
v1.0,1,0.9892473816871643,0.005596907911312668,0.20839694824218924,0.0
v1.0,1,0.9815070033073425,0.009086235218152057,1.0709618347167975,0.0
v1.0,1,0.9868863224983215,0.008032600715506988,0.4870567443847662,0.0
v1.0,1,0.9092515707015991,0.07346126049807174,5.425760546874983,0.0
v1.0,1,0.9652671813964844,0.019627559199930027,2.513742724609358,0.0
v1.0,1,0.9732755422592163,0.01027182022981663,1.8553084960937554,0.0
v1.0,1,0.9703264832496643,0.01719154027468686,0.9007060546875039,0.0
v1.0,1,0.9567657709121704,0.02028149159765198,1.0734608154296836,0.0
v1.0,1,0.9817541241645813,0.009393299554772997,0.6644876464843747,0.0
v1.0,1,0.9836562275886536,0.007800274608492165,0.4122952148437662,0.0
v1.0,1,0.9692496061325073,0.019502378285352853,1.0322238281249838,0.0
v1.0,1,0.9610649943351746,0.021863331153561903,1.0870645019531366,0.0
v1.0,1,0.9801430702209473,0.01127739451197027,0.8237005859375017,0.0
v1.0,1,0.9715763926506042,0.013092300799026832,2.2227484375000017,0.0
v1.0,1,0.8924791812896729,0.04539409568401974,5.771881738281252,0.0
v1.0,0,0.0,,,
v1.0,1,0.9740200638771057,0.01024314633207608,0.9544226806640665,0.0
v1.0,1,0.9897905588150024,0.006404369598231827,0.743134228515629,0.0
v1.0,1,0.9557372331619263,0.02889256184280191,0.8715602539062388,0.0
v1.0,1,0.9567362070083618,0.0186098730677355,1.7580412109374493,0.0
v1.0,1,0.9597541093826294,0.015392232750321092,0.6147486328125069,0.0
v1.0,1,0.9001266956329346,0.055475144064842205,1.5374547851562568,0.0
v1.0,1,0.961310863494873,0.024626391745069046,0.6703303833007794,0.0
v1.0,1,0.9504906535148621,0.030359143120771814,1.1820210937500022,0.0
v1.0,1,0.9146843552589417,0.05043774494371,0.9706500488281335,0.0
v1.0,1,0.9078401923179626,0.05219007469288692,1.4660113769531335,0.0
v1.0,1,0.9044995307922363,0.06161116674453211,1.0638646606445334,0.0
v1.0,1,0.9002990126609802,0.06294154114563441,1.0868367675781272,0.0
v1.0,1,0.97090083360672,0.01811962402804768,0.9428270263671834,0.0
v1.0,1,0.9360671043395996,0.027916090874464793,1.535420263671881,0.0
v1.0,1,0.887693464756012,0.05007357757296827,11.836232031250006,0.0
v1.0,1,0.9361351132392883,0.03761303653483241,1.4672318969726632,0.0
v1.0,1,0.964155912399292,0.013344056961233182,0.6432888183593661,0.0
v1.0,1,0.9732359647750854,0.011253325411371761,0.6754696044921786,0.0
v1.0,1,0.9802663922309875,0.00680660670304159,0.730385742187508,0.0
v1.0,1,0.979624330997467,0.01269456694557052,1.6970327148437718,0.0
v1.0,1,0.9206122159957886,0.03689172874549236,6.058691308593723,0.0
v1.0,1,0.8943434953689575,0.07896144781320896,7.719128076171899,1.0
v1.0,1,0.9674109220504761,0.020978395538016645,3.199549365234361,0.0
v1.0,1,0.9467884302139282,0.023653688237587525,1.3394799804686954,0.0
v1.0,1,0.9478307962417603,0.02820792921446317,1.1800561523436954,0.0
v1.0,1,0.9832899570465088,0.006584249115066772,0.588346411132818,0.0
v1.0,1,0.9257469773292542,0.0383720782763924,2.6468289062499935,0.0
v1.0,1,0.6998649835586548,0.16149786760638735,5.718946337890628,0.0
v1.0,1,0.9418705701828003,0.024629029717403092,4.3744900390624935,0.0
v1.0,1,0.6843944191932678,0.335601924601413,5.750416357421869,1.0
v1.0,0,0.18177556991577148,1.2312288717564854,8.465425561523432,1.0
v1.0,1,0.9782958030700684,0.012668186875767654,0.8962982910156256,0.0
v1.0,1,0.846060037612915,0.07533248068003527,2.701154052734381,0.0
v1.0,1,0.7381209135055542,0.2743842391769564,7.989405322265611,1.0
v1.0,0,0.0,9.16526705522595,2.925901953124992,1.0
v1.0,1,0.9423101544380188,0.036245851123090686,6.417668652343764,0.0
v1.0,1,0.7315622568130493,0.14677213247877155,5.197480078125011,0.0
v1.0,0,0.42112433910369873,0.4070056288127193,3.8017591308593524,1.0
v1.0,1,0.72812420129776,0.16305511019411265,5.774074951171883,0.0
v1.0,1,0.7239446043968201,0.14743817386642913,8.796304003906243,0.0
v1.0,0,0.3368833363056183,0.9423951147072022,5.698274072265633,1.0
v1.0,0,0.2800253927707672,0.7145773816853093,0.6472752685546936,1.0
v1.0,1,0.9607626795768738,0.02892793129627241,1.2896013916015647,0.0
v1.0,1,0.8970126509666443,0.08035021035034985,5.417280517578121,1.0
v1.0,1,0.9110673666000366,0.045890600262589766,1.3637952148437478,0.0
v1.0,1,0.9384000897407532,0.053029670164115944,2.2900332763671827,0.0
v1.0,1,0.9815312623977661,0.010509283765711497,0.7731649475097626,0.0
v1.0,1,0.8022139072418213,0.12900205733572842,13.41450371093751,0.0
v1.0,1,0.983135998249054,0.00571644699508915,0.5860667236328254,0.0
v1.0,1,0.9317086935043335,0.0579576238927003,1.370705126953112,0.0
v1.0,1,0.9418335556983948,0.05414986248548499,0.8309242248535185,0.0
v1.0,1,0.923072099685669,0.052004221125840466,2.335463232421887,0.0
v1.0,1,0.9470540285110474,0.04159644739714684,0.6655265197753906,0.0
v1.0,1,0.9818979501724243,0.008396367135349319,0.9395971435546926,0.0
v1.0,1,0.9747941493988037,0.016816498912695425,1.8266821044921926,0.0
v1.0,1,0.9884967803955078,0.004754197448130944,0.381245117187504,0.0
v1.0,1,0.9777598977088928,0.010075717365253947,1.6113896484375232,0.0
v1.0,1,0.9538097977638245,0.025443320458136177,4.902303735351552,0.0
v1.0,1,0.9412981867790222,0.030036513217736757,0.8891087036132745,0.0
v1.0,1,0.9623609185218811,0.029700513380744593,1.7116682983398448,0.0
v1.0,1,0.969862163066864,0.011171281561846342,0.6438489929199207,0.0
v1.0,1,0.9727420806884766,0.016898754565528758,0.9829343505859356,0.0
v1.0,1,0.9415300488471985,0.01799595246639269,1.046960546874999,0.0
v1.0,1,0.9777308106422424,0.01782496672672701,1.036172265624998,0.0
v1.0,1,0.9537680745124817,0.03586507419026082,2.085051953125003,0.0
v1.0,1,0.9546258449554443,0.030531847951971152,1.777191699218747,0.0
v1.0,1,0.8907392621040344,0.052184610014009106,3.0375513427734404,0.0
v1.0,1,0.9787977933883667,0.013644763971665036,0.7493349609375173,0.0
v1.0,1,0.9746528267860413,0.010418913985991615,0.6036656249999623,0.0
v1.0,1,0.9636408090591431,0.01247220569230138,1.59740214843751,0.0
v1.0,1,0.9362391829490662,0.03229821564668362,2.4737590942382752,0.0
v1.0,1,0.9427847266197205,0.021721325080630915,1.770309326171855,0.0
v1.0,1,0.9478819370269775,0.0209445221588553,2.064679577636717,0.0
v1.0,1,0.940306544303894,0.029225393311627882,2.880995434570309,0.0
v1.0,1,0.877813458442688,0.057966203361025016,1.6092113647460877,0.0
v1.0,1,0.8698726296424866,0.09659054220824591,2.6814693603515565,0.0
v1.0,1,0.9715021252632141,0.013767650944801431,1.3571943786621077,0.0
v1.0,1,0.9659496545791626,0.031098601676679525,0.9588134277343769,0.0
v1.0,1,0.9552026987075806,0.030671246306651932,0.9456374633789082,0.0
v1.0,1,0.9224334955215454,0.06793659172849331,1.022595166015627,0.0
v1.0,1,0.9572398066520691,0.02988866879784344,0.9215095031738301,0.0
v1.0,1,0.9818495512008667,0.008269901741147077,0.2951312255859335,0.0
v1.0,1,0.9660988450050354,0.019490126473529216,0.690182409667969,0.0
v1.0,1,0.6059848070144653,0.38645665093787285,0.5539406494140593,1.0
v1.0,1,0.9774013161659241,0.0075970097961901555,1.0597296874999529,0.0
v1.0,1,0.9751132130622864,0.010891873055707997,1.0015496093750471,0.0
v1.0,1,0.8992921710014343,0.05235938365739841,6.474721078491214,0.0
v1.0,1,0.9046663641929626,0.06666675368431098,1.929740075683597,0.0
v1.0,0,0.0,3.7748189516822572,2.5653503906249853,1.0
v1.0,1,0.9734886884689331,0.020341963209386617,1.0770133789062584,0.0
v1.0,1,0.877938449382782,0.11169044935764534,4.68175043945314,1.0
v1.0,1,0.9783787131309509,0.00993799760852167,0.5041248046874784,0.0
v1.0,0,0.0,,,
v1.0,0,0.0,,,
v1.0,0,0.0,,,
v1.0,0,0.0,,,
v1.0,0,0.0,,,
v1.0,0,0.0,,,
v1.0,0,0.0,,,
v1.0,0,0.0,,,
v1.0,0,0.0,,,
v1.0,0,0.0,,,
v1.0,0,0.0,,,
v1.0,0,0.0,,,
v1.0,0,0.0,,,
v1.0,0,0.0,,,
v1.0,0,0.0,,,
v1.0,0,0.0,,,
v1.0,0,0.0,,,
v1.0,0,0.0,,,
v1.0,0,0.0,,,
v1.0,0,0.0,,,
v1.0,0,0.0,,,
v1.0,0,0.0,,,
v1.0,0,0.0,,,
v1.0,0,0.0,,,
v1.0,0,0.0,,,
v1.0,0,0.0,,,
v1.0,0,0.0,,,
v1.0,0,0.0,,,
v1.0,0,0.0,,,
v1.0,0,0.0,,,
v1.0,0,0.0,,,
v1.0,0,0.0,,,
v1.0,0,0.0,,,
v1.0,0,0.0,,,
v1.0,0,0.0,,,
v1.0,0,0.0,,,
v1.0,0,0.0,,,
v1.0,0,0.0,,,
v1.0,1,0.9616535305976868,0.01678111667271554,1.3124159179687354,0.0
v1.0,1,0.9824894666671753,0.005650231563698363,0.4336987792968898,0.0
v1.0,1,0.9622321724891663,0.01973024534862355,0.9592450683593796,0.0
v1.0,1,0.9480917453765869,0.02907157035419407,1.4920285766601609,0.0
v1.0,1,0.9805604219436646,0.01637130222229904,1.3468179199218753,0.0
v1.0,1,0.9151098728179932,0.04727758160340882,2.426441503906233,0.0
v1.0,1,0.8965362310409546,0.07135303186741228,3.543598486328108,0.0
v1.0,1,0.9810212254524231,0.00995684399326342,0.4673229980468818,0.0
v1.0,1,0.9805552363395691,0.006915668326315237,0.6865711914062445,0.0
v1.0,1,0.9719816446304321,0.01748234039443834,1.9011468261718676,0.0
v1.0,1,0.9735004901885986,0.012258476804140975,2.07940483398437,0.0
v1.0,1,0.9716687798500061,0.021629248725931256,5.16271782226562,0.0
v1.0,1,0.9477818608283997,0.018365356190687642,2.5878849121093594,0.0
v1.0,1,0.9503448605537415,0.01771910977815955,3.370669042968757,0.0
v1.0,1,0.9455382227897644,0.030225633321350753,1.1244661010742192,0.0
v1.0,1,0.8309706449508667,0.06599639533638052,3.4671008300781523,0.0
v1.0,1,0.8759955167770386,0.09732974960535277,6.388734497070317,0.0
v1.0,0,0.0,,,
v1.0,0,0.0,,,
v1.0,0,0.0,,,
v1.0,0,0.0,,,
v1.0,0,0.0,,,
v1.0,0,0.0,,,
v1.0,1,0.9615475535392761,0.020402768659899543,1.7952804199218804,0.0
v1.0,1,0.9455357789993286,0.04059378295360491,5.747093237304682,0.0
v1.0,1,0.9642461538314819,0.019720885535751537,2.0950601074218866,0.0
v1.0,1,0.949894368648529,0.016978502676448876,1.1350991699218866,0.0
v1.0,1,0.906001627445221,0.05472503069983563,3.1814943847656423,0.0
v1.0,1,0.969895601272583,0.0151490595811493,1.1045030761718806,0.0
v1.0,1,0.9694921970367432,0.020335061926331,0.7853807617187556,0.0
v1.0,1,0.9824663400650024,0.007801196650859597,0.8225386718750087,0.0
v1.0,1,0.9698750376701355,0.01401303196464821,0.6830428222656337,0.0
v1.0,1,0.9474470615386963,0.037296221593994594,1.3006758911132863,0.0
v1.0,1,0.9731588363647461,0.011426114659784858,0.40471928710937277,0.0
v1.0,1,0.9815518856048584,0.010614638984048469,0.3758855957031244,0.0
v1.0,1,0.9626965522766113,0.018458367594903005,0.6523205566406318,0.0
v1.0,1,0.9316084384918213,0.028733494028490555,1.0175076171875048,0.0
v1.0,1,0.8683193922042847,0.08118097575547897,4.31215483398438,0.0
v1.0,1,0.9032094478607178,0.06213999018941393,2.199991784667972,0.0
v1.0,1,0.9413610696792603,0.029568055916149416,1.3838973754882744,0.0
v1.0,1,0.8960646986961365,0.059734179393974685,2.1105817871093677,0.0
v1.0,1,0.9081922769546509,0.05130737577419101,1.8164812011718823,0.0
v1.0,1,0.9696512222290039,0.01877477802744679,0.7286786865234376,0.0
v1.0,1,0.9042954444885254,0.05253962961779515,1.8601025390624955,0.0
v1.0,1,0.9904206395149231,0.006704557734561296,0.3137987792968602,0.0
v1.0,1,0.779465913772583,0.134846084837203,4.774063818359366,0.0
v1.0,1,0.9246910810470581,0.046670305477909776,1.650649365234358,0.0
v1.0,1,0.9205523729324341,0.040037169272588505,1.288680371093733,0.0
v1.0,1,0.989801824092865,0.005097295015769734,0.353079431152338,0.0
v1.0,1,0.9752928018569946,0.018209247048352282,1.3724691894531134,0.0
v1.0,1,0.9423214197158813,0.02751656898367943,1.5539381347656445,0.0
v1.0,1,0.9331786632537842,0.04844725674965749,0.6613426269531146,0.0
v1.0,1,0.990031898021698,0.004504410127517612,0.31201148071289,0.0
v1.0,1,0.9784191250801086,0.008510520561893576,0.7478610595703117,0.0
v1.0,1,0.9861236214637756,0.004288513990722545,0.2970567871093692,0.0
v1.0,1,0.9773328900337219,0.012763300421136796,0.8572649414062425,0.0
v1.0,1,0.96977299451828,0.01616937698520316,0.4886299560546945,0.0
v1.0,1,0.9765757918357849,0.0078103440546317265,1.1901136718749967,0.0
v1.0,1,0.9804136157035828,0.013307542588935113,2.0026747070312467,0.0
v1.0,1,0.9853248000144958,0.01030730358306918,1.2222173828124596,0.0
v1.0,1,0.9889315366744995,0.008661560294937998,0.3415625671386735,0.0
v1.0,1,0.9741803407669067,0.015800740282147775,1.7915807128906351,0.0
v1.0,1,0.955061137676239,0.02830347712589189,2.7689574707031284,0.0
v1.0,1,0.9219034910202026,0.060421891191090184,3.967222827148433,0.0
v1.0,1,0.8913229703903198,0.05298342482124038,1.8759092773437516,0.0
v1.0,1,0.9185149073600769,0.05942816786072803,3.901976245117183,0.0
v1.0,1,0.908412754535675,0.048577121427958975,3.046928564453111,0.0
v1.0,0,0.0,5.719291625430015,3.3897337402343766,1.0
v1.0,1,0.9290163516998291,0.06198300823311727,4.069723742675777,0.0
v1.0,1,0.9030311107635498,0.05084020333347595,5.236266406250024,0.0
v1.0,1,0.5707873702049255,0.5299615162459317,3.639907250976563,1.0
v1.0,0,0.0,,,
v1.0,0,0.0,,,
v1.0,0,0.0,,,
v1.0,1,0.9778615832328796,0.013361894316950392,1.01126290283203,0.0
v1.0,1,0.8330671787261963,0.16044389017682342,4.076221429443358,0.0
v1.0,1,0.7443028688430786,0.2876664305756107,5.389875195312527,0.0
v1.0,1,0.7752792239189148,0.271733285345733,4.725170098876951,0.0
v1.0,1,0.9378557801246643,0.03356980067054484,1.8940417236328102,0.0
v1.0,1,0.9623493552207947,0.015052136904626038,3.116505810546869,0.0
v1.0,1,0.9754133820533752,0.010638179657534788,2.139811328125006,0.0
v1.0,1,0.979562520980835,0.012133086229632153,0.8439303710937338,0.0
v1.0,1,0.962436318397522,0.02792819744166265,2.2926341064453197,0.0
v1.0,1,0.9439335465431213,0.05599660538756112,2.4767466552734447,0.0
v1.0,1,0.9819071888923645,0.008080386573285333,0.4289408569335933,0.0
v1.0,1,0.947033703327179,0.022382999859317212,1.6978624023437305,0.0
v1.0,1,0.9229522943496704,0.033414515784164815,2.9082926513671907,0.0
v1.0,1,0.9572948813438416,0.020876140841055053,1.5623338378906055,0.0
v1.0,1,0.9689298868179321,0.01237291996583,0.5607643188476601,0.0
v1.0,1,0.9588672518730164,0.026289194300308256,0.5014382812499889,0.0
v1.0,1,0.9495264887809753,0.025183106947255198,0.3742562255859383,0.0
v1.0,1,0.884988009929657,0.04342720364093896,2.538786718749975,0.0
v1.0,1,0.9478297233581543,0.024302637013793715,0.4188803222656361,0.0
v1.0,1,0.9492903351783752,0.028871518124194195,1.1935310424804726,0.0
v1.0,1,0.9749006628990173,0.015036978195827217,0.8571460937499751,0.0
v1.0,1,0.8667987585067749,0.06912939630080361,0.9308687988281008,0.0
v1.0,1,0.9704728722572327,0.014597472438279892,0.7116041625976521,0.0
v1.0,1,0.9587866067886353,0.025703702626155015,1.6215743408203025,0.0
v1.0,1,0.9605898261070251,0.026280133510687007,0.8247100097656244,0.0
v1.0,1,0.9194834232330322,0.06431286446809258,1.277800683593739,0.0
v1.0,1,0.9292668700218201,0.0552929594316555,0.8779124999999794,0.0
v1.0,1,0.9738957285881042,0.02010212019638956,0.8760604492187554,0.0
v1.0,1,0.9468565583229065,0.026393535544694636,2.0952837890625062,0.0
v1.0,1,0.9502196907997131,0.029766760303042542,1.696502685546875,0.0
v1.0,1,0.9375979900360107,0.026371600511702356,0.624869799804685,0.0
v1.0,1,0.9652484655380249,0.015398287648383455,1.0152417480468614,0.0
v1.0,1,0.9460600018501282,0.034229191909154494,0.6447445800781111,0.0
v1.0,1,0.9535384178161621,0.01667792491381492,0.47497799682616915,0.0
v1.0,1,0.9531528353691101,0.028274741390616816,3.0047143554687636,0.0
v1.0,0,0.0,11.232786958723997,14.877621313476567,1.0
v1.0,0,0.2510899007320404,0.5961369095453561,11.155422827148442,1.0
v1.0,1,0.7675650715827942,0.11939905326792306,3.8060597412109303,0.0
v1.0,0,0.26395872235298157,0.5804771420052901,6.860924072265618,1.0
v1.0,1,0.7356753945350647,0.17274062264745554,26.256878515625004,1.0
v1.0,1,0.8863282799720764,0.054188456459470624,2.8517297851562944,0.0
v1.0,0,0.3625689446926117,0.4987833123661583,8.363934179687504,0.0
v1.0,1,0.8757696151733398,0.10382759018119354,27.39929179687499,1.0
v1.0,1,0.7750704288482666,0.10994444464930872,4.111434375000044,0.0
v1.0,0,0.29745107889175415,0.6340853550124788,31.876873632812504,1.0
v1.0,1,0.5253874063491821,0.3755417169809581,17.535843457031206,0.0
v1.0,1,0.8642711043357849,0.05691119837698527,3.7780603515625444,0.0
v1.0,1,0.8332341909408569,0.09935885561689038,15.960799609375044,0.0
v1.0,1,0.6128954291343689,0.25592321759710235,11.905350292968706,0.0
v1.0,1,0.8516072630882263,0.07701268694650082,3.1141199218750444,0.0
v1.0,1,0.6527513861656189,0.1874010441100203,22.837246557617192,0.0
v1.0,1,0.6732553243637085,0.2934597738127219,9.070004125976567,1.0
v1.0,1,0.9409534931182861,0.03944899342416622,2.7721399414062944,0.0
v1.0,1,0.970079779624939,0.014098190903215315,0.5729843139648381,0.0
v1.0,1,0.9556535482406616,0.01986122352901567,2.3664250610351587,0.0
v1.0,1,0.9726057052612305,0.014828581046258404,0.636518847656248,0.0
v1.0,1,0.949092447757721,0.024559402103749343,2.007917773437498,0.0
v1.0,1,0.9574546217918396,0.023108050634678457,0.6972888244628876,0.0
v1.0,0,0.0,10.114801281460405,1.9192726806640508,1.0
v1.0,0,0.0,,,
v1.0,1,0.9732937812805176,0.012377328132583285,0.7038689453124931,0.0
v1.0,1,0.9441242814064026,0.02922228577009672,1.0064038330078233,0.0
v1.0,1,0.9585661292076111,0.013380874486102963,0.6546124511718858,0.0
v1.0,1,0.9694876670837402,0.01572514700988223,1.6319258789062587,0.0
v1.0,1,0.9750303626060486,0.010055954543018214,2.189488720703139,0.0
v1.0,1,0.9648503661155701,0.015128585499338053,0.5678136352539056,0.0
v1.0,1,0.9756369590759277,0.012789469318343176,0.9288147460937637,0.0
v1.0,0,0.0,,,
v1.0,1,0.9673221707344055,0.021058153853443194,0.6439309692382835,0.0
v1.0,1,0.9395248293876648,0.017791909093526164,0.8904085449218826,0.0
v1.0,1,0.9639148116111755,0.018239050071771845,0.5577264404296898,0.0
v1.0,1,0.9739112854003906,0.012985024644530422,5.1099006591796865,0.0
v1.0,1,0.8291028738021851,0.11763178962903356,2.0192437744140648,0.0
v1.0,1,0.9890615940093994,0.004713518459705986,0.16687646484373886,0.0
v1.0,1,0.9660279750823975,0.015951887803407665,0.563628051757803,0.0
v1.0,1,0.8819786906242371,0.06949979137457533,2.4605567138671915,0.0
v1.0,1,0.8556680679321289,0.08229500924866398,1.1920596679687492,0.0
v1.0,0,0.0,,,
v1.0,0,0.0,,,
v1.0,1,0.9674283266067505,0.02055061853345354,0.6175728027343723,0.0
v1.0,1,0.9475632905960083,0.035036204769772795,0.503806610107425,0.0
v1.0,1,0.70466548204422,0.17345117238626642,16.664720324707034,0.0
v1.0,0,0.013399484567344189,2.0502392305481023,5.4303438964843735,1.0
v1.0,0,0.0,,,
v1.0,1,0.9779729247093201,0.012406810400706632,0.9796045288085935,0.0
v1.0,1,0.9634438753128052,0.012538430513667606,1.0557458862304685,0.0
v1.0,1,0.9727355241775513,0.011609767246500141,0.5454438476562586,0.0
v1.0,1,0.9804061651229858,0.008984439429062348,0.31321103515625737,0.0
v1.0,1,0.9735687375068665,0.01913206332530411,0.7505661499023404,0.0
v1.0,1,0.9582445025444031,0.02004878644022009,1.987724902343757,0.0
v1.0,1,0.9220834970474243,0.06677351504670559,9.270681249999996,0.0
v1.0,1,0.9716482162475586,0.011818422007208116,2.3413904785156205,0.0
v1.0,1,0.9521545767784119,0.03542438006861643,2.073970996093749,0.0
v1.0,1,0.9214920997619629,0.04595409768650749,3.6519906249999963,0.0
v1.0,1,0.9018058776855469,0.04742274575693407,4.558251464843806,0.0
v1.0,1,0.8618016242980957,0.06158544734653809,3.8319941406250564,0.0
v1.0,1,0.9761662483215332,0.01233331406620545,0.632912377929685,0.0
v1.0,1,0.9540128111839294,0.027581122818172148,0.6760659179687423,0.0
v1.0,1,0.9622454047203064,0.020655519800133994,1.4490920410156036,0.0
v1.0,1,0.9664252996444702,0.015599144539672788,1.7423447265625214,0.0
v1.0,1,0.9806299209594727,0.010298952828838038,0.3395111450195287,0.0
v1.0,1,0.9796009659767151,0.008750603057500311,0.8841562499999895,0.0
v1.0,1,0.9874668121337891,0.00628251244073897,0.8708480468749826,0.0
v1.0,1,0.9744009971618652,0.011247604284687882,0.7836721252441379,0.0
v1.0,1,0.9329557418823242,0.04340643625837394,1.641232080078126,0.0
v1.0,1,0.9803758859634399,0.014512680746627475,0.7358770874023435,0.0
v1.0,1,0.8765420317649841,0.09793731731326395,20.085631420898437,0.0
v1.0,1,0.9645344018936157,0.01653072819153542,0.7473217285156011,0.0
v1.0,1,0.9741896986961365,0.012709316075109181,0.8388745361328063,0.0
v1.0,1,0.9642383456230164,0.019425771306957332,2.2596224121093655,0.0
v1.0,1,0.9773262143135071,0.007900241508336346,0.9979459472656345,0.0
v1.0,1,0.959486186504364,0.029651341430427743,1.206166162109369,0.0
v1.0,1,0.9196283221244812,0.04012663030334954,4.036092871093729,0.0
v1.0,1,0.9578279256820679,0.03973933044797134,1.6165284057617129,0.0
v1.1-pub,1,0.992102861404419,0.0035142046479590115,0.4185490478515703,0.0
v1.1-pub,1,0.9753910303115845,0.01396673278142689,2.409099951171868,0.0
v1.1-pub,1,0.9746690988540649,0.009386372002097425,0.6395992187499928,0.0
v1.1-pub,1,0.9146146774291992,0.06771533690416913,2.148898815917974,0.0
v1.1-pub,1,0.9770902395248413,0.01157059158006584,0.9004014526367214,0.0
v1.1-pub,1,0.9824456572532654,0.011113695091478247,0.9447752197265658,0.0
v1.1-pub,1,0.822634220123291,0.18797569411137183,3.044653759765623,1.0
v1.1-pub,0,0.0,,,
v1.1-pub,1,0.9455971121788025,0.03168642358656226,2.131939208984363,0.0
v1.1-pub,0,0.4502287805080414,0.3754330583445615,4.566955438232419,1.0
v1.1-pub,1,0.8256207704544067,0.14848068203705575,6.041857128906244,0.0
v1.1-pub,1,0.9598258137702942,0.018178552096288075,3.6037379638671894,0.0
v1.1-pub,1,0.874102771282196,0.06604288547938289,12.835084765625027,0.0
v1.1-pub,1,0.8841391801834106,0.12254263057990715,4.986406689453119,0.0
v1.1-pub,1,0.9262707829475403,0.02295834997390422,1.6043501586914033,0.0
v1.1-pub,1,0.9513357877731323,0.023337685833900702,1.6308584899902314,0.0
v1.1-pub,1,0.9325870275497437,0.026711804341079077,1.8666449279785127,0.0
v1.1-pub,1,0.8948730826377869,0.10088586934543674,1.9476087890624854,0.0
v1.1-pub,1,0.838301956653595,0.07412786624489218,6.284754321289057,0.0
v1.1-pub,0,0.33764883875846863,0.5507511906901973,8.61626621093751,1.0
v1.1-pub,1,0.8301724195480347,0.10296305708145888,5.9558963378906356,0.0
v1.1-pub,0,0.0,,,
v1.1-pub,1,0.9587929248809814,0.02748045568169279,1.132622509765639,0.0
v1.1-pub,1,0.8934358358383179,0.04878488968914898,1.0701697326660167,0.0
v1.1-pub,1,0.8162952065467834,0.07595271513772416,2.392905480957026,0.0
v1.1-pub,1,0.7575975656509399,0.12301046903785597,3.871041052246099,0.0
v1.1-pub,1,0.7744405269622803,0.09745519337351959,2.73039240722656,0.0
v1.1-pub,0,0.41500890254974365,1.3778280476392493,2.6608607666015587,1.0
v1.1-pub,1,0.9001917243003845,0.0445558630859135,2.990811718750024,0.0
v1.1-pub,1,0.8550418019294739,0.10782724272957776,3.3284253417968728,0.0
v1.1-pub,1,0.821954071521759,0.1020198966986915,2.732068505859388,0.0
v1.1-pub,1,0.9048521518707275,0.043657541023938935,1.4125720031738283,0.0
v1.1-pub,1,0.918199896812439,0.04747324132437799,2.2193072631835946,0.0
v1.1-pub,1,0.9567972421646118,0.014822505153059794,0.9432612426757814,0.0
v1.1-pub,1,0.9781094193458557,0.007904501886019787,0.8072651062011715,0.0
v1.1-pub,1,0.9486443996429443,0.021641513779346876,1.7467270263671821,0.0
v1.1-pub,1,0.9913349151611328,0.004074337886292562,0.7326877746582028,0.0
v1.1-pub,1,0.844330370426178,0.12504004041104247,6.727804382324223,0.0
v1.1-pub,1,0.6706001162528992,0.1920636402813274,17.76640529785155,0.0
v1.1-pub,1,0.785697340965271,0.1430259226471971,5.073732226562527,0.0
v1.1-pub,1,0.7202070355415344,0.15260072570886307,3.3281651367187806,1.0
v1.1-pub,1,0.5812752842903137,0.2394624003808313,7.007124145507817,1.0
v1.1-pub,1,0.673469603061676,0.16735241782216784,6.269071777343754,0.0
v1.1-pub,1,0.7353318929672241,0.1275409836745085,4.777723510742192,0.0
v1.1-pub,1,0.6728812456130981,0.1694247207496796,6.346700866699223,0.0
v1.1-pub,1,0.7374467253684998,0.1423754139773266,5.333425720214848,0.0
v1.1-pub,0,0.3930181562900543,0.3385015601878486,21.594165429687507,1.0
v1.1-pub,1,0.6644459366798401,0.16075343136965595,6.021871765136723,0.0
v1.1-pub,1,0.7015768885612488,0.18174774393710233,6.808325012207035,0.0
v1.1-pub,1,0.6886005997657776,0.14939843332370378,5.596510131835942,0.0
v1.1-pub,1,0.6595340967178345,0.20379501042447362,7.63422222900391,0.0
v1.1-pub,1,0.691705048084259,0.19919765475049594,7.462003906250004,0.0
v1.1-pub,0,0.4289367198944092,0.46086975876360126,12.958051489257826,1.0
v1.1-pub,1,0.9406024813652039,0.03987212807590671,1.3042930664062524,0.0
v1.1-pub,1,0.9120320081710815,0.04791249708749921,1.567308813476565,0.0
v1.1-pub,1,0.9442147612571716,0.036324700662020246,1.18824997558594,0.0
v1.1-pub,1,0.9472540616989136,0.03886294211799174,1.2712806762695337,0.0
v1.1-pub,1,0.9400603771209717,0.032723280516620656,1.070440679931643,0.0
v1.1-pub,1,0.8766173720359802,0.11943857750033363,1.6509994567871118,0.0
v1.1-pub,1,0.906581699848175,0.037584632683883366,2.113128320312512,0.0
v1.1-pub,1,0.7762995958328247,0.15956596354520922,2.425231347656222,0.0
v1.1-pub,1,0.9541652202606201,0.030297970118109255,2.035863012695316,0.0
v1.1-pub,1,0.8112091422080994,0.10853619836210164,3.684570898437528,0.0
v1.1-pub,1,0.9331953525543213,0.0402787524042808,3.353073217773442,0.0
v1.1-pub,1,0.9211611151695251,0.046534828975390366,4.112646093749987,0.0
v1.1-pub,1,0.9210060834884644,0.06465193985845437,6.586578002929684,0.0
v1.1-pub,1,0.9383465051651001,0.028899811377809816,1.1596133666992188,0.0
v1.1-pub,1,0.9099898338317871,0.06427426671555439,2.652406164550783,0.0
v1.1-pub,1,0.9343236684799194,0.02845897413125689,5.5568438964843665,0.0
v1.1-pub,1,0.9520866870880127,0.029511769267353136,3.0347218261718467,0.0
v1.1-pub,1,0.8653023838996887,0.04671401955039174,3.2740939086914054,0.0
v1.1-pub,1,0.9125363230705261,0.04713275817880736,1.3744572143554734,0.0
v1.1-pub,1,0.8906486630439758,0.04857850612574021,1.7719687255859355,0.0
v1.1-pub,1,0.9042150378227234,0.05016788701202632,1.4629658203125047,0.0
v1.1-pub,1,0.9188871383666992,0.046998543792854314,1.3705433349609422,0.0
v1.1-pub,1,0.8876399993896484,0.042221505833562455,1.2312382202148484,0.0
v1.1-pub,1,0.9746144413948059,0.011789659764669235,0.7881475769042936,0.0
v1.1-pub,1,0.9201329946517944,0.047180844109767216,2.7153909912109384,0.0
v1.1-pub,1,0.9623079895973206,0.019114583960299598,1.0956789550781423,0.0
v1.1-pub,1,0.8992480039596558,0.04818542724060409,2.2356488281249938,0.0
v1.1-pub,1,0.5115371942520142,0.4620490525692525,12.923296655273447,1.0
v1.1-pub,1,0.862306535243988,0.08974040593699091,2.1303191406249766,0.0
v1.1-pub,1,0.8478972315788269,0.07337671662113121,4.466085888671898,0.0
v1.1-pub,1,0.8292068243026733,0.0998522984555924,3.3143429687499975,0.0
v1.1-pub,1,0.8951922655105591,0.05837022496037819,2.2751239074707,0.0
v1.1-pub,1,0.898561418056488,0.055429056415726985,2.1670459045410126,0.0
v1.1-pub,1,0.9109408855438232,0.031447028698430114,2.2311824096679658,0.0
v1.1-pub,1,0.8570989966392517,0.06551080253103016,2.1600383056640595,0.0
v1.1-pub,1,0.9108613133430481,0.05683224140841631,1.7131420166015516,0.0
v1.1-pub,1,0.9190915822982788,0.03749606596816819,1.6422770751953095,0.0
v1.1-pub,1,0.9255116581916809,0.02791575687217118,1.9806369079589814,0.0
v1.1-pub,1,0.946281373500824,0.025944890773851936,2.180587640380857,0.0
v1.1-pub,1,0.9401074647903442,0.0319995746139062,4.096047949218757,0.0
v1.1-pub,1,0.9558908939361572,0.01955520381404519,2.5041824218749866,0.0
v1.1-pub,1,0.9658987522125244,0.017773464543042565,1.3577341064453208,0.0
v1.1-pub,1,0.9507009983062744,0.03310093054469679,1.2530588134765708,0.0
v1.1-pub,0,0.0,,,
v1.1-pub,1,0.8821457624435425,0.054187656398175015,1.7706466979980462,0.0
v1.1-pub,1,0.8234435319900513,0.07677095252339666,4.169177087402346,0.0
v1.1-pub,1,0.8660020232200623,0.08070685480127499,2.637193328857421,0.0
v1.1-pub,1,0.7439044117927551,0.14354868735030127,2.2055107421874993,0.0
v1.1-pub,1,0.7619408965110779,0.1330589029960628,3.76141245117185,0.0
v1.1-pub,1,0.7866281270980835,0.12485731132351295,1.918332702636718,0.0
v1.1-pub,1,0.6005576252937317,0.4423902753486853,16.76176938171387,0.0
v1.1-pub,1,0.7683757543563843,0.16863152248674015,6.389296618652345,0.0
v1.1-pub,1,0.6398828625679016,0.3616636811292534,4.688933459472658,0.0
v1.1-pub,1,0.6702598333358765,0.3855597881896808,4.998744097900392,0.0
v1.1-pub,1,0.5967901945114136,0.40773066193423274,5.286187258911134,0.0
v1.1-pub,1,0.8292866349220276,0.12323754471757094,5.131613403320316,0.0
v1.1-pub,1,0.9328446388244629,0.048805832361042294,1.4631890930175757,0.0
v1.1-pub,1,0.9135318398475647,0.05291524813068135,3.1289077148437627,0.0
v1.1-pub,1,0.9125766754150391,0.04956355997152659,1.6198692382812396,0.0
v1.1-pub,1,0.8883119225502014,0.052650555275825794,3.2343709960937304,0.0
v1.1-pub,1,0.9194766283035278,0.04291070659955988,3.7349937988281,0.0
v1.1-pub,1,0.9379956126213074,0.03607024119773776,1.4602532165527364,0.0
v1.1-pub,1,0.9058570265769958,0.032421253666704744,1.5311027343750538,0.0
v1.1-pub,1,0.9646727442741394,0.02362626331627325,0.8163582763671897,0.0
v1.1-pub,1,0.9608873128890991,0.02850953508581931,0.9850899658203147,0.0
v1.1-pub,1,0.9660961627960205,0.023447192353843252,0.810170837402346,0.0
v1.1-pub,1,0.9594085216522217,0.016345338590537706,1.2391196044921742,0.0
v1.1-pub,1,0.9535550475120544,0.03980096794798412,3.4369210449218883,0.0
v1.1-pub,1,0.9436904191970825,0.023755280594660064,1.0729357543945355,0.0
v1.1-pub,1,0.9210077524185181,0.07498441439098312,1.739568383789063,0.0
v1.1-pub,1,0.9613122940063477,0.02239228526876336,1.5295699829101608,0.0
v1.1-pub,1,0.9320646524429321,0.04015019441270385,0.7757062988281405,0.0
v1.1-pub,1,0.8466829061508179,0.06443165549326095,4.325039306640633,0.0
v1.1-pub,1,0.7499942183494568,0.1552134330852624,6.084397619628902,0.0
v1.1-pub,1,0.7730156183242798,0.14407525037146296,9.228624902343768,0.0
v1.1-pub,1,0.9596185088157654,0.024117922452137622,1.3278411621093795,0.0
v1.1-pub,1,0.9114802479743958,0.04037077735577436,2.377729785156248,0.0
v1.1-pub,0,0.0,2.225342876235839,8.970968945312507,1.0
v1.1-pub,1,0.80473792552948,0.16622533391090724,2.327897558593804,1.0
v1.1-pub,1,0.9501363039016724,0.02441201171051596,2.2668851318359486,0.0
v1.1-pub,0,0.39966949820518494,0.4994155035098876,1.8484664062500542,1.0
v1.1-pub,0,0.0,,,
v1.1-pub,1,0.9606911540031433,0.02973082387735992,1.0917642089843866,0.0
v1.1-pub,1,0.9278609156608582,0.05267516477500017,0.7439787597656249,0.0
v1.1-pub,1,0.9411886930465698,0.029687630302820203,4.307289672851567,0.0
v1.1-pub,1,0.9274368286132812,0.03770766799747657,3.4243703613281298,0.0
v1.1-pub,1,0.8914645910263062,0.04409813054193145,2.012903210449224,0.0
v1.1-pub,1,0.8006023168563843,0.10698604519955936,1.6475957946777342,0.0
v1.1-pub,1,0.8302294015884399,0.09024037606442083,1.832587500000045,0.0
v1.1-pub,1,0.8541304469108582,0.05673345687963177,3.469245214843795,0.0
v1.1-pub,1,0.921579122543335,0.05781637125254377,2.298628247070326,0.0
v1.1-pub,1,0.9187014698982239,0.05455012496218821,1.6742960754394502,0.0
v1.1-pub,1,0.9422842264175415,0.036095957708067845,1.1078860107421846,0.0
v1.1-pub,1,0.8374140858650208,0.117003019590305,6.00773251953126,0.0
v1.1-pub,1,0.9652283787727356,0.01769933750402339,1.0796652587890492,0.0
v1.1-pub,1,0.9567531943321228,0.015634382560181008,1.1958801757812694,0.0
v1.1-pub,1,0.9049253463745117,0.04358825363927853,1.822625390624978,0.0
v1.1-pub,1,0.9160833954811096,0.038449745505187496,1.362193957519537,0.0
v1.1-pub,1,0.9225254058837891,0.03821859042964756,1.2040958007812606,0.0
v1.1-pub,1,0.9152899384498596,0.050710020601102024,1.5440863525390682,0.0
v1.1-pub,1,0.8704890012741089,0.06638456328842561,1.931180053710932,0.0
v1.1-pub,1,0.9428020715713501,0.01692017995727615,1.103419079589841,0.0
v1.1-pub,1,0.9160175919532776,0.040133663484804974,2.660609020996091,0.0
v1.1-pub,1,0.9130344390869141,0.05615328140205489,1.9445769042968806,0.0
v1.1-pub,1,0.943682849407196,0.03726166344121896,2.1354797363281364,0.0
v1.1-pub,1,0.9577000737190247,0.030103245110743294,1.130254394531221,0.0
v1.1-pub,1,0.9128893613815308,0.035308869739556804,5.044482885742184,0.0
v1.1-pub,1,0.8722251653671265,0.0701335702460125,4.435189062500001,0.0
v1.1-pub,1,0.92380690574646,0.02864795877212729,1.7646798828125156,0.0
v1.1-pub,1,0.8470240831375122,0.11841057307677888,3.7362680175781406,0.0
v1.1-pub,1,0.6429837942123413,0.22255087194123763,6.992770947265626,0.0
v1.1-pub,1,0.8785203099250793,0.0545742212024717,1.7819574707031052,0.0
v1.1-pub,1,0.8532826900482178,0.07521428309911225,4.753866113281219,0.0
v1.1-pub,1,0.8707666397094727,0.05064050282782135,2.470148815917966,0.0
v1.1-pub,1,0.8295936584472656,0.0762973518249544,2.50105549316406,0.0
v1.1-pub,1,0.8779783844947815,0.05155013287920791,2.2603175781249973,0.0
v1.1-pub,1,0.8648428320884705,0.06744870280966819,1.8896563476562278,0.0
v1.1-pub,1,0.9546864032745361,0.02471630768450842,2.0807702880859438,0.0
v1.1-pub,1,0.832442045211792,0.08040862994250207,1.998178576660159,0.0
v1.1-pub,1,0.8582156896591187,0.08698131931938123,2.7500013916015575,0.0
v1.1-pub,1,0.7723379731178284,0.11054161023611815,3.5683821533203144,0.0
v1.1-pub,1,0.934804379940033,0.02832458889671087,3.2813854980468875,0.0
v1.1-pub,1,0.8566991686820984,0.07031570199745234,16.313411621093735,0.0
v1.1-pub,0,0.0,,,
v1.1-pub,1,0.9423201680183411,0.0408536935260034,1.3072038024902355,0.0
v1.1-pub,1,0.9338777661323547,0.046282831751490686,2.9318295166015673,0.0
v1.1-pub,1,0.9395893812179565,0.03755997301725819,3.130719921875027,0.0
v1.1-pub,1,0.9521496891975403,0.02516523200567502,1.144880078125027,0.0
v1.1-pub,0,0.0,,,
v1.1-pub,1,0.8974767923355103,0.07210046756004257,4.13244399414063,0.0
v1.1-pub,0,0.2362378090620041,1.232932607024431,10.87909990234374,1.0
v1.1-pub,1,0.9718673825263977,0.017199640175536417,1.0337192382812361,0.0
v1.1-pub,1,0.959827721118927,0.01622912213911349,1.4250461425781111,0.0
v1.1-pub,1,0.9354185461997986,0.0525261005417992,0.7412168151855454,0.0
v1.1-pub,1,0.9450536370277405,0.0357703496824962,1.097530908203126,0.0
v1.1-pub,1,0.9011932015419006,0.08407857472942748,1.3020260253906315,0.0
v1.1-pub,1,0.9043001532554626,0.0755076535582754,2.9417264160156265,0.0
v1.1-pub,1,0.9236195087432861,0.02492476274541758,2.5047392578125027,0.0
v1.1-pub,1,0.8773373961448669,0.12916029038505134,6.803389135742194,0.0
v1.1-pub,1,0.8655587434768677,0.07050596563140675,3.9068836181640734,0.0
v1.1-pub,1,0.8799673914909363,0.0868329819060617,4.292518994140636,0.0
v1.1-pub,1,0.9547527432441711,0.03431737021080819,1.770501763916016,0.0
v1.1-pub,1,0.8548312783241272,0.12325800178242602,3.071573974609379,0.0
v1.1-pub,1,0.9104415774345398,0.04063285618239475,2.536064550781248,0.0
v1.1-pub,1,0.9557361602783203,0.03325115803088679,1.2558394653320306,0.0
v1.1-pub,1,0.9648921489715576,0.018911742994391648,1.2347006835937577,0.0
v1.1-pub,1,0.9527302384376526,0.019629713592738227,1.8596701660156327,0.0
v1.1-pub,1,0.8924018740653992,0.05490227298460145,1.7274451171875,0.0
v1.1-pub,1,0.9123080372810364,0.06235396941439558,1.8927048583984458,0.0
v1.1-pub,1,0.8978201746940613,0.0654493047211708,2.1366776367187583,0.0
v1.1-pub,1,0.9355905055999756,0.05453057662212875,2.107137823486326,0.0
v1.1-pub,1,0.8645817041397095,0.09985636264757408,2.833592431640625,0.0
v1.1-pub,1,0.9771012663841248,0.012336160961655188,0.3882128173828079,0.0
v1.1-pub,1,0.9115322232246399,0.058146427735683376,3.9931477783203206,0.0
v1.1-pub,1,0.9519968628883362,0.03736283285145423,2.3542582519531265,0.0
v1.1-pub,1,0.9027831554412842,0.055031575202771556,1.6277074218750158,0.0
v1.1-pub,1,0.9382004737854004,0.03449594959072402,0.9664626708984372,0.0
v1.1-pub,1,0.9108064770698547,0.04347687804017393,5.322908959960927,0.0
v1.1-pub,1,0.8861046433448792,0.04679494459772902,7.382906518554677,0.0
v1.1-pub,1,0.9332553744316101,0.038263039100258175,1.9737315429687214,0.0
v1.1-pub,1,0.9280550479888916,0.06386082155092629,3.494611035156254,0.0
v1.1-pub,1,0.9534712433815002,0.02237955455401938,2.3949435546874724,0.0
v1.1-pub,1,0.8541499972343445,0.09317074691057513,3.2515938476562383,0.0
v1.1-pub,1,0.9060318470001221,0.05380952288800493,4.686698681640621,0.0
v1.1-pub,1,0.8688454031944275,0.07250688935396302,2.533073193359371,0.0
v1.1-pub,1,0.8015056252479553,0.11620029616171092,4.054367773437491,0.0
v1.1-pub,1,0.9299121499061584,0.03255493992492628,1.1359330078124685,0.0
v1.1-pub,1,0.9464977383613586,0.0359140531447419,2.186382910156226,0.0
v1.1-pub,1,0.8953205943107605,0.0797003602927501,3.043987890624976,0.0
v1.1-pub,1,0.8710635900497437,0.09211586063184314,5.04079176025391,0.0
v1.1-pub,1,0.8365017175674438,0.10367728150603714,5.673459301757816,0.0
v1.1-pub,1,0.84496009349823,0.09683774428776358,5.299184094238285,0.0
v1.1-pub,1,0.8739156723022461,0.09434602630327645,5.162831555175785,0.0
v1.1-pub,1,0.8586134910583496,0.06662411250596334,4.61483715820313,0.0
v1.1-pub,1,0.8529712557792664,0.1156630840444236,1.6199308898925793,0.0
v1.1-pub,1,0.8706319332122803,0.10792261726029462,2.269400537109391,0.0
v1.1-pub,1,0.8868992328643799,0.09800973191568804,1.542208886718754,0.0
v1.1-pub,1,0.9727720022201538,0.012135567174799423,0.6554741210937607,0.0
v1.1-pub,1,0.9391807913780212,0.04155134746559811,2.276125366210948,0.0
v1.1-pub,1,0.9260724782943726,0.023410080550230403,2.3136631835937465,0.0
v1.1-pub,1,0.9362623691558838,0.030922080102198858,2.4157749999999965,0.0
v1.1-pub,1,0.9564011693000793,0.023780491342075195,1.3419045898436934,0.0
v1.1-pub,1,0.9468770027160645,0.01750677004238749,0.8254126953124938,0.0
v1.1-pub,1,0.9014776945114136,0.040245981063059384,4.658452185058593,0.0
v1.1-pub,1,0.9315302968025208,0.04459596731864469,1.363606433105467,0.0
v1.1-pub,1,0.9222327470779419,0.05717367004592065,1.75424256591797,0.0
v1.1-pub,1,0.965191662311554,0.022624853795868715,0.6941916015625011,0.0
v1.1-pub,1,0.892536997795105,0.08492292562258029,2.0301044921875473,0.0
v1.1-pub,1,0.8705054521560669,0.08578468115973405,2.6321142150878885,0.0
v1.1-pub,1,0.8987438082695007,0.031865813859763115,1.618174707031244,0.0
v1.1-pub,1,0.7351909875869751,0.17447720747758524,6.29580065917969,0.0
v1.1-pub,1,0.5283975005149841,0.36670028437876745,7.985171997070324,1.0
v1.1-pub,1,0.6912003755569458,0.2225922339640308,8.01608056640626,0.0
v1.1-pub,1,0.7694942951202393,0.13702401145484558,4.939568969726565,0.0
v1.1-pub,1,0.9024671316146851,0.06258898234406284,3.178324853515619,0.0
v1.1-pub,1,0.8735926151275635,0.07363112575760514,3.739054833984369,0.0
v1.1-pub,1,0.9121674299240112,0.07767682671874407,3.944499169921869,0.0
v1.1-pub,1,0.7350561618804932,0.19915256005050758,7.1790112304687455,0.0
v1.1-pub,1,0.9042142629623413,0.05553484718633129,2.820109521484369,0.0
v1.1-pub,0,0.0,,,
v1.1-pub,1,0.9477366805076599,0.053988034845046766,1.717197424316403,0.0
v1.1-pub,1,0.8349016904830933,0.09683084167623458,1.9730829101562222,0.0
v1.1-pub,1,0.9300341010093689,0.04070132495503392,1.2445203430175766,0.0
v1.1-pub,1,0.8770849108695984,0.08875172552351816,1.243021166992186,0.0
v1.1-pub,1,0.9719639420509338,0.009586682439143145,2.4736526367187253,0.0
v1.1-pub,1,0.5504845380783081,0.3069562460163801,18.456750708007817,0.0
v1.1-pub,1,0.7566190958023071,0.11518470020528232,11.019731787109379,0.0
v1.1-pub,1,0.8305823802947998,0.09425408923382297,4.7968401367187425,0.0
v1.1-pub,1,0.7791669964790344,0.11895269743031264,11.901820605468743,0.0
v1.1-pub,1,0.8469749689102173,0.09827938072628657,6.679953710937525,0.0
v1.1-pub,1,0.8739184141159058,0.09697372633502084,2.309775488281275,0.0
v1.1-pub,1,0.956017017364502,0.02402836437998912,4.424669519042965,0.0
v1.1-pub,1,0.5058392286300659,0.9099857422588309,4.37227083740234,1.0
v1.1-pub,1,0.9410350918769836,0.04264498850779662,2.042912438964848,0.0
v1.1-pub,1,0.8226509690284729,0.091619522899674,4.393540698242191,0.0
v1.1-pub,1,0.8565422892570496,0.07675905073004645,3.543174462890647,0.0
v1.1-pub,1,0.888008713722229,0.061243275139364166,2.5644111816406507,0.0
v1.1-pub,1,0.9572173953056335,0.02581558864580379,1.2928395996093798,0.0
v1.1-pub,1,0.9481541514396667,0.03708931504847307,4.868935180664067,0.0
v1.1-pub,1,0.9791784882545471,0.00916409217735082,1.0947561645507804,0.0
v1.1-pub,1,0.9635791182518005,0.029443053362847776,1.2864504882812469,0.0
v1.1-pub,1,0.8784663081169128,0.08023099585456818,10.305691186523433,0.0
v1.1-pub,1,0.8985424637794495,0.05914892514995583,2.6981076171874747,0.0
v1.1-pub,1,0.8695775270462036,0.05891191312492003,8.21260346679685,0.0
v1.1-pub,1,0.89902263879776,0.05325234294412029,7.423548193359352,0.0
v1.1-pub,1,0.9044864177703857,0.04575610722640465,6.186669531250004,0.0
v1.1-pub,1,0.7870005369186401,0.11636752554210919,4.216600561523435,0.0
v1.1-pub,1,0.9539731740951538,0.017359852615701128,1.9611222900390715,0.0
v1.1-pub,1,0.72411048412323,0.2821740430076883,7.680488549804693,1.0
v1.1-pub,1,0.8477306962013245,0.13813400310925805,4.60142321777343,0.0
v1.1-pub,1,0.9370081424713135,0.03256366607932718,2.307586669921875,0.0
v1.1-pub,1,0.955985963344574,0.02026083247018473,4.218813867187464,0.0
v1.1-pub,1,0.8528770804405212,0.06937135735562953,5.905757080078132,0.0
v1.1-pub,1,0.9035195708274841,0.040597388280361156,1.6746708251953066,0.0
v1.1-pub,1,0.7877259254455566,0.19439731272323094,5.788316064453113,0.0
v1.1-pub,0,0.0,,,
v1.1-pub,0,0.0,,,
v1.1-pub,1,0.9146461486816406,0.054591969241571496,1.9422718749999603,0.0
v1.1-pub,1,0.8064783215522766,0.21564886417978793,1.2210027343749985,1.0
v1.1-pub,0,0.3652837872505188,1.6401833991237513,10.140845751953123,1.0
v1.1-pub,0,0.3986351788043976,0.9902392932009347,7.966952795410151,1.0
v1.1-pub,0,0.38505756855010986,0.8342924246782613,7.091858789062499,1.0
v1.1-pub,0,0.3845027983188629,0.9698925334089437,6.08155415039063,1.0
v1.1-pub,0,0.43966639041900635,0.8145726910728681,5.400259960937547,1.0
v1.1-pub,0,0.0,,,
v1.1-pub,0,0.0,,,
v1.1-pub,0,0.0,,,
v1.1-pub,1,0.9407109022140503,0.024391890676980627,4.410941699218739,0.0
v1.1-pub,0,0.0,,,
v1.1-pub,0,0.0,,,
v1.1-pub,0,0.0,,,
v1.1-pub,0,0.0,,,
v1.1-pub,0,0.0,,,
v1.1-pub,0,0.0,,,
v1.1-pub,0,0.0,,,
v1.1-pub,1,0.5933070778846741,0.5953343176392539,22.580197200012208,0.0
v1.1-pub,1,0.8530493974685669,0.10021861774502162,5.397442919921872,0.0
v1.1-pub,1,0.9445706009864807,0.03769379780571542,1.625019189453127,0.0
v1.1-pub,1,0.9401204586029053,0.03789210044221278,1.1836587158203145,0.0
v1.1-pub,1,0.8905876278877258,0.08681964131219577,1.2067843322753902,0.0
v1.1-pub,1,0.9504838585853577,0.02114835337294291,1.3687764160156348,0.0
v1.1-pub,1,0.939326822757721,0.03329652390429695,1.2397727600097639,0.0
v1.1-pub,1,0.9163677096366882,0.05280028089554216,2.667186523437522,0.0
v1.1-pub,1,0.9163739681243896,0.037181670698295345,2.879627441406228,0.0
v1.1-pub,1,0.8339408040046692,0.11099999843801861,6.698595883178712,0.0
v1.1-pub,1,0.9658389687538147,0.012740252406650948,1.3538977050781114,0.0
v1.1-pub,1,0.8773120045661926,0.048636918730401546,3.592264453124983,0.0
v1.1-pub,1,0.8654420375823975,0.07026131728241346,8.998514453124983,0.0
v1.1-pub,1,0.9181213974952698,0.04783800306994955,3.2397689453125054,0.0
v1.1-pub,1,0.955531120300293,0.03780413248786135,1.9806492309570274,0.0
v1.1-pub,1,0.9621538519859314,0.024302033770961136,1.286260473632808,0.0
v1.1-pub,1,0.8963435292243958,0.049805566216391824,2.636113989257808,0.0
v1.1-pub,1,0.94634610414505,0.030882013313759796,1.632315136718745,0.0
v1.1-pub,1,0.9368986487388611,0.02797760941700835,1.4808017089843588,0.0
v1.1-pub,1,0.9573252201080322,0.017375111898052076,0.873651696777344,0.0
v1.1-pub,1,0.893505871295929,0.05319803186568375,4.197225372314456,0.0
v1.1-pub,1,0.9306647181510925,0.04430650462765532,1.8613656249999622,0.0
v1.1-pub,1,0.7864151000976562,0.17429962345910271,2.4790960937500017,0.0
v1.1-pub,0,0.0,,,
v1.1-pub,1,0.9574027061462402,0.018626314716808735,2.1208350341796915,0.0
v1.1-pub,1,0.9618768095970154,0.01740430019093029,2.0195166748046915,0.0
v1.1-pub,1,0.9733944535255432,0.01463028859513018,1.2717808105468862,0.0
v1.1-pub,1,0.9438078999519348,0.030830378180501102,2.9124903320312114,0.0
v1.1-pub,1,0.9593982100486755,0.035796119815106955,1.6464998046875507,0.0
v1.1-pub,1,0.904717743396759,0.06369114343652807,1.8759314697265665,0.0
v1.1-pub,1,0.9426347017288208,0.02529543526990717,1.409027783203129,0.0
v1.1-pub,1,0.9299151301383972,0.028971886064477814,1.2109128967285159,0.0
v1.1-pub,1,0.8751114010810852,0.07191350480846509,1.6717608886718835,0.0
v1.1-pub,1,0.8970171809196472,0.05762468284086374,2.0295940917968665,0.0
v1.1-pub,1,0.894879162311554,0.05676530781258611,3.1594096679687595,0.0
v1.1-pub,1,0.9034844636917114,0.05670742702661985,2.5427347656250276,0.0
v1.1-pub,1,0.9504445195198059,0.024396258727941326,0.8578505249023465,0.0
v1.1-pub,1,0.8874837160110474,0.060989520151802264,6.726133544921879,0.0
v1.1-pub,1,0.9133968353271484,0.05655510949671157,0.8988360107421869,0.0
v1.1-pub,1,0.9676815271377563,0.021992599209901622,0.8262399597167942,0.0
v1.1-pub,1,0.9317752122879028,0.02673281926229688,1.5559017333984286,0.0
v1.1-pub,1,0.9565895199775696,0.017817745134109414,0.810446777343742,0.0
v1.1-pub,1,0.9174618124961853,0.04464886903020309,1.6774133605957005,0.0
v1.1-pub,1,0.9234369397163391,0.05324108683697405,2.316509033203147,0.0
v1.1-pub,1,0.9753608703613281,0.01956989545246643,4.963494970703152,0.0
v1.1-pub,1,0.9887683391571045,0.00663074287191154,1.98957031249995,0.0
v1.1-pub,1,0.8397470712661743,0.1043963289290943,6.291681933593736,0.0
v1.1-pub,1,0.9529756307601929,0.03250168864138526,0.9939113891601536,0.0
v1.1-pub,1,0.9074673056602478,0.04846874966385027,2.0276513671874454,0.0
v1.1-pub,1,0.9753085970878601,0.010398016293069086,1.4672619995117202,0.0
v1.1-pub,0,0.27722954750061035,0.5635432667491073,5.259846984863287,1.0
v1.1-pub,1,0.8550959825515747,0.07744274802066008,2.8897501831054626,0.0
v1.1-pub,1,0.8975822329521179,0.048954180005110266,5.3855984374999935,0.0
v1.1-pub,1,0.7857453227043152,0.1419277860152689,5.0560780273437445,0.0
v1.1-pub,0,0.0,9.737981232527115,4.566804296874977,1.0
v1.1-pub,1,0.9570685029029846,0.021854897707473304,1.5462755371093806,0.0
v1.1-pub,0,0.2252923995256424,0.737132435922727,8.344186572265642,1.0
v1.1-pub,1,0.5130872130393982,0.3274895959636736,7.748438525390611,1.0
v1.1-pub,0,0.0709986537694931,2.615418101992576,7.657900927734374,1.0
v1.1-pub,1,0.9443130493164062,0.027704618076238873,4.806055712890611,0.0
v1.1-pub,1,0.678256630897522,0.2073997881119232,7.344420556640614,0.0
v1.1-pub,1,0.9045751690864563,0.05432898483631185,1.9238925781249918,0.0
v1.1-pub,1,0.7430421710014343,0.15250341302413717,5.400420361328145,0.0
v1.1-pub,1,0.8540935516357422,0.09592302591960547,3.3968166015624774,0.0
v1.1-pub,0,0.0002489826874807477,0.9901328783727407,1.7525507812499939,1.0
v1.1-pub,1,0.8267529606819153,0.13207108772920356,7.7430508300781185,0.0
v1.1-pub,1,0.940968930721283,0.03858584656076883,1.7201493225097622,0.0
v1.1-pub,1,0.900078535079956,0.04853604586084394,5.169677062988278,0.0
v1.1-pub,1,0.9161107540130615,0.04904363917061888,1.7829698242187533,0.0
v1.1-pub,1,0.898575484752655,0.07358507945741612,3.1776980712890577,0.0
v1.1-pub,1,0.952679455280304,0.02605298137503847,1.0312499511718727,0.0
v1.1-pub,0,0.180374875664711,0.6579192889163522,4.840919726562447,1.0
v1.1-pub,1,0.9177573919296265,0.038493497693182936,3.9464650146484246,0.0
v1.1-pub,1,0.7573459148406982,0.10944555861190058,9.078117846679675,0.0
v1.1-pub,1,0.7491445541381836,0.13953177109129114,5.658339208984387,0.0
v1.1-pub,1,0.7593279480934143,0.14089184569198807,2.161971282958987,0.0
v1.1-pub,1,0.912090003490448,0.04624286482711384,0.7398673400878906,0.0
v1.1-pub,1,0.9472253918647766,0.019384519575846856,2.1692285400390574,0.0
v1.1-pub,1,0.929046094417572,0.021112387589145073,2.102695312499975,0.0
v1.1-pub,1,0.9434305429458618,0.049191192198449245,0.9441511474609356,0.0
v1.1-pub,1,0.926727831363678,0.05183913091050916,1.6992550781250202,0.0
v1.1-pub,1,0.9538712501525879,0.0346497400715503,3.388711889648448,0.0
v1.1-pub,1,0.7799049019813538,0.19069471645084823,18.044697308349612,0.0
v1.1-pub,1,0.9510471820831299,0.03581866448946479,2.0642836547851573,0.0
v1.1-pub,1,0.9052407741546631,0.03705619443547942,2.1470136718750155,0.0
v1.1-pub,1,0.967079758644104,0.01765838897942204,1.0271238037109356,0.0
v1.1-pub,1,0.8868369460105896,0.05415021819942503,3.1374311523437655,0.0
v1.1-pub,1,0.9310544729232788,0.03376118345143825,1.9626401611328106,0.0
v1.1-pub,1,0.9096502065658569,0.04517007735632822,2.626007617187497,0.0
v1.1-pub,1,0.9452664852142334,0.04256537719842773,2.4776369628906423,0.0
v1.1-pub,1,0.8505967855453491,0.08323534875400102,4.844946533203142,0.0
v1.1-pub,1,0.9742756485939026,0.010948509431892578,0.6012636718750173,0.0
v1.1-pub,1,0.9481891393661499,0.036901340088200195,2.1380415039062655,0.0
v1.1-pub,1,0.9421491026878357,0.030872118102042285,4.274019384765609,0.0
v1.1-pub,1,0.8192538022994995,0.07429267954038332,6.226774072265641,0.0
v1.1-pub,1,0.8663970828056335,0.06566980426401246,5.46739208984377,0.0
v1.1-pub,1,0.9429294466972351,0.035147770578301846,3.4648145019531285,0.0
v1.1-pub,1,0.9243987202644348,0.039980258337105744,3.9411938964843785,0.0
v1.1-pub,0,0.29715561866760254,0.9527837693027383,6.071102587890621,1.0
v1.1-pub,1,0.8374667763710022,0.08846130278753471,2.455791918945309,0.0
v1.1-pub,1,0.9281514883041382,0.05853859017060329,5.770646411132816,0.0
v1.1-pub,1,0.9340122938156128,0.02775714770113649,1.1890029052734405,0.0
v1.1-pub,1,0.9489293098449707,0.029842270921827126,0.9200789916992207,0.0
v1.1-pub,1,0.9099918603897095,0.04662606810590824,1.028489990234391,0.0
v1.1-pub,1,0.9294488430023193,0.037904613313760556,1.168652294921877,0.0
v1.1-pub,1,0.89278244972229,0.04686139188366144,1.6717942138671873,0.0
v1.1-pub,1,0.9612959027290344,0.024461456505978463,1.387779150390628,0.0
v1.1-pub,1,0.62552410364151,0.34386271043660666,15.483536474609366,1.0
v1.1-pub,1,0.8766089081764221,0.0782278491562368,3.2483337890624853,0.0
v1.1-pub,1,0.9351422190666199,0.02728790437785408,2.396630175781297,0.0
v1.1-pub,1,0.5009999871253967,0.35022323367628755,6.012737542724608,1.0
v1.1-pub,0,0.2243851274251938,0.6631734158120007,16.878614843749972,1.0
v1.1-pub,1,0.8786020278930664,0.054300001850287785,17.126600683593722,0.0
v1.1-pub,0,0.03531940281391144,1.0597053007696662,5.977919042968722,1.0
v1.1-pub,1,0.5588783621788025,0.2821412077592981,8.175672949218722,0.0
v1.1-pub,1,0.8444136381149292,0.08840191279675023,4.680474633789061,0.0
v1.1-pub,0,0.0,9.26996722273746,7.820859078979495,1.0
v1.1-pub,0,0.0,10.910970811880956,10.246276025390628,1.0
v1.1-pub,1,0.9721159934997559,0.02122510186266726,1.116896875000009,0.0
v1.1-pub,0,0.0,,,
v1.1-pub,0,0.0,,,
v1.1-pub,0,0.0,,,
v1.1-pub,0,0.2748127281665802,0.7481297897668894,8.7867973022461,1.0
v1.1-pub,1,0.567554235458374,0.20041358214569382,16.292942822265616,0.0
v1.1-pub,0,0.0,,,
v1.1-pub,0,0.0,,,
v1.1-pub,0,0.0,,,
v1.1-pub,0,0.0,,,
v1.1-pub,0,0.0,,,
v1.1-pub,0,0.0,,,
v1.1-pub,0,0.0,,,
v1.1-pub,0,0.0,,,
v1.1-pub,0,0.0,,,
v1.1-pub,0,0.0,,,
v1.1-pub,0,0.0,,,
v1.1-pub,0,0.0,,,
v1.1-pub,0,0.0,,,
v1.1-pub,0,0.0,,,
v1.1-pub,0,0.0,,,
v1.1-pub,0,0.0,,,
v1.1-pub,0,0.0,,,
v1.1-pub,0,0.0,,,
v1.1-pub,0,0.0,,,
v1.1-pub,0,0.0,,,
v1.1-pub,0,0.0,,,
v1.1-pub,0,0.0,,,
v1.1-pub,0,0.0,,,
v1.1-pub,0,0.0,,,
v1.1-pub,0,0.0,,,
v1.1-pub,0,0.0,,,
v1.1-pub,0,0.0,,,
v1.1-pub,0,0.0,,,
v1.1-pub,0,0.0,,,
v1.1-pub,0,0.0,,,
v1.1-pub,1,0.9225658178329468,0.06360470487455652,2.1082533203124854,0.0
v1.1-pub,1,0.9697627425193787,0.015564368231745998,1.1946851074218898,0.0
v1.1-pub,1,0.9589450359344482,0.02348303495329661,1.1416981933593746,0.0
v1.1-pub,1,0.8504308462142944,0.09260580648993154,4.752770764160161,0.0
v1.1-pub,1,0.964837908744812,0.011825949180343503,0.9557401000976569,0.0
v1.1-pub,1,0.9167289733886719,0.06016638261155263,3.0879373046875003,0.0
v1.1-pub,1,0.9598318338394165,0.022124649740109987,1.0987742675781078,0.0
v1.1-pub,1,0.9060124754905701,0.05944910361702929,1.8179714233398414,0.0
v1.1-pub,1,0.8393856287002563,0.10618761818145192,2.4280567871093695,0.0
v1.1-pub,1,0.9002802968025208,0.047484109060107346,1.8676734680175784,0.0
v1.1-pub,1,0.9082826972007751,0.06969924805242998,2.343839648437495,0.0
v1.1-pub,1,0.8805669546127319,0.09230273979108898,2.6982991210937826,0.0
v1.1-pub,1,0.921253502368927,0.0410020786944358,5.348533666992182,0.0
v1.1-pub,1,0.9005788564682007,0.042403274266086165,3.532407128906243,0.0
v1.1-pub,1,0.9092402458190918,0.03959728867931321,1.4731141723632817,0.0
v1.1-pub,1,0.9342542290687561,0.02118906422936392,1.4766071777343655,0.0
v1.1-pub,1,0.8150834441184998,0.07253400093398747,4.761139074707032,0.0
v1.1-pub,1,0.7940325736999512,0.13795209716507129,7.050610546874992,1.0
v1.1-pub,1,0.736411988735199,0.14485620052804984,6.597424511718742,1.0
v1.1-pub,1,0.7268738150596619,0.18248751569995886,4.127301220703117,1.0
v1.1-pub,0,0.0,,,
v1.1-pub,0,0.0,,,
v1.1-pub,0,0.0,,,
v1.1-pub,1,0.9208920001983643,0.030529425916588634,2.2128829589843804,0.0
v1.1-pub,1,0.961125910282135,0.01894751299371554,0.8117447265624946,0.0
v1.1-pub,1,0.9557723999023438,0.02331225002862163,2.4765908691406366,0.0
v1.1-pub,1,0.9370454549789429,0.03570486060123881,2.5287539062500173,0.0
v1.1-pub,1,0.9646009206771851,0.012457202227812816,0.6253115234375173,0.0
v1.1-pub,1,0.8104050755500793,0.10982619400055066,5.732112054443363,0.0
v1.1-pub,1,0.9293577671051025,0.035157053899583686,1.4758333557128935,0.0
v1.1-pub,1,0.8251574039459229,0.1257130178267883,1.7536463134765654,0.0
v1.1-pub,1,0.9290310740470886,0.0443477751067498,1.8616442077636748,0.0
v1.1-pub,1,0.8991615772247314,0.059618756011562773,2.0791564208984425,0.0
v1.1-pub,1,0.9037046432495117,0.034124402559448604,1.4008439575195268,0.0
v1.1-pub,1,0.88587486743927,0.04550452943873176,1.6115063964843728,0.0
v1.1-pub,1,0.896343469619751,0.05673262168011672,2.004936523437493,0.0
v1.1-pub,1,0.9549452066421509,0.01732254878259511,0.8958314453124956,0.0
v1.1-pub,1,0.9481561183929443,0.02775024449940676,1.4634507690429643,0.0
v1.1-pub,1,0.950857400894165,0.023656384781501904,1.10814951171875,0.0
v1.1-pub,1,0.9812073707580566,0.0072147463055312186,0.7295789550781251,0.0
v1.1-pub,1,0.8378169536590576,0.09607072444675319,3.394457299804685,0.0
v1.1-pub,1,0.8930553793907166,0.05103807764315021,1.8068469970703234,0.0
v1.1-pub,1,0.9497228264808655,0.021614402477188353,0.9424834838867184,0.0
v1.1-pub,1,0.9477253556251526,0.031907133953487925,1.1296337890624955,0.0
v1.1-pub,1,0.8081133365631104,0.1240396068518344,5.80552495117189,0.0
v1.1-pub,1,0.9615268111228943,0.012310472322179853,1.1403150390625,0.0
v1.1-pub,1,0.664198637008667,0.21202105880300937,7.498824414062483,0.0
v1.1-pub,1,0.8242601156234741,0.11079142385216001,3.566054638671858,0.0
v1.1-pub,1,0.9594734907150269,0.03162027893667164,0.9669671020507806,0.0
v1.1-pub,1,0.9553421139717102,0.018337395441146997,1.3821280029296759,0.0
v1.1-pub,1,0.8835110068321228,0.07569386863028162,0.9952759704589837,0.0
v1.1-pub,1,0.8966329097747803,0.07589898327787392,0.9979729614257806,0.0
v1.1-pub,1,0.9667761921882629,0.021961558085435148,1.5524471679687508,0.0
v1.1-pub,1,0.8884083032608032,0.06405110253324157,9.038737622070315,1.0
v1.1-pub,1,0.9339221119880676,0.04765657720119244,3.3752484863281325,0.0
v1.1-pub,1,0.9378283023834229,0.04923732763656742,3.3070940429687425,0.0
v1.1-pub,1,0.8781879544258118,0.09319089747255217,1.6736047607421938,0.0
v1.1-pub,1,0.8847876787185669,0.07509888520853825,4.110781054687493,0.0
v1.1-pub,1,0.8994030952453613,0.07435162799023279,4.176411279296872,0.0
v1.1-pub,1,0.8825975656509399,0.07044377774144148,2.7025030273437096,0.0
v1.1-pub,1,0.9703205227851868,0.01893709676056524,0.9116413452148464,0.0
v1.1-pub,1,0.9390319585800171,0.05066030317877214,4.043380224609365,0.0
v1.1-pub,1,0.9536616206169128,0.021552744656601733,2.1085265625000034,0.0
v1.1-pub,1,0.8811489343643188,0.05628501817804603,3.6956011230468704,0.0
v1.1-pub,1,0.9388675093650818,0.024670953657165474,0.8733430419921859,0.0
v1.1-pub,1,0.873579204082489,0.05537170370463085,3.6356340820312454,0.0
v1.1-pub,1,0.9019722938537598,0.04492445916325713,3.9730607666015487,0.0
v1.1-pub,0,0.0,5.723587008710737,1.5562910522460953,1.0
v1.1-pub,1,0.9016459584236145,0.06309490469572666,4.142729418945308,0.0
v1.1-pub,0,0.0,8.05823256889287,4.290219909667968,1.0
v1.1-pub,1,0.7562143206596375,0.26732602950973783,7.219330419921874,1.0
v1.1-pub,1,0.6314841508865356,0.524419090492056,1.312706884765646,1.0
v1.1-pub,1,0.5703414082527161,0.6389362502418322,5.416091406250018,1.0
v1.1-pub,1,0.6652930378913879,0.401729870518258,2.876091894531271,1.0
v1.1-pub,1,0.9472171664237976,0.01832514021177648,1.3949440795898482,0.0
v1.1-pub,1,0.7224105596542358,0.2479680085037764,6.299850427246092,0.0
v1.1-pub,1,0.6600402593612671,0.354951995388046,6.172260247802733,0.0
v1.1-pub,1,0.6624805927276611,0.35687656489240666,6.205726586914061,0.0
v1.1-pub,1,0.9039111137390137,0.043972925388416476,2.480996423339846,0.0
v1.1-pub,1,0.8634486198425293,0.1021162094172007,7.080250927734369,0.0
v1.1-pub,1,0.82085782289505,0.10061760255879944,6.777323535156256,0.0
v1.1-pub,1,0.86811763048172,0.0798981406359109,3.1922583007812477,0.0
v1.1-pub,1,0.9406121969223022,0.024841319820787376,2.0392313964843822,0.0
v1.1-pub,1,0.965017557144165,0.01381360952536861,1.9996429199218824,0.0
v1.1-pub,1,0.9592753648757935,0.015536710456498229,0.9136545532226563,0.0
v1.1-pub,1,0.9440958499908447,0.024076374392965682,3.1867234863281055,0.0
v1.1-pub,1,0.9540233612060547,0.023187274617435534,2.059702416992181,0.0
v1.1-pub,1,0.942330539226532,0.022296202588471037,1.8706224121093555,0.0
v1.1-pub,1,0.9439536333084106,0.03315482579883727,1.4422879699706996,0.0
v1.1-pub,1,0.9153837561607361,0.05511015127406315,3.517940380859386,0.0
v1.1-pub,1,0.933401882648468,0.0402484865922848,1.8368369628906294,0.0
v1.1-pub,1,0.8986753225326538,0.0642431362008923,2.1233054687500044,0.0
v1.1-pub,1,0.9312690496444702,0.05236693445671921,4.453273632812511,0.0
v1.1-pub,1,0.6438587307929993,0.25671228256515544,3.456784912109356,0.0
v1.1-pub,1,0.7550966739654541,0.2188100742296561,2.946408935546856,0.0
v1.1-pub,1,0.7857806086540222,0.15760766236047646,2.501338818359386,0.0
v1.1-pub,1,0.9784131050109863,0.01082750996833315,1.0274429931640725,0.0
v1.1-pub,1,0.9677062034606934,0.01868249164905851,2.2709634765624855,0.0
v1.1-pub,1,0.9578152894973755,0.024736598335323552,2.531006689453136,0.0
v1.1-pub,1,0.9641309976577759,0.0181014878307652,2.1217201904296985,0.0
v1.1-pub,1,0.9721078872680664,0.010793933690223788,1.1246776367187294,0.0
v1.1-pub,1,0.9050177335739136,0.051595682408578064,2.2485656372070366,0.0
v1.1-pub,1,0.8098388910293579,0.09593071464948977,3.7632367187499938,0.0
v1.1-pub,1,0.8528015613555908,0.08020322591652357,1.2473045288085913,0.0
v1.1-pub,1,0.9194039702415466,0.043773860607156656,1.0776915283203152,0.0
v1.1-pub,1,0.9356829524040222,0.03632794820335989,1.1498345092773405,0.0
v1.1-pub,1,0.8833433389663696,0.0789248598298831,1.310149853515611,0.0
v1.1-pub,1,0.8386297225952148,0.15045245007581584,4.171083544921885,0.0
v1.1-pub,1,0.9505418539047241,0.024914814005178965,2.6476599121093614,0.0
v1.1-pub,0,0.0,4.804287892879749,11.616409863281206,1.0
v1.1-pub,1,0.5884210467338562,0.25571827946207426,16.15037856445312,0.0
v1.1-pub,1,0.7670609354972839,0.11124622322185562,3.5461736083984476,0.0
v1.1-pub,0,0.48175734281539917,0.3731431787286332,15.200577343749956,0.0
v1.1-pub,1,0.6244553923606873,0.22878783165038094,15.283707226562456,0.0
v1.1-pub,1,0.7123261094093323,0.17572368413391473,5.540901635742188,0.0
v1.1-pub,1,0.7388883829116821,0.14666798008494614,4.538424829101558,0.0
v1.1-pub,1,0.659788191318512,0.21306243929160443,18.85039077148437,0.0
v1.1-pub,1,0.5579977631568909,0.27371693151417803,7.586266015625,1.0
v1.1-pub,1,0.8865966200828552,0.04758158104476423,12.604794165039067,0.0
v1.1-pub,1,0.9236121773719788,0.02985708525956639,12.328507031249956,0.0
v1.1-pub,1,0.7957046627998352,0.12581131951753402,4.142654980468706,0.0
v1.1-pub,1,0.8621273636817932,0.0822705926357525,3.7836119140625044,0.0
v1.1-pub,1,0.8814728856086731,0.07593677696410539,13.557816113281206,0.0
v1.1-pub,1,0.8941742777824402,0.043597695912015656,3.0636754882812056,0.0
v1.1-pub,1,0.8977946639060974,0.05459257685188161,13.268875683593706,0.0
v1.1-pub,1,0.5078449249267578,0.4359035631981276,21.915316918945308,1.0
v1.1-pub,1,0.86032634973526,0.04503777174734719,3.1648717773437056,0.0
v1.1-pub,1,0.9725207090377808,0.011366300596213729,0.7029606018066374,0.0
v1.1-pub,1,0.9450544714927673,0.0285832353448537,1.3869328735351587,0.0
v1.1-pub,1,0.9474003911018372,0.027601834772806404,1.5257294433593813,0.0
v1.1-pub,1,0.9413560628890991,0.02561202070205091,2.093977343749998,0.0
v1.1-pub,1,0.9091712236404419,0.07484742877222587,1.8972026855468727,0.0
v1.1-pub,1,0.8426460027694702,0.08487959028797752,12.309146582031303,1.0
v1.1-pub,0,0.14398717880249023,1.1045993316053513,2.249998168945311,1.0
v1.1-pub,1,0.898128092288971,0.07436227447399094,5.6370247802734355,0.0
v1.1-pub,1,0.8046281933784485,0.1832981357953942,6.3127144775390605,0.0
v1.1-pub,1,0.9136891961097717,0.049405620144485095,2.4169970458984267,0.0
v1.1-pub,1,0.8929658532142639,0.04255958747558506,4.416753125000014,0.0
v1.1-pub,1,0.9524477124214172,0.02376482047703469,1.2734127929687702,0.0
v1.1-pub,1,0.9608882069587708,0.02322011990149604,0.8097831054687532,0.0
v1.1-pub,1,0.9613572955131531,0.01682775347718523,1.2220886718750137,0.0
v1.1-pub,0,0.0,,,
v1.1-pub,1,0.9160406589508057,0.049222278972027925,1.5051533020019505,0.0
v1.1-pub,1,0.8349684476852417,0.06221113934214206,2.044329541015628,0.0
v1.1-pub,1,0.8561956286430359,0.07898267361560335,2.4151874816894505,0.0
v1.1-pub,1,0.8316795229911804,0.11248419581897288,1.569053295898435,0.0
v1.1-pub,1,0.6806174516677856,0.19953772871945086,5.221671044921891,0.0
v1.1-pub,1,0.8171355724334717,0.10285449763800918,3.6414400634765514,0.0
v1.1-pub,1,0.8447042107582092,0.07835818874175673,2.7686298828124905,0.0
v1.1-pub,0,0.0,1.0193573707598038,5.550835937500011,1.0
v1.1-pub,1,0.9441834688186646,0.02039143760338546,3.3197545898437966,0.0
v1.1-pub,1,0.9651091694831848,0.020784616875739556,0.7358544189453085,0.0
v1.1-pub,1,0.8141827583312988,0.11792118259067853,3.372078955078109,0.0
v1.1-pub,1,0.8947915434837341,0.06291426942317958,1.8906555847167965,0.0
v1.1-pub,1,0.8168992400169373,0.09846729566239885,3.7107392089843643,0.0
v1.1-pub,0,0.043760452419519424,1.0399969262217768,8.073196679687499,1.0
v1.1-pub,0,0.0,,,
v1.1-pub,0,0.0,,,
v1.1-pub,1,0.9823336601257324,0.0076272999577872485,0.4417800781249994,0.0
v1.1-pub,1,0.9612856507301331,0.017747964035244604,0.7467683105468836,0.0
v1.1-pub,1,0.9416013956069946,0.0313044442989111,2.803973510742196,0.0
v1.1-pub,1,0.924716591835022,0.03395802631484506,1.1838277343749724,0.0
v1.1-pub,1,0.9850686192512512,0.007639700440944287,0.2997115600585971,0.0
v1.1-pub,1,0.9749090671539307,0.011329855232826515,0.49360871582030086,0.0
v1.1-pub,1,0.9528616666793823,0.03378699229950688,4.6909083007812455,0.0
v1.1-pub,1,0.9432240128517151,0.033999753915138035,3.7036951660156205,0.0
v1.1-pub,1,0.9480290412902832,0.021094802462166534,2.573787890624999,0.0
v1.1-pub,1,0.9415901303291321,0.018986576609349295,2.326816357421876,0.0
v1.1-pub,1,0.9104724526405334,0.028580792426535474,4.326806152343806,0.0
v1.1-pub,1,0.9236233234405518,0.036184072988765956,3.9673701171875564,0.0
v1.1-pub,1,0.9708055257797241,0.009191559871366174,1.1067621582031109,0.0
v1.1-pub,1,0.9629361629486084,0.016762554878551085,1.4066872558593673,0.0
v1.1-pub,1,0.9760013818740845,0.012475500549253048,2.1829880371093964,0.0
v1.1-pub,1,0.9602327346801758,0.016822524137777715,2.5397385253906464,0.0
v1.1-pub,1,0.9402309060096741,0.0440472686978854,1.3469082153320286,0.0
v1.1-pub,1,0.8437556028366089,0.10684354905317572,2.9178145996093576,0.0
v1.1-pub,1,0.8360980153083801,0.10055805379160868,4.645902978515608,0.0
v1.1-pub,1,0.974772036075592,0.020285819675387094,1.2960589904785138,0.0
v1.1-pub,1,0.8968253135681152,0.08343660469890134,3.1548047729492197,0.0
v1.1-pub,1,0.9588372111320496,0.01678109306586808,0.8508987487792936,0.0
v1.1-pub,1,0.7820300459861755,0.1535807395352858,14.997248303222648,1.0
v1.1-pub,1,0.9158133268356323,0.042799853684110156,2.603587304687494,0.0
v1.1-pub,1,0.9724012613296509,0.018426116567956678,0.9597241455078063,0.0
v1.1-pub,1,0.9666690230369568,0.017508233928921077,1.2154156738281188,0.0
v1.1-pub,1,0.973084032535553,0.012455636778342511,1.3178006835937595,0.0
v1.1-pub,1,0.8745484352111816,0.06544947644075573,3.0041157714843507,0.0
v1.1-pub,1,0.8892778754234314,0.061205120156393115,3.8128451171875213,0.0
v1.1-pub,1,0.9189589619636536,0.04004635701613314,2.4069613281250213,0.0
v1.1-all,1,0.9748081564903259,0.0112907929766299,0.6766989990234435,0.0
v1.1-all,1,0.9775617718696594,0.007553546355408877,0.9489131103515547,0.0
v1.1-all,1,0.9793674945831299,0.01021749567533187,0.78132617187498,0.0
v1.1-all,1,0.9171778559684753,0.03744593144840996,1.78730761718748,0.0
v1.1-all,1,0.935936450958252,0.02747103237696969,1.3208182250976535,0.0
v1.1-all,1,0.9330587983131409,0.025915572358072632,1.3443232910156269,0.0
v1.1-all,1,0.7922064661979675,0.19068304066847083,1.1408146484375266,1.0
v1.1-all,0,0.0,,,
v1.1-all,1,0.880020022392273,0.10293501865521461,4.3714031982421915,0.0
v1.1-all,0,0.11981630325317383,2.6874695007356824,2.9860705566406125,1.0
v1.1-all,1,0.8681771755218506,0.13702042817544455,5.57552564697265,0.0
v1.1-all,1,0.8386202454566956,0.10110036618437399,20.04281396484373,0.0
v1.1-all,1,0.7074344754219055,0.20819178385307469,21.97884912109373,1.0
v1.1-all,1,0.8171629309654236,0.19898019702451772,4.301757006835942,1.0
v1.1-all,1,0.9485324621200562,0.021918983910537836,1.5317183227539033,0.0
v1.1-all,1,0.9544743299484253,0.022594626440279732,1.578932830810544,0.0
v1.1-all,1,0.9500893354415894,0.022360496133253555,1.5625715942382783,0.0
v1.1-all,1,0.87200528383255,0.10343117184645748,3.5031663574218896,0.0
v1.1-all,1,0.9227073192596436,0.03560066761741106,1.5620958007812646,0.0
v1.1-all,1,0.8930675387382507,0.04591011764215853,1.7651292480468896,0.0
v1.1-all,1,0.8902717232704163,0.07185562492488762,5.306394189453101,0.0
v1.1-all,1,0.8630132079124451,0.07168377097129097,2.2672366699218856,0.0
v1.1-all,1,0.9566488265991211,0.02414755118124178,1.846595019531236,0.0
v1.1-all,1,0.8584456443786621,0.081575853113315,2.6661130859374964,0.0
v1.1-all,1,0.776581883430481,0.1371965155628081,4.32240366210938,0.0
v1.1-all,1,0.7354249954223633,0.10925921994015206,3.4383002441406347,0.0
v1.1-all,1,0.7813859581947327,0.11184511468273359,3.1335533935546778,0.0
v1.1-all,0,0.44940513372421265,1.1501093638896047,1.5475969970703147,1.0
v1.1-all,1,0.9031999111175537,0.03689826265967658,2.946439160156274,0.0
v1.1-all,1,0.9461517333984375,0.026061002864080196,1.709307226562487,0.0
v1.1-all,1,0.9153002500534058,0.043083358095662244,1.5348485839843988,0.0
v1.1-all,1,0.9627085328102112,0.018428992220755377,0.5844754882812566,0.0
v1.1-all,1,0.9693437218666077,0.014542281523491806,0.6799618408203116,0.0
v1.1-all,1,0.9314172267913818,0.022347820505353746,1.4221504882812468,0.0
v1.1-all,1,0.9286714196205139,0.041817547148483396,2.394071301269534,0.0
v1.1-all,1,0.9626968502998352,0.02065020934438352,1.1660058105468778,0.0
v1.1-all,1,0.9505418539047241,0.024299607268638425,1.8741971191406321,0.0
v1.1-all,1,0.8632977604866028,0.07749010968474011,4.169370849609379,0.0
v1.1-all,1,0.9080365300178528,0.046402282156580585,2.3008291259765485,0.0
v1.1-all,1,0.8795176148414612,0.05544558555081594,8.408479541015652,0.0
v1.1-all,1,0.922749936580658,0.03298102866965746,7.181428759765652,0.0
v1.1-all,1,0.8245429992675781,0.07880090812117842,2.356091992187544,0.0
v1.1-all,1,0.8312162160873413,0.07983991615434989,3.2449816162109357,0.0
v1.1-all,1,0.8453914523124695,0.057992664431995446,2.3345163330078265,0.0
v1.1-all,1,0.7273049354553223,0.11035807916460069,5.131428930664072,0.0
v1.1-all,1,0.6909562349319458,0.16118418524598885,6.038007934570317,0.0
v1.1-all,1,0.6764429211616516,0.14766504945536416,8.218342626953131,0.0
v1.1-all,1,0.8077432513237,0.10301745990921976,5.464344824218756,0.0
v1.1-all,1,0.7519751787185669,0.08748625106034069,5.45066464843751,0.0
v1.1-all,1,0.85361647605896,0.06435388256555107,2.410715747070313,0.0
v1.1-all,0,0.0,,,
v1.1-all,0,0.0,,,
v1.1-all,0,0.0,,,
v1.1-all,1,0.8986042737960815,0.04126695974249106,1.590050891113279,0.0
v1.1-all,1,0.8890016078948975,0.04524691208333692,1.4801124633789087,0.0
v1.1-all,1,0.8925941586494446,0.04163079845160762,2.335368017578105,0.0
v1.1-all,1,0.9106093049049377,0.03806999688652568,1.245341931152339,0.0
v1.1-all,1,0.9026073813438416,0.051738437622279525,1.6924625976562453,0.0
v1.1-all,1,0.8683058619499207,0.08242555485959785,5.896203808593782,0.0
v1.1-all,1,0.866756796836853,0.040076007615443325,2.198510937500032,0.0
v1.1-all,1,0.9173168540000916,0.04206979500821748,3.7822031005859458,0.0
v1.1-all,0,0.0,,,
v1.1-all,0,0.0,,,
v1.1-all,1,0.930549144744873,0.041239131918339236,3.433021643066411,0.0
v1.1-all,1,0.9155228734016418,0.05069711507239181,4.22036752929688,0.0
v1.1-all,1,0.9165707230567932,0.04035548680228054,3.6891475830078093,0.0
v1.1-all,1,0.8689823746681213,0.0772350637388512,3.6164089904785186,0.0
v1.1-all,1,0.8955061435699463,0.108213677883414,4.465653845214845,0.0
v1.1-all,1,0.9624864459037781,0.015306422551091253,3.0577931152343467,0.0
v1.1-all,1,0.9495571851730347,0.024062694998135743,1.6285328613280967,0.0
v1.1-all,1,0.8915768265724182,0.05410601421065968,1.666126531982421,0.0
v1.1-all,1,0.9053070545196533,0.05883975298695889,1.7158495727539034,0.0
v1.1-all,1,0.9045387506484985,0.054853350260318325,1.5996004882812471,0.0
v1.1-all,1,0.9311396479606628,0.04733655976749755,1.3804003540039034,0.0
v1.1-all,1,0.9259594678878784,0.0455913803103829,1.3295084777832002,0.0
v1.1-all,1,0.8750401139259338,0.0495660098452732,1.5399782226562593,0.0
v1.1-all,1,0.9641894102096558,0.024251115131860446,1.0197618164062447,0.0
v1.1-all,1,0.9018006324768066,0.04493475959010244,1.993832495117175,0.0
v1.1-all,1,0.8864613175392151,0.04994069257093031,1.3057619628906423,0.0
v1.1-all,1,0.9149234890937805,0.05344323153709307,1.8806073242187438,0.0
v1.1-all,1,0.6016098260879517,0.3546526460640038,26.689776147460947,1.0
v1.1-all,1,0.8481482863426208,0.08059065543071485,10.332742236328102,0.0
v1.1-all,1,0.7475796341896057,0.18938055296541306,24.281200341796875,0.0
v1.1-all,1,0.900791585445404,0.04768968142279118,2.3776364257812475,0.0
v1.1-all,1,0.8676540851593018,0.06271137000766333,1.937379980468748,0.0
v1.1-all,1,0.8675461411476135,0.06156523456353801,1.8559209350585917,0.0
v1.1-all,1,0.956912636756897,0.019422779033115473,1.3780558837890595,0.0
v1.1-all,1,0.9658384919166565,0.01880415186715778,1.3341639770507783,0.0
v1.1-all,1,0.9412642121315002,0.02566179751615938,0.9798014892578095,0.0
v1.1-all,1,0.9068712592124939,0.04388289408321643,1.3228761718750093,0.0
v1.1-all,1,0.928179144859314,0.03672134650026498,1.0886348022460908,0.0
v1.1-all,1,0.9402977228164673,0.03727289439619237,3.132671228027341,0.0
v1.1-all,1,0.9142305850982666,0.042030785549331054,5.380075048828132,0.0
v1.1-all,1,0.8845624923706055,0.05565902802017315,7.127717578124987,0.0
v1.1-all,1,0.9545096158981323,0.02600175131834585,1.8590408203124866,0.0
v1.1-all,1,0.8757233619689941,0.11412601548316739,3.2186275390624814,0.0
v1.1-all,0,0.0,,,
v1.1-all,1,0.9090463519096375,0.034613940370756074,2.252789465332029,0.0
v1.1-all,1,0.8966443538665771,0.039087972683892434,2.1227388061523413,0.0
v1.1-all,1,0.9420666694641113,0.02827376722081934,1.499142431640621,0.0
v1.1-all,1,0.8314670920372009,0.08081850191987013,2.48187143554685,0.0
v1.1-all,1,0.8244993090629578,0.09810259972185256,1.5072679626464875,0.0
v1.1-all,1,0.8525355458259583,0.08054687835283808,1.237538348388675,0.0
v1.1-all,1,0.8165816068649292,0.10075288751827688,3.8174362304687435,0.0
v1.1-all,1,0.7653474807739258,0.1596244579781849,6.0480270507812435,0.0
v1.1-all,1,0.7544974684715271,0.18523676458363675,5.3009149414062335,0.0
v1.1-all,1,0.7240979075431824,0.15978534357970858,4.979727099609363,0.0
v1.1-all,1,0.6885355114936829,0.17993432261471973,4.895834277343738,0.0
v1.1-all,1,0.8330137133598328,0.11754350715304113,2.567711523437481,0.0
v1.1-all,1,0.9174507856369019,0.0665558720264222,1.995331732177732,0.0
v1.1-all,1,0.8894381523132324,0.06937759620611986,2.079926458740232,0.0
v1.1-all,1,0.8937288522720337,0.06281609499875743,1.8832139648437476,0.0
v1.1-all,1,0.8926659226417542,0.06214107485205395,2.0948974609375455,0.0
v1.1-all,1,0.943461537361145,0.020433996379764854,1.703325732421888,0.0
v1.1-all,1,0.9218723177909851,0.03525150289815507,3.225018994140612,0.0
v1.1-all,1,0.8836761713027954,0.04146416739196255,2.043781250000052,0.0
v1.1-all,1,0.9873647093772888,0.006724110313052362,1.1447105224609402,0.0
v1.1-all,1,0.9795641899108887,0.009445379878375057,1.0160979980468596,0.0
v1.1-all,1,0.9789331555366516,0.006770576377910192,0.7523956054687346,0.0
v1.1-all,1,0.9704101085662842,0.012981905827174954,0.868505078124997,0.0
v1.1-all,1,0.9674927592277527,0.01575415101742636,1.3604134765625133,0.0
v1.1-all,1,0.9555354118347168,0.014657513679165873,0.8530911193847643,0.0
v1.1-all,1,0.8988651633262634,0.05791404059066792,0.9011656372070291,0.0
v1.1-all,1,0.9528617262840271,0.03160737160285914,2.159033178710942,0.0
v1.1-all,1,0.9346447587013245,0.03598667899758269,2.337424414062525,0.0
v1.1-all,0,0.41999101638793945,0.4578037303447994,10.03576679687501,1.0
v1.1-all,1,0.9195696115493774,0.03717114786822665,1.4571164306640583,0.0
v1.1-all,1,0.867124080657959,0.057645404570464985,3.6924302734374805,0.0
v1.1-all,1,0.9084842801094055,0.048437914925808276,2.6668075317382858,0.0
v1.1-all,1,0.909584641456604,0.05228302326677113,3.079328906249998,0.0
v1.1-all,0,0.33558389544487,0.5568304177674804,4.5118251464843695,1.0
v1.1-all,1,0.7233721017837524,0.16614666612376192,2.301774511718804,1.0
v1.1-all,0,0.1902807205915451,2.208426311447365,3.460771093750054,1.0
v1.1-all,1,0.7803959846496582,0.1354837733213767,2.2496861206054746,0.0
v1.1-all,1,0.919013261795044,0.05627225947313429,1.8746371704101534,0.0
v1.1-all,1,0.8967879414558411,0.059740280552600646,2.220537426757801,0.0
v1.1-all,1,0.8662176132202148,0.11270413483043923,1.5918219299316405,0.0
v1.1-all,1,0.9497379064559937,0.02852478252391319,4.398033691406255,0.0
v1.1-all,1,0.9687066078186035,0.015266472348698802,2.3538289794921923,0.0
v1.1-all,1,0.9159632325172424,0.03549894258992659,1.1810474365234427,0.0
v1.1-all,1,0.8326756954193115,0.10712327432697777,1.6497091369628905,0.0
v1.1-all,1,0.8319527506828308,0.10261973142879346,3.330085058593795,0.0
v1.1-all,1,0.8776816725730896,0.04855982299746271,2.969428320312545,0.0
v1.1-all,1,0.9205411672592163,0.0412588142872676,1.2663485351562471,0.0
v1.1-all,1,0.9284313321113586,0.04969525005374572,1.5252863708496065,0.0
v1.1-all,1,0.9404090046882629,0.040946855452077636,1.2567736450195284,0.0
v1.1-all,1,0.8862940073013306,0.07049564213384163,3.2944146484375096,0.0
v1.1-all,1,0.9275562763214111,0.027111427118925484,1.357372180175787,0.0
v1.1-all,1,0.9311844110488892,0.02645934853069381,1.2651245605468944,0.0
v1.1-all,1,0.8957207202911377,0.043610148559802706,1.823540917968728,0.0
v1.1-all,1,0.9262902140617371,0.038022958756923894,1.2367955932617178,0.0
v1.1-all,1,0.9529224038124084,0.026566691898909714,1.031932727050787,0.0
v1.1-all,1,0.9023029208183289,0.06242474053357145,1.9006710449218644,0.0
v1.1-all,1,0.847389280796051,0.08255315358372511,2.4015372802734305,0.0
v1.1-all,1,0.8912026882171631,0.040379858308056224,1.7999698974609402,0.0
v1.1-all,1,0.8750230669975281,0.05342403923630254,3.487805590820315,0.0
v1.1-all,1,0.9168002605438232,0.057920517058454184,2.8575042968749926,0.0
v1.1-all,1,0.8817530870437622,0.04648132114480806,3.0973080566405997,0.0
v1.1-all,1,0.836049497127533,0.10880518591293876,2.249883300781221,0.0
v1.1-all,1,0.931390106678009,0.0420293908118758,6.004625585937504,0.0
v1.1-all,1,0.8928279280662537,0.04676979661799504,2.957650000000001,0.0
v1.1-all,1,0.8750096559524536,0.05402114402365612,3.3276376464843906,0.0
v1.1-all,1,0.897475004196167,0.03328226111752709,1.5127838439941428,0.0
v1.1-all,1,0.7439253330230713,0.13522640206539838,4.248948779296882,0.0
v1.1-all,1,0.9373555183410645,0.029553455940198724,1.1912205078125027,0.0
v1.1-all,1,0.8267567157745361,0.10197914630239788,6.445520556640645,0.0
v1.1-all,1,0.5838470458984375,0.3416594172469441,6.424457568359401,1.0
v1.1-all,1,0.9354860782623291,0.02970816720876706,1.9185154296875027,0.0
v1.1-all,1,0.866568386554718,0.07015011559527815,2.2398655273437527,0.0
v1.1-all,1,0.8150984048843384,0.10239726744593218,3.164075122070315,0.0
v1.1-all,1,0.9375066161155701,0.04999702076039546,1.5733762451171884,0.0
v1.1-all,1,0.8766997456550598,0.060481413927299915,1.5029812805175808,0.0
v1.1-all,1,0.8721490502357483,0.0702992224982876,2.222480218505858,0.0
v1.1-all,1,0.9002435803413391,0.0693057017641424,2.0689484619140615,0.0
v1.1-all,0,0.0,,,
v1.1-all,1,0.8651941418647766,0.12626111240019777,4.310981103515644,1.0
v1.1-all,0,0.0,9.32163304445309,12.799715600585927,1.0
v1.1-all,1,0.9469757080078125,0.03157947218819151,1.5060519531249952,0.0
v1.1-all,1,0.8884508609771729,0.05560643417428946,1.541482666015611,0.0
v1.1-all,1,0.891823410987854,0.05361502419158817,1.391065380859402,0.0
v1.1-all,1,0.8778510689735413,0.05721042988546978,2.952588818359402,0.0
v1.1-all,0,0.0,,,
v1.1-all,0,0.0,,,
v1.1-all,0,0.0,,,
v1.1-all,1,0.9655668139457703,0.02982598551714159,1.2667066223144516,0.0
v1.1-all,1,0.961993396282196,0.02601828532278335,1.1049939758300766,0.0
v1.1-all,1,0.9002419710159302,0.07379275260231188,1.0413190490722641,0.0
v1.1-all,1,0.9441295862197876,0.03497030350323893,1.072983331298829,0.0
v1.1-all,1,0.925055742263794,0.0647926402471936,0.9074598022460947,0.0
v1.1-all,1,0.8795017600059509,0.08259034817295186,1.7660062011718765,0.0
v1.1-all,1,0.9253126978874207,0.035213363375880415,2.319929199218791,0.0
v1.1-all,1,0.9059269428253174,0.08654393573672212,4.5586152709961,0.0
v1.1-all,1,0.8799079060554504,0.06407000374629097,3.55025345458985,0.0
v1.1-all,1,0.8873205780982971,0.06545675008790115,3.2358020751953234,0.0
v1.1-all,1,0.9695449471473694,0.019131929335769425,0.9870544982910161,0.0
v1.1-all,1,0.9001659750938416,0.06755271790782466,2.5878743164062143,0.0
v1.1-all,1,0.9168194532394409,0.03267813977421999,2.962822363281248,0.0
v1.1-all,1,0.9684038162231445,0.02062107656831426,0.778784869384765,0.0
v1.1-all,1,0.9629446864128113,0.018329004162986422,0.9098252441406203,0.0
v1.1-all,1,0.9542902708053589,0.02456531960500399,0.9338583984375077,0.0
v1.1-all,1,0.965802013874054,0.017815566966165743,0.7714030761718789,0.0
v1.1-all,1,0.9124136567115784,0.060763454474329626,1.8444260498046958,0.0
v1.1-all,1,0.900169849395752,0.05991485452960048,1.9559983154296958,0.0
v1.1-all,1,0.9634888768196106,0.015918113561086623,0.8999280761718751,0.0
v1.1-all,1,0.8714159727096558,0.1071893196915826,8.198626757812463,0.0
v1.1-all,1,0.8953661918640137,0.07337956862870226,2.3092183349609456,0.0
v1.1-all,1,0.9329739809036255,0.03582105557996396,2.4599751708984456,0.0
v1.1-all,1,0.9282236099243164,0.04483328443807464,2.824976635742189,0.0
v1.1-all,1,0.8677486181259155,0.06956923126417955,2.057697851562523,0.0
v1.1-all,1,0.9170490503311157,0.039451555414382326,1.1053023925781247,0.0
v1.1-all,1,0.9045872688293457,0.0431165670793725,5.278795800781239,0.0
v1.1-all,1,0.8787515163421631,0.056464530402124166,6.852785668945302,0.0
v1.1-all,1,0.9101790189743042,0.05345115311756209,1.3940488342285136,0.0
v1.1-all,1,0.8679826855659485,0.06152741245517496,1.9817056640625026,0.0
v1.1-all,1,0.8574191927909851,0.04719670038394861,4.482010205078097,0.0
v1.1-all,1,0.801149308681488,0.11392686170236489,3.9759677246093474,0.0
v1.1-all,1,0.9115708470344543,0.05220518938432894,1.6814508422851588,0.0
v1.1-all,1,0.8837843537330627,0.07306734292485363,2.552753759765608,0.0
v1.1-all,1,0.6804371476173401,0.19570931528087704,6.828532861328142,0.0
v1.1-all,1,0.9143412709236145,0.029831143388730927,0.9608163818359401,0.0
v1.1-all,1,0.8416458964347839,0.06995401813836839,4.2586747070312185,0.0
v1.1-all,1,0.8671087622642517,0.045408088978906205,1.7342666015624673,0.0
v1.1-all,1,0.9513316750526428,0.031596196664511154,1.7290165527343788,0.0
v1.1-all,1,0.8528195023536682,0.06640850606397516,3.514876049804684,0.0
v1.1-all,1,0.908672571182251,0.03749102254309779,2.05159498291016,0.0
v1.1-all,1,0.8940376043319702,0.05045305884209917,2.760907421875004,0.0
v1.1-all,1,0.9248623251914978,0.0386124632081582,2.3380885009765677,0.0
v1.1-all,1,0.9034185409545898,0.06532866894746016,1.5687708740234427,0.0
v1.1-all,1,0.9354298114776611,0.0343477359509601,3.140414453125004,0.0
v1.1-all,1,0.8150343298912048,0.098614119677185,4.024752832031254,0.0
v1.1-all,1,0.9479491114616394,0.024537098881272357,0.8023353271484268,0.0
v1.1-all,1,0.9111282825469971,0.032209936187341234,2.6934333496093643,0.0
v1.1-all,1,0.9312072396278381,0.038227560071922066,5.2276341308593715,0.0
v1.1-all,1,0.918423056602478,0.0325114137842215,3.9516127929687173,0.0
v1.1-all,1,0.9558484554290771,0.02666137217664059,1.5044692382812173,0.0
v1.1-all,1,0.9680933952331543,0.0140092718424795,0.6605119506835919,0.0
v1.1-all,1,0.9329138398170471,0.044906738223761684,1.3731088439941388,0.0
v1.1-all,1,0.9264698028564453,0.02654758667168661,2.910956152343772,0.0
v1.1-all,1,0.9498398303985596,0.04019155540456738,1.23318543701172,0.0
v1.1-all,1,0.9226512908935547,0.036803885118257836,1.12924256591797,0.0
v1.1-all,1,0.8493934869766235,0.07534723537342891,3.1412469726562335,0.0
v1.1-all,1,0.8771975636482239,0.04485576989241776,3.3828461791992197,0.0
v1.1-all,1,0.8049964904785156,0.1051190603383366,4.447163427734381,0.0
v1.1-all,1,0.8288630247116089,0.07516447094127707,3.816919482421895,0.0
v1.1-all,1,0.6474693417549133,0.24544276798632203,7.452492248535151,1.0
v1.1-all,1,0.7916809320449829,0.087477963319579,3.1502914062500054,0.0
v1.1-all,1,0.8141093850135803,0.06458418840332922,5.584455371093725,0.0
v1.1-all,1,0.8290191888809204,0.06672122236319405,3.388163720703119,0.0
v1.1-all,1,0.7755222320556641,0.0847493306362896,4.547242285156244,0.0
v1.1-all,1,0.6400797367095947,0.3503778887241203,4.2142727539062435,1.0
v1.1-all,1,0.8221100568771362,0.11019928645046655,5.596018945312494,0.0
v1.1-all,0,0.0,,,
v1.1-all,0,0.0,,,
v1.1-all,1,0.9662691950798035,0.022426802945548434,0.7133293212890592,0.0
v1.1-all,1,0.899786114692688,0.06368921066876103,2.528808007812472,0.0
v1.1-all,1,0.9476379156112671,0.05440431327512042,1.6635152465820298,0.0
v1.1-all,1,0.8430776000022888,0.10048812419089273,1.4073964721679673,0.0
v1.1-all,1,0.9236664772033691,0.040085272474316244,4.9134414550781,0.0
v1.1-all,1,0.8583207130432129,0.1104856964130807,1.6963310913085934,0.0
v1.1-all,1,0.7233966588973999,0.1340125698599587,6.843340185546879,0.0
v1.1-all,1,0.7769722938537598,0.12567535345269462,11.946812207031257,0.0
v1.1-all,1,0.763155460357666,0.12849403709413507,12.067347949218743,0.0
v1.1-all,1,0.8139967918395996,0.11331341337349847,5.367026464843775,0.0
v1.1-all,1,0.8691071271896362,0.11112200105552249,1.977378027343775,0.0
v1.1-all,1,0.9063002467155457,0.044740684209162176,8.238710656738277,0.0
v1.1-all,1,0.5280960202217102,0.8755756555654155,2.7480178710937366,1.0
v1.1-all,1,0.9315720796585083,0.036745657701127546,1.7603044067382854,0.0
v1.1-all,1,0.9222809672355652,0.04066919288026419,1.3017804199218972,0.0
v1.1-all,1,0.9141230583190918,0.043734692503310184,1.2769050781250257,0.0
v1.1-all,1,0.8993605375289917,0.04607813578218654,2.4449958984375257,0.0
v1.1-all,1,0.9224452376365662,0.03973480828743378,2.0868143310546827,0.0
v1.1-all,1,0.9161675572395325,0.061776514063742724,1.0580742187499936,0.0
v1.1-all,1,0.9857000112533569,0.0048321851063471205,1.0236636230468719,0.0
v1.1-all,1,0.9796151518821716,0.007208336311054405,1.5188723632812469,0.0
v1.1-all,1,0.945338785648346,0.026589965416417637,3.4155544677734326,0.0
v1.1-all,1,0.8887726664543152,0.0692098541386299,9.647936718749975,0.0
v1.1-all,1,0.8762129545211792,0.09640182020162694,13.438776464843727,0.0
v1.1-all,1,0.8106451630592346,0.09921880316957116,13.831507177734352,0.0
v1.1-all,1,0.9368963837623596,0.025587511732932285,3.459679785156254,0.0
v1.1-all,1,0.8131494522094727,0.11129750197742358,4.03288724365234,0.0
v1.1-all,1,0.9677926898002625,0.013665161861964599,1.3462541259765715,0.0
v1.1-all,1,0.7977128028869629,0.1559991900065244,5.60261730957032,0.0
v1.1-all,1,0.7301864624023438,0.27557226190769873,8.635029711914058,1.0
v1.1-all,1,0.9037231802940369,0.05453843155818028,1.3019662597656065,0.0
v1.1-all,1,0.8463942408561707,0.08009431028090994,3.7003225585937685,0.0
v1.1-all,1,0.7995477914810181,0.13181992703138815,4.732012878417976,0.0
v1.1-all,1,0.783364474773407,0.09555798403904711,4.057498107910163,0.0
v1.1-all,0,0.10950210690498352,2.9422095777197157,6.498612695312488,1.0
v1.1-all,0,0.32663875818252563,0.5467501347052436,9.333665185546863,1.0
v1.1-all,0,0.0,1.1782742250811888,35.08393984374999,1.0
v1.1-all,1,0.917066752910614,0.07397859881150906,4.311995434570321,0.0
v1.1-all,1,0.8135818839073181,0.20560298112157088,0.9933002624511715,1.0
v1.1-all,0,0.33077019453048706,1.976701654665673,3.4573292968750025,1.0
v1.1-all,0,0.3291291296482086,1.9064776423523873,2.4581212890625466,1.0
v1.1-all,0,0.3315782845020294,0.993714185886921,3.6245813476562034,1.0
v1.1-all,1,0.8369064927101135,0.08314946657984132,2.1787805664062034,0.0
v1.1-all,1,0.8361252546310425,0.10894229247796042,1.8129849487304739,0.0
v1.1-all,0,0.0,,,
v1.1-all,0,0.0,,,
v1.1-all,0,0.0,,,
v1.1-all,1,0.6835228204727173,0.29110054778637573,12.838698559570318,0.0
v1.1-all,1,0.8562849164009094,0.08087009995520915,8.97112236328124,0.0
v1.1-all,1,0.9053370952606201,0.08539027507225667,9.472556689453114,0.0
v1.1-all,1,0.8925809264183044,0.08248906596846609,9.150718310546864,0.0
v1.1-all,1,0.9097886085510254,0.08019679165997612,8.896430590820302,0.0
v1.1-all,1,0.8390167951583862,0.08871761473756554,9.84166679687499,0.0
v1.1-all,1,0.8666538596153259,0.08905117400537761,9.878669360351552,0.0
v1.1-all,1,0.9136754274368286,0.039480537985576956,7.139518359374989,0.0
v1.1-all,1,0.8964110612869263,0.07460607959140662,2.8297041503906257,0.0
v1.1-all,1,0.7203203439712524,0.16624689647346955,3.299726855468748,0.0
v1.1-all,1,0.9374250173568726,0.048567413384740556,1.4696207885742183,0.0
v1.1-all,1,0.9372000694274902,0.04612928688133376,1.3958445434570308,0.0
v1.1-all,1,0.8735370635986328,0.08298460799613999,1.1534777526855464,0.0
v1.1-all,0,0.0,,,
v1.1-all,1,0.9240137338638306,0.05756587209030043,2.1434249511718733,0.0
v1.1-all,1,0.7999652028083801,0.12329308625285791,4.335499023437478,0.0
v1.1-all,1,0.8744350075721741,0.049591381068193045,3.136768554687478,0.0
v1.1-all,1,0.948005735874176,0.029733882370770768,1.1469934326171938,0.0
v1.1-all,1,0.9845620393753052,0.007207091042005935,0.47094428710937564,0.0
v1.1-all,1,0.9552749395370483,0.020455265871636284,1.190408984374983,0.0
v1.1-all,1,0.9446249008178711,0.023305239981155995,2.984751025390608,0.0
v1.1-all,1,0.961814820766449,0.02027334849509986,3.6617965332031304,0.0
v1.1-all,1,0.9245753288269043,0.028568413762883025,1.4967677612304726,0.0
v1.1-all,1,0.9617897868156433,0.016757484862885055,1.1854345336914065,0.0
v1.1-all,1,0.94905024766922,0.023046127675112493,1.6302968994140628,0.0
v1.1-all,1,0.9368078112602234,0.034640316122721726,1.8309658691406412,0.0
v1.1-all,1,0.9212908148765564,0.029844685710721037,1.5796225097656134,0.0
v1.1-all,1,0.9457761645317078,0.02159370776133817,1.527551843261719,0.0
v1.1-all,1,0.8751437067985535,0.08180310146509152,1.3607291503906254,0.0
v1.1-all,1,0.9005199074745178,0.06056865204081616,2.7034613281250017,0.0
v1.1-all,1,0.8599095344543457,0.08669856774647222,1.1840250000000196,0.0
v1.1-all,0,0.0,,,
v1.1-all,1,0.9338361620903015,0.029276626316897463,1.4202124755859415,0.0
v1.1-all,1,0.9390186071395874,0.03814773516433732,2.362740673828114,0.0
v1.1-all,1,0.8942446112632751,0.05950802847511942,4.399001562499961,0.0
v1.1-all,1,0.9291662573814392,0.0309448422076265,2.2873682617187114,0.0
v1.1-all,1,0.8650829195976257,0.06752878541566218,3.1060945312500507,0.0
v1.1-all,0,0.47557729482650757,0.36261377390237165,4.89112716064453,1.0
v1.1-all,1,0.8957656621932983,0.0640976927544947,1.7447391967773456,0.0
v1.1-all,1,0.9039422869682312,0.03862223361845294,1.584113891601561,0.0
v1.1-all,1,0.820136547088623,0.0950541104863565,2.3884808105468665,0.0
v1.1-all,1,0.8189173340797424,0.09768901176200363,1.686835241699221,0.0
v1.1-all,1,0.8296037316322327,0.09923743324611621,1.7135724548339866,0.0
v1.1-all,1,0.8161037564277649,0.09873395877582193,2.5345560546875276,0.0
v1.1-all,1,0.9489815831184387,0.031086136213494306,1.1070692138671916,0.0
v1.1-all,1,0.9077271223068237,0.0528577606343075,2.127085839843744,0.0
v1.1-all,1,0.9171894192695618,0.03873705943009953,2.683329736328119,0.0
v1.1-all,1,0.8555505275726318,0.05015326730456576,1.9121302673339855,0.0
v1.1-all,1,0.8964748978614807,0.03991189820755843,1.8990019287109305,0.0
v1.1-all,1,0.877051830291748,0.04870644621968486,2.2169429931640536,0.0
v1.1-all,1,0.8645867705345154,0.09757038904845132,1.6326745910644505,0.0
v1.1-all,1,0.8547394275665283,0.059479960848294974,5.749851062011722,1.0
v1.1-all,0,0.0,,,
v1.1-all,0,0.0,,,
v1.1-all,1,0.8443762063980103,0.1177713965483607,1.642863873291013,0.0
v1.1-all,1,0.844545304775238,0.07814038877191251,3.1007055664063046,0.0
v1.1-all,1,0.887509286403656,0.04615861995470216,1.7853417968749454,0.0
v1.1-all,1,0.9622089266777039,0.014382115879780763,2.0130748046875055,0.0
v1.1-all,1,0.8798829317092896,0.07463418361680162,3.420659362792975,0.0
v1.1-all,1,0.8702762722969055,0.08219206599136696,2.910577221679688,0.0
v1.1-all,1,0.8855432868003845,0.09974860688765301,3.5110911132812532,0.0
v1.1-all,1,0.6777083277702332,0.3857279780650951,3.9647107910156194,1.0
v1.1-all,0,0.4466231167316437,0.8444669152361849,10.541554748535162,1.0
v1.1-all,1,0.9637504816055298,0.01811203154305751,1.2814606445312506,0.0
v1.1-all,1,0.9096274971961975,0.05427767280883224,1.9180675292968772,0.0
v1.1-all,1,0.5812487602233887,0.466964187027438,4.473701074218752,1.0
v1.1-all,0,0.19121693074703217,1.1741046372607453,8.8320037109375,1.0
v1.1-all,1,0.973852813243866,0.013261657662516142,0.9528554077148499,0.0
v1.1-all,1,0.9218719601631165,0.03783927838346675,1.6009609863281185,0.0
v1.1-all,0,0.31870463490486145,0.5177488143330704,2.7400601074218685,1.0
v1.1-all,1,0.918714165687561,0.03174589948433477,3.5871975585937435,0.0
v1.1-all,1,0.7980585694313049,0.17591684591505544,6.2295497558593524,0.0
v1.1-all,0,0.41919925808906555,0.39235239287278706,17.095601379394537,1.0
v1.1-all,1,0.6293731927871704,0.30570687513638467,24.291646301269537,1.0
v1.1-all,1,0.9622430801391602,0.021931036603707054,0.9776812255859397,0.0
v1.1-all,1,0.7967306971549988,0.0969279871451736,6.151457421875023,1.0
v1.1-all,1,0.9403752684593201,0.06159944391563796,1.8306369140624952,0.0
v1.1-all,1,0.9458935856819153,0.039160360906600196,1.6911010253906227,0.0
v1.1-all,1,0.8847054243087769,0.06656782876012034,2.6349410522460914,0.0
v1.1-all,1,0.7964285016059875,0.17620873753500435,4.868735522460938,0.0
v1.1-all,1,0.940306544303894,0.043042577827429165,4.412849902343737,0.0
v1.1-all,1,0.8604767918586731,0.059385565495040496,3.6486439697265496,0.0
v1.1-all,1,0.8688077330589294,0.06408081846220609,2.784163183593762,0.0
v1.1-all,1,0.8846892714500427,0.0515358642353793,3.453932470703137,0.0
v1.1-all,1,0.8837645649909973,0.06590379526944222,2.305411230468735,0.0
v1.1-all,1,0.9270318150520325,0.029185281517006032,2.25261782226562,0.0
v1.1-all,1,0.9305076599121094,0.02885878270547781,2.1854698425292938,0.0
v1.1-all,1,0.9457021951675415,0.040363116615508766,1.3857684326171835,0.0
v1.1-all,1,0.9519996643066406,0.03039086375372043,2.574707519531273,0.0
v1.1-all,1,0.9468469619750977,0.03893931176897368,1.0268307128906144,0.0
v1.1-all,0,0.0004463396908249706,1.5298248400893752,3.964952514648431,1.0
v1.1-all,1,0.8975593447685242,0.08308269894491276,4.788313195800782,0.0
v1.1-all,1,0.8603103160858154,0.06423576596031831,3.7217817382812655,0.0
v1.1-all,1,0.8985493779182434,0.06084208614042739,3.5392058349609385,0.0
v1.1-all,1,0.8165314793586731,0.09081236550693694,5.282636926269532,0.0
v1.1-all,1,0.9298830628395081,0.046390051872575756,2.6968320556640606,0.0
v1.1-all,1,0.9228654503822327,0.05224911573881093,3.0413060791015596,0.0
v1.1-all,1,0.8194171786308289,0.06202234499379264,3.6101842529296846,0.0
v1.1-all,1,0.9102743864059448,0.06623784278610956,3.6376101074218923,0.0
v1.1-all,1,0.9216081500053406,0.0316552540375162,1.8340864257812655,0.0
v1.1-all,0,0.0,,,
v1.1-all,1,0.9139382839202881,0.0572917934951297,2.797558276367184,0.0
v1.1-all,1,0.8906422257423401,0.09880468429711906,7.567569335937506,0.0
v1.1-all,1,0.8372094631195068,0.10535137722506394,8.068988403320319,0.0
v1.1-all,1,0.9363895654678345,0.0423458607167289,4.174391430664059,0.0
v1.1-all,1,0.9262737035751343,0.04523622086791868,4.4593187988281215,0.0
v1.1-all,0,0.4020150899887085,0.6745598028762938,3.2607104003906215,1.0
v1.1-all,1,0.7803515195846558,0.12867219100711588,9.101138476562511,0.0
v1.1-all,1,0.986544668674469,0.008810685657730459,0.963094287109385,0.0
v1.1-all,1,0.9781376123428345,0.008499742865000316,0.4330596069335968,0.0
v1.1-all,1,0.9771007299423218,0.008787729336496486,0.6653594116210968,0.0
v1.1-all,1,0.9375708103179932,0.04642585744966903,1.156324462890609,0.0
v1.1-all,1,0.8833304047584534,0.0511428303491017,3.3078415527343736,0.0
v1.1-all,1,0.9448341131210327,0.033823241078867944,1.2066542724609377,0.0
v1.1-all,1,0.9286489486694336,0.033159661889347554,1.1742466308593862,0.0
v1.1-all,1,0.5910910964012146,0.3636826581014293,8.441178076171866,1.0
v1.1-all,1,0.7807999849319458,0.12412175067337819,3.6415893066406397,0.0
v1.1-all,1,0.9164103865623474,0.04382104929448801,1.5390251953125471,0.0
v1.1-all,1,0.7291790246963501,0.18458254278165453,9.849745214843722,1.0
v1.1-all,1,0.7379674315452576,0.18586630104552596,4.500933789062515,0.0
v1.1-all,0,0.46609219908714294,0.35816271577050274,13.937452734374972,0.0
v1.1-all,0,0.0,2.2686695252672777,6.989332617187472,1.0
v1.1-all,1,0.9297489523887634,0.03762351986616339,8.481642187499972,0.0
v1.1-all,1,0.9744179248809814,0.01756573772812021,0.8910571777343534,0.0
v1.1-all,0,0.0,,,
v1.1-all,0,0.0,,,
v1.1-all,0,0.0,,,
v1.1-all,0,0.0,,,
v1.1-all,0,0.0,,,
v1.1-all,0,0.0,,,
v1.1-all,0,0.0,,,
v1.1-all,0,0.0,,,
v1.1-all,0,0.0,,,
v1.1-all,0,0.0,,,
v1.1-all,0,0.0,,,
v1.1-all,0,0.0,,,
v1.1-all,0,0.0,,,
v1.1-all,0,0.0,,,
v1.1-all,0,0.0,,,
v1.1-all,0,0.0,,,
v1.1-all,0,0.0,,,
v1.1-all,0,0.0,,,
v1.1-all,0,0.0,,,
v1.1-all,0,0.0,,,
v1.1-all,0,0.0,,,
v1.1-all,0,0.0,,,
v1.1-all,0,0.0,,,
v1.1-all,0,0.0,,,
v1.1-all,0,0.0,,,
v1.1-all,0,0.0,,,
v1.1-all,0,0.0,,,
v1.1-all,0,0.0,,,
v1.1-all,0,0.0,,,
v1.1-all,0,0.0,,,
v1.1-all,0,0.0,,,
v1.1-all,0,0.0,,,
v1.1-all,0,0.0,,,
v1.1-all,0,0.0,,,
v1.1-all,0,0.0,,,
v1.1-all,0,0.0,,,
v1.1-all,0,0.0,,,
v1.1-all,0,0.0,,,
v1.1-all,1,0.9224899411201477,0.05825266965699805,0.7935295166015592,0.0
v1.1-all,1,0.9398574829101562,0.03470999107622121,2.664259082031265,0.0
v1.1-all,1,0.9427535533905029,0.02731964978811218,1.3282267333984379,0.0
v1.1-all,1,0.9447535872459412,0.023625298943898417,1.2125117675781212,0.0
v1.1-all,1,0.9738075137138367,0.009660295303204319,0.7807180175781241,0.0
v1.1-all,1,0.9567281007766724,0.02719679269241504,1.3958291503906253,0.0
v1.1-all,1,0.9443790316581726,0.0353172888489195,1.7539589843750036,0.0
v1.1-all,1,0.9230802059173584,0.03547614492942064,1.0848711547851622,0.0
v1.1-all,1,0.8737910985946655,0.054159108970446596,4.4943714843749945,0.0
v1.1-all,1,0.9343881011009216,0.02778943888248092,1.0930308837890692,0.0
v1.1-all,1,0.9221250414848328,0.05129669710230911,2.724454882812495,0.0
v1.1-all,1,0.9294208884239197,0.03780247676358968,5.866117480468745,0.0
v1.1-all,1,0.9398204684257507,0.026357047130191956,2.419136010742193,0.0
v1.1-all,1,0.9120951890945435,0.039685272728015454,6.501645410156243,0.0
v1.1-all,1,0.9135524034500122,0.042744011396316256,3.896853125000007,0.0
v1.1-all,1,0.8056288361549377,0.07760212421747767,5.093811193847657,0.0
v1.1-all,1,0.8174394369125366,0.14312017884741943,6.711377148437492,1.0
v1.1-all,1,0.7641162276268005,0.12035602020391517,7.79612138671871,0.0
v1.1-all,1,0.707321047782898,0.12845742922963516,6.972306884765629,0.0
v1.1-all,1,0.7438660860061646,0.12061977342877071,5.699039550781208,0.0
v1.1-all,1,0.8087641596794128,0.0966065138607154,6.341261230468746,0.0
v1.1-all,0,0.0,,,
v1.1-all,0,0.0,,,
v1.1-all,1,0.9216840267181396,0.04831428891995328,4.2512709106445286,0.0
v1.1-all,1,0.9409452676773071,0.041348015536310664,5.853874243164057,0.0
v1.1-all,1,0.9563689827919006,0.02505710541453362,1.3951699707031366,0.0
v1.1-all,1,0.9152076840400696,0.06229652615341716,4.412076708984387,0.0
v1.1-all,1,0.9161720871925354,0.038151806250914126,2.2179934082031423,0.0
v1.1-all,1,0.8063464164733887,0.10138357566872461,1.8036948486328157,0.0
v1.1-all,1,0.9137741923332214,0.044041757768113074,1.8487981201171806,0.0
v1.1-all,1,0.8237186074256897,0.10787476315755157,1.504809796142581,0.0
v1.1-all,1,0.8869958519935608,0.04153257038085734,1.743466699218743,0.0
v1.1-all,1,0.9179827570915222,0.05261343878609561,1.8348515869140556,0.0
v1.1-all,1,0.9130614995956421,0.04029236086316023,1.4268250244140575,0.0
v1.1-all,1,0.8426664471626282,0.08510749012847853,3.0139264404296853,0.0
v1.1-all,1,0.9575768709182739,0.01459670732905927,0.6866944824218706,0.0
v1.1-all,1,0.9131726622581482,0.03441056639088017,1.8146928344726518,0.0
v1.1-all,1,0.975142240524292,0.008875137040773978,0.4685879394531298,0.0
v1.1-all,1,0.9111794829368591,0.044933673174075,1.809473974609375,0.0
v1.1-all,1,0.9061594009399414,0.05479550232958833,2.564637731933587,0.0
v1.1-all,1,0.9385604858398438,0.038302831697095634,1.3943891357421876,0.0
v1.1-all,1,0.9278432726860046,0.04403834465667954,2.2461957763671876,0.0
v1.1-all,1,0.8091170787811279,0.10062206781343024,3.5624035644531205,0.0
v1.1-all,1,0.9243996143341064,0.034124161813138584,1.341090185546875,0.0
v1.1-all,1,0.8933027386665344,0.05262449142751258,2.463026171875015,0.0
v1.1-all,1,0.8990688920021057,0.05715094136920005,2.023360498046884,0.0
v1.1-all,1,0.9172685146331787,0.059495724885967265,2.104262646484358,0.0
v1.1-all,1,0.8760571479797363,0.0653040063264863,2.101946582031246,0.0
v1.1-all,1,0.9348185658454895,0.038893508983483385,1.1893868408203119,0.0
v1.1-all,1,0.9110720157623291,0.04118290614756832,1.5321633789062616,0.0
v1.1-all,1,0.8552123308181763,0.09443937460606844,2.191419360351574,0.0
v1.1-all,1,0.8826286792755127,0.08712371554851903,2.2354393066406146,0.0
v1.1-all,1,0.9640844464302063,0.011557607302970481,0.8169991699218713,0.0
v1.1-all,1,0.8599104285240173,0.05933143886708518,8.402097119140649,0.0
v1.1-all,1,0.9533835649490356,0.014644909747624273,1.0144236083984381,0.0
v1.1-all,1,0.9159552454948425,0.03756291714263005,2.5229659179687474,0.0
v1.1-all,1,0.8241727352142334,0.1155722678372882,3.095064501953118,0.0
v1.1-all,1,0.8462609648704529,0.10748358970281441,1.9629713378906217,0.0
v1.1-all,1,0.8356837630271912,0.11156478329272283,3.0075575195312467,0.0
v1.1-all,1,0.8204520344734192,0.11133043936235629,4.47349912109371,0.0
v1.1-all,1,0.9524655938148499,0.029513190467079144,1.188756213378909,0.0
v1.1-all,1,0.8921340703964233,0.0630988635517768,1.4026341796875101,0.0
v1.1-all,1,0.9421557784080505,0.02529978954459736,2.4751037109375034,0.0
v1.1-all,1,0.916317880153656,0.05307075546002941,3.484556811523433,0.0
v1.1-all,0,0.04524635151028633,1.2369824062488746,3.719850012207033,1.0
v1.1-all,1,0.9249852299690247,0.05897766910583863,3.8723970825195266,0.0
v1.1-all,0,0.0,3.5594013937842743,8.46818737792968,1.0
v1.1-all,0,0.0,5.7617050125334845,3.432363159179687,1.0
v1.1-all,1,0.9090988636016846,0.06486076220876616,4.258673327636714,0.0
v1.1-all,0,0.0,7.957905916789951,4.490675585937495,1.0
v1.1-all,1,0.5430755615234375,0.6092882653689154,5.367194238281229,1.0
v1.1-all,0,0.0,,,
v1.1-all,0,0.0,,,
v1.1-all,0,0.0,,,
v1.1-all,1,0.9354159832000732,0.031074414426755854,2.397658312988284,0.0
v1.1-all,1,0.7172680497169495,0.2290761286663789,5.8198852172851545,0.0
v1.1-all,1,0.7508403062820435,0.29572492096352654,5.142360650634764,0.0
v1.1-all,1,0.7456952929496765,0.3058808476937646,5.318962060546873,0.0
v1.1-all,1,0.9337873458862305,0.024675626936128032,1.3922235473632796,0.0
v1.1-all,1,0.8831519484519958,0.08985791848001043,3.5901922607421852,0.0
v1.1-all,1,0.8991526365280151,0.06618535321038697,2.6443762207031227,0.0
v1.1-all,1,0.8987267017364502,0.054996786485832276,2.1973471069335915,0.0
v1.1-all,1,0.9009373784065247,0.04496076545717803,3.6908427246093822,0.0
v1.1-all,1,0.8560313582420349,0.12053708499974157,5.33139143066407,0.0
v1.1-all,1,0.975294828414917,0.012931806857445887,0.686474621582029,0.0
v1.1-all,1,0.9080904722213745,0.053268097246876714,4.1058519042968555,0.0
v1.1-all,1,0.9215895533561707,0.029978728883493892,1.224222680664056,0.0
v1.1-all,1,0.8990961909294128,0.04614213741541583,3.3199937499999805,0.0
v1.1-all,1,0.9443458914756775,0.02381591345091142,1.397701257324215,0.0
v1.1-all,1,0.8307666778564453,0.09583260885579896,2.436366894531261,0.0
v1.1-all,1,0.900212824344635,0.06495877375701503,0.965378320312503,0.0
v1.1-all,1,0.9315032958984375,0.06065211417429361,0.9013753295898468,0.0
v1.1-all,1,0.898368775844574,0.06547317033609322,3.026882031250011,0.0
v1.1-all,1,0.6808180809020996,0.23885808516817722,3.680049902343754,0.0
v1.1-all,1,0.524267852306366,0.3202263574636468,4.312040039062481,0.0
v1.1-all,1,0.7883403897285461,0.10855507941300287,4.134639599609386,0.0
v1.1-all,1,0.9677833914756775,0.0181139307148724,0.8828019653320354,0.0
v1.1-all,1,0.9179072976112366,0.053718274438644756,1.724942138671878,0.0
v1.1-all,1,0.9651921987533569,0.01723957073011756,0.5410035888671842,0.0
v1.1-all,1,0.9453839063644409,0.026517275740584233,0.5883496093749727,0.0
v1.1-all,1,0.928843080997467,0.03120955044042695,2.2060839843750273,0.0
v1.1-all,1,0.9231904745101929,0.04354744627578573,1.8978194824218804,0.0
v1.1-all,1,0.8785157799720764,0.06425351918354592,1.651092529296875,0.0
v1.1-all,1,0.8816770315170288,0.05617710859647763,3.824371337890625,0.0
v1.1-all,1,0.938228189945221,0.03506809272784197,1.0140394897460965,0.0
v1.1-all,1,0.9416956901550293,0.03598442321296736,1.0405363769531277,0.0
v1.1-all,1,0.8713155388832092,0.07214289766244585,2.181640332031236,0.0
v1.1-all,1,0.8971812129020691,0.0848845028750329,2.35330400390626,0.0
v1.1-all,1,0.9490672945976257,0.04151197929287014,4.411415771484371,0.0
v1.1-all,1,0.608984112739563,0.24085871522237923,34.388569628906225,1.0
v1.1-all,1,0.6175398826599121,0.22170050586922913,24.997542773437544,0.0
v1.1-all,1,0.8529419898986816,0.0810869882793885,5.698104296875044,0.0
v1.1-all,1,0.6773476600646973,0.1695088331648426,29.204281469726567,0.0
v1.1-all,1,0.8651745915412903,0.06136917202719851,9.130936230468706,0.0
v1.1-all,1,0.8051348328590393,0.09198744167710309,6.464095507812544,0.0
v1.1-all,1,0.5233004093170166,0.35672912543518254,10.468960424804692,0.0
v1.1-all,0,0.25585123896598816,0.7307193716732896,9.993240917968706,1.0
v1.1-all,1,0.8151088356971741,0.1076443767437947,3.3980423339843924,0.0
v1.1-all,1,0.7383589148521423,0.1741055415617575,19.024386743164058,1.0
v1.1-all,1,0.8231762647628784,0.1308591182313054,7.186050976562456,0.0
v1.1-all,0,0.13062012195587158,5.354836215189707,36.62492690429687,1.0
v1.1-all,1,0.8052909970283508,0.12827684435274617,33.96765456542968,1.0
v1.1-all,1,0.8987456560134888,0.09964784011191515,29.12518291015624,1.0
v1.1-all,1,0.6112747192382812,0.2275626582822655,7.278364062499975,0.0
v1.1-all,1,0.7579654455184937,0.12110923717352118,50.008099218750004,1.0
v1.1-all,1,0.5078999400138855,0.44826859844791284,35.042557324218706,1.0
v1.1-all,1,0.7484611868858337,0.15406612417949042,4.366804003906225,0.0
v1.1-all,1,0.9081657528877258,0.03769479253039915,1.5320068359374943,0.0
v1.1-all,1,0.9064216613769531,0.043587513524495684,1.771501159667963,0.0
v1.1-all,1,0.9184191823005676,0.03438891939879134,1.922254931640623,0.0
v1.1-all,1,0.8970462679862976,0.04444754803853858,3.633924853515623,0.0
v1.1-all,1,0.9504436254501343,0.03492419716573256,2.0872583007812295,0.0
v1.1-all,0,0.0,10.102681052856326,3.4601238525390556,1.0
v1.1-all,0,0.0,,,
v1.1-all,1,0.9002686738967896,0.07593334505957065,5.756119628906248,0.0
v1.1-all,1,0.7509758472442627,0.26165540880810156,9.011307617187498,0.0
v1.1-all,1,0.9293045997619629,0.028212511649722237,1.3801983886718858,0.0
v1.1-all,1,0.9047478437423706,0.04071491342992297,4.225316357421889,0.0
v1.1-all,1,0.9214218854904175,0.06101834733223267,3.643559765625014,0.0
v1.1-all,1,0.9160357117652893,0.04785768453223464,1.6689984619140574,0.0
v1.1-all,1,0.9237020611763,0.02850950627945381,1.1388367187500137,0.0
v1.1-all,0,0.0,,,
v1.1-all,1,0.8944197297096252,0.07969337519291912,2.436919812011716,0.0
v1.1-all,1,0.8796648383140564,0.0960667070028396,2.9375950134277318,0.0
v1.1-all,1,0.869297444820404,0.08988720855938928,2.7486339843749974,0.0
v1.1-all,1,0.7587769627571106,0.1566139295193102,2.3152379882812966,0.0
v1.1-all,1,0.8392841219902039,0.08386834213960354,7.582785546875016,0.0
v1.1-all,1,0.7038891315460205,0.18569166243498197,6.574190478515618,0.0
v1.1-all,1,0.9417418837547302,0.03972904819746209,1.403746459960928,0.0
v1.1-all,1,0.8407154679298401,0.07510619111825331,5.358590185546859,0.0
v1.1-all,1,0.9770504832267761,0.007667955843258427,0.5295306274414031,0.0
v1.1-all,1,0.879228413105011,0.0954941799161815,4.123831689453141,0.0
v1.1-all,0,0.0,,,
v1.1-all,1,0.9161254167556763,0.04750520936997213,1.4275932983398434,0.0
v1.1-all,1,0.8311108946800232,0.10198839165285063,6.793472363281239,0.0
v1.1-all,0,0.03901444375514984,1.0116018849739026,5.3450777832031235,1.0
v1.1-all,0,0.0,,,
v1.1-all,0,0.0,,,
v1.1-all,1,0.9569747447967529,0.021866754101485204,1.2665420776367142,0.0
v1.1-all,1,0.9546769261360168,0.030681638350764786,1.014457690429687,0.0
v1.1-all,1,0.9379835724830627,0.042735592528056365,1.4130096313476557,0.0
v1.1-all,1,0.8328403234481812,0.11049117327451037,3.8518880371093474,0.0
v1.1-all,1,0.9132986664772034,0.038869210284871884,1.5248702148437516,0.0
v1.1-all,1,0.9190938472747803,0.03056718641990362,2.8975198242187616,0.0
v1.1-all,1,0.9446700215339661,0.029151314021564415,2.5404871582031205,0.0
v1.1-all,1,0.899883508682251,0.061999805437420105,4.1316014648437545,0.0
v1.1-all,1,0.9168953895568848,0.053517253162347005,2.980584545898438,0.0
v1.1-all,1,0.9052075743675232,0.053275195412095744,2.967103405761719,0.0
v1.1-all,1,0.9013839364051819,0.051514488980867974,2.869042797851563,0.0
v1.1-all,1,0.8676316142082214,0.05617191123435878,2.7561884765625564,0.0
v1.1-all,1,0.9478630423545837,0.020103412460826663,2.420665966796861,0.0
v1.1-all,1,0.9598693251609802,0.02041807987430865,1.9533791503906173,0.0
v1.1-all,1,0.9646786451339722,0.02497580798926815,0.6757912597656173,0.0
v1.1-all,1,0.9499577879905701,0.023437691256811725,2.1669052734375214,0.0
v1.1-all,1,0.9339633584022522,0.05837744262940013,1.785106304931638,0.0
v1.1-all,1,0.8194102644920349,0.10804655521640377,1.507152203369138,0.0
v1.1-all,1,0.8238434791564941,0.10152888167964222,3.2458785644531076,0.0
v1.1-all,1,0.9514319896697998,0.027185289914392754,1.7368654541015616,0.0
v1.1-all,1,0.8947861194610596,0.06006742679174959,2.2711974609374863,0.0
v1.1-all,1,0.9110121726989746,0.05767660823834194,2.924538562011719,0.0
v1.1-all,1,0.8629432320594788,0.07621746581256747,1.330880114746094,0.0
v1.1-all,1,0.9237364530563354,0.04094404210390398,2.793403271484351,0.0
v1.1-all,1,0.9592339396476746,0.014186269419160772,2.1609423583984437,0.0
v1.1-all,1,0.9253554344177246,0.030796741799545623,4.260826391601569,0.0
v1.1-all,1,0.9324936270713806,0.03519956825558247,3.7397977539062595,0.0
v1.1-all,1,0.9375133514404297,0.03809019078387421,2.3592875488281493,0.0
v1.1-all,1,0.948335587978363,0.04167613731409387,1.8089253417968507,0.0
v1.1-all,1,0.9147593379020691,0.05170598446472839,2.103311547851561,0.0
